run,seed,gen,evals,best_so_far,pop_best,pop_mean,pop_median,sigma_med
0,1000,0,100,100.628,100.628,293.485,304.432,0.01
0,1000,5,590,13.0581,13.0581,56.029,48.7074,0.0110344
0,1000,10,1080,3.06256,3.06256,7.74746,7.09791,0.0109305
0,1000,15,1570,1.43541,1.43541,2.51784,2.33464,0.0106721
0,1000,20,2060,0.848177,0.848177,1.47577,1.4536,0.0136787
0,1000,25,2550,0.848177,0.848177,1.23361,1.20022,0.0109201
0,1000,30,3040,0.528557,0.528557,1.10187,1.08803,0.00750836
0,1000,35,3530,0.528557,0.528557,1.06411,1.05679,0.00672299
0,1000,40,4020,0.528557,0.528557,1.04095,1.04218,0.0051264
0,1000,45,4510,0.528557,0.528557,1.03036,1.03505,0.00480134
0,1000,50,5000,0.528557,0.528557,1.03668,1.03932,0.00332178
0,1000,55,5490,0.435382,0.435382,1.01868,1.0248,0.00283822
0,1000,60,5980,0.435382,0.435382,1.02755,1.02863,0.0033462
0,1000,65,6470,0.435382,0.435382,1.02911,1.03397,0.00449808
0,1000,70,6960,0.334876,0.334876,1.03718,1.04077,0.00399898
0,1000,75,7450,0.334876,0.334876,1.02603,1.03463,0.0027383
0,1000,80,7940,0.334876,0.334876,1.02465,1.03307,0.00256667
0,1000,85,8430,0.334876,0.334876,1.01397,1.03997,0.0026418
0,1000,90,8920,0.334876,0.334876,1.01901,1.04021,0.00300512
0,1000,95,9410,0.334876,0.334876,1.02467,1.04451,0.00308461
0,1000,100,9900,0.281855,0.281855,0.932301,1.02253,0.00248277
0,1000,105,10390,0.159034,0.159034,0.621676,0.54944,0.00159684
0,1000,110,10880,0.0906044,0.0906044,0.383189,0.264847,0.000944852
0,1000,115,11370,0.0717149,0.0717149,0.235603,0.184527,0.000813265
0,1000,120,11860,0.0672607,0.0672607,0.241682,0.13029,0.000701964
0,1000,125,12350,0.0581911,0.0581911,0.152729,0.0969621,0.00049672
0,1000,130,12840,0.0576523,0.0576523,0.107962,0.0834164,0.000436391
0,1000,135,13330,0.0553543,0.0553543,0.0970854,0.0732471,0.000405728
0,1000,140,13820,0.0553543,0.0553543,0.10515,0.0767426,0.000346092
0,1000,145,14310,0.0544853,0.0544853,0.0757648,0.0630764,0.00028045
0,1000,150,14800,0.0543466,0.0543466,0.0707665,0.0599101,0.000200567
0,1000,155,15290,0.0543466,0.0543466,0.0666104,0.0582463,0.000207046
0,1000,160,15780,0.0543067,0.0543067,0.0726815,0.0574793,0.0002527
0,1000,165,16270,0.0542171,0.0542171,0.065942,0.0581639,0.000185682
0,1000,170,16760,0.0542171,0.0542171,0.0630745,0.0566171,0.000132622
0,1000,175,17250,0.0541751,0.0541751,0.0576596,0.0550012,0.000102372
0,1000,180,17740,0.0541744,0.0541744,0.0560343,0.0546826,7.69261e-05
0,1000,185,18230,0.0541526,0.0541526,0.0552441,0.0545848,6.54453e-05
0,1000,190,18720,0.054136,0.054136,0.0548276,0.0543707,5.16812e-05
0,1000,195,19210,0.0541274,0.0541274,0.0549236,0.0542557,4.23839e-05
0,1000,200,19700,0.0541255,0.0541255,0.0545354,0.0542724,3.95891e-05
0,1000,205,20190,0.0541255,0.0541255,0.0545105,0.0542492,3.06518e-05
0,1000,210,20680,0.0541242,0.0541242,0.0543689,0.0541801,2.32368e-05
0,1000,215,21170,0.0541214,0.0541214,0.0543939,0.054174,2.64074e-05
0,1000,220,21660,0.0541214,0.0541214,0.0544451,0.0541766,2.51687e-05
0,1000,225,22150,0.0541209,0.0541209,0.0545579,0.0541648,2.66623e-05
0,1000,230,22640,0.0541206,0.0541206,0.054516,0.0542093,3.29957e-05
0,1000,235,23130,0.0541206,0.0541206,0.0543224,0.0541548,2.37341e-05
0,1000,240,23620,0.05412,0.05412,0.0542198,0.0541514,1.98448e-05
0,1000,245,24110,0.0541198,0.0541198,0.0542042,0.0541428,1.83039e-05
0,1000,250,24600,0.0541192,0.0541192,0.0541477,0.0541308,1.01823e-05
0,1000,255,25090,0.0541188,0.0541188,0.0541398,0.0541286,7.45957e-06
0,1000,260,25580,0.0541186,0.0541186,0.0541411,0.0541225,9.74536e-06
0,1000,265,26070,0.0541183,0.0541183,0.0541354,0.0541229,9.50797e-06
0,1000,270,26560,0.0541183,0.0541183,0.0541524,0.0541255,1.00659e-05
0,1000,275,27050,0.0541182,0.0541182,0.0541578,0.0541253,9.176e-06
0,1000,280,27540,0.0541182,0.0541182,0.0541382,0.0541248,8.05962e-06
0,1000,285,28030,0.0541182,0.0541182,0.0541448,0.0541228,1.04035e-05
0,1000,290,28520,0.0541181,0.0541181,0.0541444,0.0541213,9.03343e-06
0,1000,295,29010,0.0541181,0.0541181,0.0541394,0.054123,9.67067e-06
0,1000,300,29500,0.0541181,0.0541181,0.0541433,0.0541222,9.44109e-06
0,1000,305,29990,0.0541181,0.0541181,0.0542216,0.0541314,1.21274e-05
0,1000,310,30480,0.0541181,0.0541181,0.0541528,0.0541262,1.28019e-05
0,1000,315,30970,0.0541181,0.0541181,0.0541697,0.0541242,1.34064e-05
0,1000,320,31460,0.0541181,0.0541181,0.0541653,0.0541315,1.34942e-05
0,1000,325,31950,0.0541181,0.0541181,0.0541669,0.0541366,1.56033e-05
0,1000,330,32440,0.0541181,0.0541181,0.0542352,0.0541396,2.05779e-05
0,1000,335,32930,0.0541181,0.0541181,0.0542165,0.0541512,2.00106e-05
0,1000,340,33420,0.0541181,0.0541181,0.0542107,0.0541411,1.87175e-05
0,1000,345,33910,0.0541181,0.0541181,0.0542722,0.0541376,2.31884e-05
0,1000,350,34400,0.0541181,0.0541181,0.0542807,0.0541417,2.08858e-05
0,1000,355,34890,0.0541181,0.0541181,0.0542297,0.0541332,1.53236e-05
0,1000,360,35380,0.0541181,0.0541181,0.0541613,0.0541256,1.50789e-05
0,1000,365,35870,0.0541181,0.0541181,0.0542035,0.0541313,1.61225e-05
0,1000,370,36360,0.0541181,0.0541181,0.0541826,0.0541389,1.62365e-05
0,1000,375,36850,0.0541181,0.0541181,0.0541752,0.0541399,1.56496e-05
0,1000,380,37340,0.0541181,0.0541181,0.0543181,0.0541472,2.24357e-05
0,1000,385,37830,0.0541181,0.0541181,0.0543149,0.0541517,2.45931e-05
0,1000,390,38320,0.0541181,0.0541181,0.0542371,0.0541531,2.01215e-05
0,1000,395,38810,0.0541181,0.0541181,0.054231,0.0541677,2.10495e-05
0,1000,400,39300,0.0541181,0.0541181,0.0542695,0.0541562,2.20731e-05
0,1000,405,39790,0.0541181,0.0541181,0.0541744,0.0541385,1.34205e-05
0,1000,410,40280,0.0541181,0.0541181,0.0542871,0.0541495,1.993e-05
0,1000,415,40770,0.0541181,0.0541181,0.0543272,0.0541483,2.23331e-05
0,1000,420,41260,0.0541181,0.0541181,0.0543138,0.0541517,1.81635e-05
0,1000,425,41750,0.0541181,0.0541181,0.0542273,0.0541618,2.17557e-05
0,1000,430,42240,0.0541181,0.0541181,0.0542031,0.0541404,1.89364e-05
0,1000,435,42730,0.0541181,0.0541181,0.0542114,0.054141,1.64373e-05
0,1000,440,43220,0.0541181,0.0541181,0.0542063,0.0541392,1.66348e-05
0,1000,445,43710,0.0541181,0.0541181,0.0541614,0.0541273,1.06759e-05
0,1000,450,44200,0.0541181,0.0541181,0.0542046,0.05413,1.53528e-05
0,1000,455,44690,0.0541181,0.0541181,0.0542089,0.0541368,1.42303e-05
0,1000,460,45180,0.0541181,0.0541181,0.054143,0.0541295,9.15139e-06
0,1000,465,45670,0.0541181,0.0541181,0.0541711,0.05413,1.24322e-05
0,1000,470,46160,0.0541181,0.0541181,0.054192,0.0541307,1.61432e-05
0,1000,475,46650,0.0541181,0.0541181,0.0542376,0.0541327,1.83163e-05
0,1000,480,47140,0.0541181,0.0541181,0.0542303,0.054137,1.75387e-05
0,1000,485,47630,0.0541181,0.0541181,0.0542414,0.0541479,1.54937e-05
0,1000,490,48120,0.0541181,0.0541181,0.0541757,0.0541343,1.15016e-05
0,1000,495,48610,0.0541181,0.0541181,0.0541579,0.0541307,8.23491e-06
0,1000,500,49100,0.0541181,0.0541181,0.0543465,0.0541239,7.93536e-06
0,1000,505,49590,0.0541181,0.0541181,0.0541624,0.054123,1.15814e-05
0,1000,510,50000,0.0541181,0.0541181,0.0541542,0.0541223,1.43673e-05
1,1001,0,100,108.37,108.37,295.742,290.623,0.01
1,1001,5,590,14.0436,14.0436,61.8922,56.6609,0.00820001
1,1001,10,1080,3.22221,3.22221,11.293,10.1003,0.00904921
1,1001,15,1570,1.46944,1.46944,3.09888,2.85256,0.00920858
1,1001,20,2060,1.14209,1.14209,1.43498,1.41538,0.00776068
1,1001,25,2550,0.944847,0.944847,1.13094,1.12083,0.00652806
1,1001,30,3040,0.835583,0.835583,1.06496,1.05827,0.00578061
1,1001,35,3530,0.722464,0.722464,1.054,1.04787,0.00405332
1,1001,40,4020,0.722464,0.722464,1.03723,1.03288,0.00286048
1,1001,45,4510,0.484009,0.484009,1.03541,1.03041,0.00414966
1,1001,50,5000,0.290843,0.290843,0.995089,1.01634,0.0031979
1,1001,55,5490,0.290843,0.290843,1.00632,1.02747,0.00282958
1,1001,60,5980,0.290843,0.290843,1.00707,1.01971,0.00207063
1,1001,65,6470,0.290843,0.290843,0.985149,1.0142,0.00134318
1,1001,70,6960,0.290843,0.290843,0.980561,1.01193,0.00144249
1,1001,75,7450,0.290843,0.290843,0.991027,1.01245,0.00143073
1,1001,80,7940,0.284575,0.284575,0.960145,1.01736,0.00164265
1,1001,85,8430,0.226532,0.226532,0.800016,0.866694,0.00140414
1,1001,90,8920,0.0880177,0.0880177,0.44226,0.362523,0.000993223
1,1001,95,9410,0.0505059,0.0505059,0.314122,0.212655,0.000791999
1,1001,100,9900,0.0310149,0.0310149,0.114987,0.0812694,0.000476007
1,1001,105,10390,0.0266866,0.0266866,0.0793612,0.0439109,0.00030234
1,1001,110,10880,0.0254719,0.0254719,0.0401968,0.0321635,0.000178401
1,1001,115,11370,0.0250193,0.0250193,0.0317106,0.0275535,0.000138478
1,1001,120,11860,0.0248377,0.0248377,0.028465,0.0264568,0.00011704
1,1001,125,12350,0.0247422,0.0247422,0.0284356,0.0265372,0.000100321
1,1001,130,12840,0.0246657,0.0246657,0.0269441,0.0253271,8.6186e-05
1,1001,135,13330,0.0246546,0.0246546,0.0266477,0.0253075,6.81215e-05
1,1001,140,13820,0.0246286,0.0246286,0.025732,0.0249898,5.49582e-05
1,1001,145,14310,0.0246286,0.0246286,0.0254657,0.0248319,5.05702e-05
1,1001,150,14800,0.0246221,0.0246221,0.0250768,0.0247571,3.61392e-05
1,1001,155,15290,0.0246155,0.0246155,0.0249939,0.0247419,3.34911e-05
1,1001,160,15780,0.0246105,0.0246105,0.0249896,0.0247285,2.7541e-05
1,1001,165,16270,0.0246068,0.0246068,0.0246926,0.0246477,1.46371e-05
1,1001,170,16760,0.0246046,0.0246046,0.0246585,0.0246319,1.18813e-05
1,1001,175,17250,0.0246042,0.0246042,0.0246956,0.0246211,1.56804e-05
1,1001,180,17740,0.0246038,0.0246038,0.0246307,0.0246117,1.08952e-05
1,1001,185,18230,0.0246034,0.0246034,0.024644,0.0246109,9.5391e-06
1,1001,190,18720,0.0246033,0.0246033,0.0246313,0.0246088,7.91387e-06
1,1001,195,19210,0.024603,0.024603,0.0246206,0.024609,7.4157e-06
1,1001,200,19700,0.0246029,0.0246029,0.0246199,0.0246086,8.73244e-06
1,1001,205,20190,0.0246029,0.0246029,0.0246123,0.024607,6.59558e-06
1,1001,210,20680,0.0246028,0.0246028,0.024616,0.0246064,6.62471e-06
1,1001,215,21170,0.0246028,0.0246028,0.0246125,0.0246065,5.29067e-06
1,1001,220,21660,0.0246027,0.0246027,0.0246141,0.024605,4.82542e-06
1,1001,225,22150,0.0246027,0.0246027,0.0246146,0.0246051,4.22677e-06
1,1001,230,22640,0.0246027,0.0246027,0.024613,0.0246042,4.00456e-06
1,1001,235,23130,0.0246027,0.0246027,0.0246048,0.0246035,2.00038e-06
1,1001,240,23620,0.0246027,0.0246027,0.0246036,0.0246031,1.42307e-06
1,1001,245,24110,0.0246027,0.0246027,0.0246032,0.0246029,1.15629e-06
1,1001,250,24600,0.0246027,0.0246027,0.0246033,0.0246028,1.27964e-06
1,1001,255,25090,0.0246027,0.0246027,0.024603,0.0246028,9.69994e-07
1,1001,260,25580,0.0246027,0.0246027,0.0246029,0.0246027,9.01091e-07
1,1001,265,26070,0.0246027,0.0246027,0.0246029,0.0246027,6.70834e-07
1,1001,270,26560,0.0246027,0.0246027,0.0246028,0.0246027,5.71279e-07
1,1001,275,27050,0.0246027,0.0246027,0.0246028,0.0246027,4.96194e-07
1,1001,280,27540,0.0246027,0.0246027,0.0246028,0.0246027,5.12436e-07
1,1001,285,28030,0.0246027,0.0246027,0.0246028,0.0246027,4.67635e-07
1,1001,290,28520,0.0246027,0.0246027,0.0246028,0.0246027,4.00273e-07
1,1001,295,29010,0.0246027,0.0246027,0.0246028,0.0246027,3.90449e-07
1,1001,300,29500,0.0246027,0.0246027,0.0246028,0.0246027,4.09637e-07
1,1001,305,29990,0.0246027,0.0246027,0.0246028,0.0246027,3.56797e-07
1,1001,310,30480,0.0246027,0.0246027,0.0246027,0.0246027,3.61492e-07
1,1001,315,30970,0.0246027,0.0246027,0.0246027,0.0246027,3.37443e-07
1,1001,320,31460,0.0246027,0.0246027,0.0246027,0.0246027,3.6315e-07
1,1001,325,31950,0.0246027,0.0246027,0.0246027,0.0246027,3.03853e-07
1,1001,330,32440,0.0246027,0.0246027,0.0246027,0.0246027,2.78903e-07
1,1001,335,32930,0.0246027,0.0246027,0.0246027,0.0246027,2.53194e-07
1,1001,340,33420,0.0246027,0.0246027,0.0246027,0.0246027,2.80818e-07
1,1001,345,33910,0.0246027,0.0246027,0.0246027,0.0246027,2.921e-07
1,1001,350,34400,0.0246027,0.0246027,0.0246027,0.0246027,1.71716e-07
1,1001,355,34890,0.0246027,0.0246027,0.0246027,0.0246027,1.22651e-07
1,1001,360,35380,0.0246027,0.0246027,0.0246027,0.0246027,9.33657e-08
1,1001,365,35870,0.0246027,0.0246027,0.0246027,0.0246027,7.538e-08
1,1001,370,36360,0.0246027,0.0246027,0.0246027,0.0246027,7.53506e-08
1,1001,375,36850,0.0246027,0.0246027,0.0246027,0.0246027,6.35898e-08
1,1001,380,37340,0.0246027,0.0246027,0.0246027,0.0246027,7.11109e-08
1,1001,385,37830,0.0246027,0.0246027,0.0246027,0.0246027,6.05075e-08
1,1001,390,38320,0.0246027,0.0246027,0.0246027,0.0246027,4.78448e-08
1,1001,395,38810,0.0246027,0.0246027,0.0246027,0.0246027,5.07318e-08
1,1001,400,39300,0.0246027,0.0246027,0.0246027,0.0246027,3.71492e-08
1,1001,405,39790,0.0246027,0.0246027,0.0246027,0.0246027,2.68212e-08
1,1001,410,40280,0.0246027,0.0246027,0.0246027,0.0246027,1.52863e-08
1,1001,415,40770,0.0246027,0.0246027,0.0246027,0.0246027,1.95909e-08
1,1001,420,41260,0.0246027,0.0246027,0.0246027,0.0246027,2.13277e-08
1,1001,425,41750,0.0246027,0.0246027,0.0246027,0.0246027,1.81314e-08
1,1001,430,42240,0.0246027,0.0246027,0.0246027,0.0246027,1.14753e-08
1,1001,435,42730,0.0246027,0.0246027,0.0246027,0.0246027,8.46351e-09
1,1001,440,43220,0.0246027,0.0246027,0.0246027,0.0246027,6.72011e-09
1,1001,445,43710,0.0246027,0.0246027,0.0246027,0.0246027,4.37192e-09
1,1001,450,44200,0.0246027,0.0246027,0.0246027,0.0246027,2.65227e-09
1,1001,455,44690,0.0246027,0.0246027,0.0246027,0.0246027,1.88069e-09
1,1001,460,45180,0.0246027,0.0246027,0.0246027,0.0246027,2.50313e-09
1,1001,465,45670,0.0246027,0.0246027,0.0246027,0.0246027,1.91046e-09
1,1001,470,46160,0.0246027,0.0246027,0.0246027,0.0246027,1.66044e-09
1,1001,475,46650,0.0246027,0.0246027,0.0246027,0.0246027,1.67939e-09
1,1001,480,47140,0.0246027,0.0246027,0.0246027,0.0246027,1.3596e-09
1,1001,485,47630,0.0246027,0.0246027,0.0246027,0.0246027,1.32989e-09
1,1001,490,48120,0.0246027,0.0246027,0.0246027,0.0246027,1.45624e-09
1,1001,495,48610,0.0246027,0.0246027,0.0246027,0.0246027,1.43737e-09
1,1001,500,49100,0.0246027,0.0246027,0.0246027,0.0246027,1.40203e-09
1,1001,505,49590,0.0246027,0.0246027,0.0246027,0.0246027,1.38463e-09
1,1001,510,50000,0.0246027,0.0246027,0.0246027,0.0246027,1.32554e-09
2,1002,0,100,103.106,103.106,301.662,302.775,0.01
2,1002,5,590,19.7623,19.7623,72.0495,65.1666,0.00973782
2,1002,10,1080,5.52328,5.52328,15.7982,15.9063,0.0123331
2,1002,15,1570,1.92036,1.92036,3.82669,3.62347,0.00997325
2,1002,20,2060,1.23276,1.23276,1.67106,1.60285,0.00907018
2,1002,25,2550,0.991126,0.991126,1.25072,1.22515,0.00618647
2,1002,30,3040,0.87337,0.87337,1.09712,1.09002,0.00646627
2,1002,35,3530,0.625181,0.625181,1.07487,1.06003,0.00639716
2,1002,40,4020,0.625181,0.625181,1.03947,1.04173,0.00678137
2,1002,45,4510,0.625181,0.625181,1.04479,1.03622,0.00667689
2,1002,50,5000,0.625181,0.625181,1.02508,1.04007,0.00478627
2,1002,55,5490,0.398265,0.398265,1.02469,1.03259,0.0036958
2,1002,60,5980,0.398265,0.398265,1.0168,1.02115,0.00293401
2,1002,65,6470,0.392592,0.392592,1.00051,1.0186,0.00287658
2,1002,70,6960,0.280872,0.280872,1.01228,1.02988,0.00220517
2,1002,75,7450,0.199657,0.199657,0.997629,1.0237,0.00216628
2,1002,80,7940,0.199657,0.199657,0.971331,1.01424,0.00143163
2,1002,85,8430,0.0922525,0.0922525,0.551619,0.511337,0.000943908
2,1002,90,8920,0.0787334,0.0787334,0.34517,0.262786,0.000891206
2,1002,95,9410,0.0538928,0.0538928,0.248306,0.154611,0.000740271
2,1002,100,9900,0.0388031,0.0388031,0.102372,0.0784393,0.000488799
2,1002,105,10390,0.0363822,0.0363822,0.0839587,0.0525975,0.000432363
2,1002,110,10880,0.0358362,0.0358362,0.0676548,0.046992,0.00039609
2,1002,115,11370,0.0353745,0.0353745,0.0767232,0.0417195,0.000297418
2,1002,120,11860,0.0347141,0.0347141,0.0541491,0.040982,0.000254576
2,1002,125,12350,0.0346305,0.0346305,0.0584791,0.0382488,0.000232827
2,1002,130,12840,0.0346305,0.0346305,0.0549977,0.0379484,0.00019665
2,1002,135,13330,0.0345068,0.0345068,0.0463088,0.0369343,0.000173567
2,1002,140,13820,0.0344615,0.0344615,0.0390344,0.036975,0.000123978
2,1002,145,14310,0.0344483,0.0344483,0.0385326,0.0358437,0.000106986
2,1002,150,14800,0.03443,0.03443,0.0362699,0.0352256,8.58095e-05
2,1002,155,15290,0.0344218,0.0344218,0.0357171,0.0347876,6.83516e-05
2,1002,160,15780,0.0344177,0.0344177,0.0353241,0.0346564,6.16739e-05
2,1002,165,16270,0.0344177,0.0344177,0.0347764,0.0345354,3.87099e-05
2,1002,170,16760,0.0344177,0.0344177,0.0351443,0.0345417,3.05507e-05
2,1002,175,17250,0.0344155,0.0344155,0.0345479,0.0344727,2.40656e-05
2,1002,180,17740,0.034415,0.034415,0.0344893,0.0344358,1.88898e-05
2,1002,185,18230,0.0344143,0.0344143,0.0344581,0.0344282,1.32286e-05
2,1002,190,18720,0.0344139,0.0344139,0.0344311,0.0344191,8.49054e-06
2,1002,195,19210,0.0344136,0.0344136,0.0344322,0.0344174,7.87895e-06
2,1002,200,19700,0.0344135,0.0344135,0.0344293,0.0344165,6.35051e-06
2,1002,205,20190,0.0344135,0.0344135,0.0344204,0.0344163,4.84159e-06
2,1002,210,20680,0.0344135,0.0344135,0.0344245,0.0344163,5.25803e-06
2,1002,215,21170,0.0344134,0.0344134,0.034427,0.0344164,6.01065e-06
2,1002,220,21660,0.0344134,0.0344134,0.0344285,0.0344163,5.81265e-06
2,1002,225,22150,0.0344134,0.0344134,0.0344216,0.0344156,5.17879e-06
2,1002,230,22640,0.0344134,0.0344134,0.0344261,0.0344165,6.35133e-06
2,1002,235,23130,0.0344134,0.0344134,0.0344226,0.0344152,5.43071e-06
2,1002,240,23620,0.0344134,0.0344134,0.0344184,0.0344143,4.35388e-06
2,1002,245,24110,0.0344134,0.0344134,0.0344174,0.0344142,3.45711e-06
2,1002,250,24600,0.0344134,0.0344134,0.034416,0.0344143,4.12424e-06
2,1002,255,25090,0.0344134,0.0344134,0.0344157,0.034414,3.1614e-06
2,1002,260,25580,0.0344134,0.0344134,0.0344171,0.0344143,2.98169e-06
2,1002,265,26070,0.0344134,0.0344134,0.0344166,0.034414,3.06255e-06
2,1002,270,26560,0.0344134,0.0344134,0.0344167,0.034414,2.48407e-06
2,1002,275,27050,0.0344134,0.0344134,0.0344159,0.0344142,2.90253e-06
2,1002,280,27540,0.0344134,0.0344134,0.0344146,0.0344138,2.15765e-06
2,1002,285,28030,0.0344134,0.0344134,0.0344155,0.0344137,2.65204e-06
2,1002,290,28520,0.0344134,0.0344134,0.0344145,0.0344138,2.25413e-06
2,1002,295,29010,0.0344134,0.0344134,0.034415,0.0344138,2.6923e-06
2,1002,300,29500,0.0344134,0.0344134,0.0344157,0.034414,2.00888e-06
2,1002,305,29990,0.0344134,0.0344134,0.0344138,0.0344135,1.23763e-06
2,1002,310,30480,0.0344134,0.0344134,0.034414,0.0344135,1.42953e-06
2,1002,315,30970,0.0344134,0.0344134,0.0344139,0.0344135,1.05609e-06
2,1002,320,31460,0.0344134,0.0344134,0.0344139,0.0344135,1.32713e-06
2,1002,325,31950,0.0344134,0.0344134,0.0344137,0.0344134,1.06435e-06
2,1002,330,32440,0.0344134,0.0344134,0.0344139,0.0344135,1.14264e-06
2,1002,335,32930,0.0344134,0.0344134,0.0344137,0.0344134,9.45659e-07
2,1002,340,33420,0.0344134,0.0344134,0.0344136,0.0344134,8.37558e-07
2,1002,345,33910,0.0344134,0.0344134,0.0344135,0.0344134,8.84214e-07
2,1002,350,34400,0.0344134,0.0344134,0.0344134,0.0344134,6.2579e-07
2,1002,355,34890,0.0344134,0.0344134,0.0344134,0.0344134,4.77275e-07
2,1002,360,35380,0.0344134,0.0344134,0.0344134,0.0344134,2.95106e-07
2,1002,365,35870,0.0344134,0.0344134,0.0344134,0.0344134,3.39044e-07
2,1002,370,36360,0.0344134,0.0344134,0.0344134,0.0344134,2.00162e-07
2,1002,375,36850,0.0344134,0.0344134,0.0344134,0.0344134,2.38614e-07
2,1002,380,37340,0.0344134,0.0344134,0.0344134,0.0344134,2.40803e-07
2,1002,385,37830,0.0344134,0.0344134,0.0344134,0.0344134,2.46362e-07
2,1002,390,38320,0.0344134,0.0344134,0.0344134,0.0344134,2.12745e-07
2,1002,395,38810,0.0344134,0.0344134,0.0344134,0.0344134,1.78433e-07
2,1002,400,39300,0.0344134,0.0344134,0.0344134,0.0344134,1.50905e-07
2,1002,405,39790,0.0344134,0.0344134,0.0344134,0.0344134,1.20146e-07
2,1002,410,40280,0.0344134,0.0344134,0.0344134,0.0344134,1.37037e-07
2,1002,415,40770,0.0344134,0.0344134,0.0344134,0.0344134,1.24072e-07
2,1002,420,41260,0.0344134,0.0344134,0.0344134,0.0344134,1.16478e-07
2,1002,425,41750,0.0344134,0.0344134,0.0344134,0.0344134,9.06387e-08
2,1002,430,42240,0.0344134,0.0344134,0.0344134,0.0344134,7.91572e-08
2,1002,435,42730,0.0344134,0.0344134,0.0344134,0.0344134,8.72402e-08
2,1002,440,43220,0.0344134,0.0344134,0.0344134,0.0344134,6.18139e-08
2,1002,445,43710,0.0344134,0.0344134,0.0344134,0.0344134,6.61629e-08
2,1002,450,44200,0.0344134,0.0344134,0.0344134,0.0344134,7.37584e-08
2,1002,455,44690,0.0344134,0.0344134,0.0344134,0.0344134,7.43706e-08
2,1002,460,45180,0.0344134,0.0344134,0.0344134,0.0344134,6.7451e-08
2,1002,465,45670,0.0344134,0.0344134,0.0344134,0.0344134,5.33709e-08
2,1002,470,46160,0.0344134,0.0344134,0.0344134,0.0344134,5.62297e-08
2,1002,475,46650,0.0344134,0.0344134,0.0344134,0.0344134,3.83664e-08
2,1002,480,47140,0.0344134,0.0344134,0.0344134,0.0344134,3.62391e-08
2,1002,485,47630,0.0344134,0.0344134,0.0344134,0.0344134,4.06555e-08
2,1002,490,48120,0.0344134,0.0344134,0.0344134,0.0344134,2.72526e-08
2,1002,495,48610,0.0344134,0.0344134,0.0344134,0.0344134,2.54352e-08
2,1002,500,49100,0.0344134,0.0344134,0.0344134,0.0344134,2.61463e-08
2,1002,505,49590,0.0344134,0.0344134,0.0344134,0.0344134,2.38772e-08
2,1002,510,50000,0.0344134,0.0344134,0.0344134,0.0344134,1.82473e-08
3,1003,0,100,113.617,113.617,308.072,301.35,0.01
3,1003,5,590,19.4354,19.4354,70.8547,65.1726,0.0101787
3,1003,10,1080,6.92747,6.92747,14.6714,13.8523,0.0092019
3,1003,15,1570,1.96832,1.96832,4.39672,4.29503,0.00728416
3,1003,20,2060,1.1661,1.1661,1.77389,1.6696,0.0086483
3,1003,25,2550,0.878087,0.878087,1.26773,1.23869,0.0102348
3,1003,30,3040,0.871368,0.871368,1.13258,1.11165,0.00885654
3,1003,35,3530,0.737544,0.737544,1.0662,1.06148,0.00699125
3,1003,40,4020,0.737544,0.737544,1.05852,1.04379,0.0061919
3,1003,45,4510,0.503585,0.503585,1.06411,1.06051,0.00615756
3,1003,50,5000,0.503585,0.503585,1.03712,1.04579,0.00651464
3,1003,55,5490,0.503585,0.503585,1.03938,1.03929,0.00567589
3,1003,60,5980,0.503585,0.503585,1.04584,1.04605,0.0058273
3,1003,65,6470,0.433735,0.433735,1.02086,1.03153,0.00449806
3,1003,70,6960,0.353101,0.353101,1.0291,1.03751,0.00331153
3,1003,75,7450,0.353101,0.353101,1.00063,1.02522,0.0027536
3,1003,80,7940,0.353101,0.353101,1.02582,1.04607,0.00272484
3,1003,85,8430,0.353101,0.353101,0.995786,1.03026,0.0026361
3,1003,90,8920,0.353101,0.353101,0.993008,1.02606,0.00163353
3,1003,95,9410,0.326001,0.326001,0.868586,0.934192,0.00144117
3,1003,100,9900,0.142719,0.142719,0.557435,0.474712,0.00118591
3,1003,105,10390,0.0820152,0.0820152,0.314983,0.222796,0.000885749
3,1003,110,10880,0.0519469,0.0519469,0.188117,0.130536,0.000570199
3,1003,115,11370,0.0438467,0.0438467,0.104408,0.0732407,0.000391794
3,1003,120,11860,0.0383474,0.0383474,0.067961,0.0542906,0.000342642
3,1003,125,12350,0.0360986,0.0360986,0.0617649,0.0425278,0.00025494
3,1003,130,12840,0.0350034,0.0350034,0.0548241,0.0399133,0.000271694
3,1003,135,13330,0.0347839,0.0347839,0.0506764,0.0392137,0.000221373
3,1003,140,13820,0.0347033,0.0347033,0.0468585,0.0366397,0.000164015
3,1003,145,14310,0.034587,0.034587,0.0409711,0.0360108,0.000141435
3,1003,150,14800,0.0345164,0.0345164,0.0377996,0.035556,0.000112652
3,1003,155,15290,0.0345164,0.0345164,0.0371985,0.0351359,8.01159e-05
3,1003,160,15780,0.0345164,0.0345164,0.0362102,0.0349696,8.14891e-05
3,1003,165,16270,0.0345164,0.0345164,0.0364781,0.035085,7.99602e-05
3,1003,170,16760,0.0345164,0.0345164,0.0355365,0.0348561,5.1317e-05
3,1003,175,17250,0.0345164,0.0345164,0.0351876,0.0346886,4.36781e-05
3,1003,180,17740,0.034511,0.034511,0.0348885,0.0346308,2.92604e-05
3,1003,185,18230,0.0345092,0.0345092,0.0346075,0.0345558,1.77788e-05
3,1003,190,18720,0.0345079,0.0345079,0.0345472,0.0345261,1.087e-05
3,1003,195,19210,0.0345046,0.0345046,0.0345222,0.0345147,6.1664e-06
3,1003,200,19700,0.0345031,0.0345031,0.03451,0.0345069,3.79445e-06
3,1003,205,20190,0.0345023,0.0345023,0.0345093,0.0345043,2.89409e-06
3,1003,210,20680,0.034502,0.034502,0.0345041,0.0345033,2.56903e-06
3,1003,215,21170,0.0345018,0.0345018,0.0345031,0.0345025,1.58545e-06
3,1003,220,21660,0.0345018,0.0345018,0.0345027,0.034502,1.6922e-06
3,1003,225,22150,0.0345018,0.0345018,0.0345028,0.034502,1.71531e-06
3,1003,230,22640,0.0345018,0.0345018,0.0345024,0.0345019,1.41903e-06
3,1003,235,23130,0.0345018,0.0345018,0.034502,0.0345018,9.05965e-07
3,1003,240,23620,0.0345018,0.0345018,0.034502,0.0345018,6.84076e-07
3,1003,245,24110,0.0345018,0.0345018,0.0345018,0.0345018,6.12313e-07
3,1003,250,24600,0.0345018,0.0345018,0.0345019,0.0345018,5.43374e-07
3,1003,255,25090,0.0345018,0.0345018,0.0345018,0.0345018,3.87947e-07
3,1003,260,25580,0.0345018,0.0345018,0.0345018,0.0345018,3.12301e-07
3,1003,265,26070,0.0345018,0.0345018,0.0345018,0.0345018,2.19444e-07
3,1003,270,26560,0.0345018,0.0345018,0.0345018,0.0345018,1.37478e-07
3,1003,275,27050,0.0345018,0.0345018,0.0345018,0.0345018,9.77241e-08
3,1003,280,27540,0.0345018,0.0345018,0.0345018,0.0345018,5.97932e-08
3,1003,285,28030,0.0345018,0.0345018,0.0345018,0.0345018,3.61517e-08
3,1003,290,28520,0.0345018,0.0345018,0.0345018,0.0345018,2.38489e-08
3,1003,295,29010,0.0345018,0.0345018,0.0345018,0.0345018,2.05822e-08
3,1003,300,29500,0.0345018,0.0345018,0.0345018,0.0345018,1.39529e-08
3,1003,305,29990,0.0345018,0.0345018,0.0345018,0.0345018,1.58349e-08
3,1003,310,30480,0.0345018,0.0345018,0.0345018,0.0345018,1.32441e-08
3,1003,315,30970,0.0345018,0.0345018,0.0345018,0.0345018,1.63106e-08
3,1003,320,31460,0.0345018,0.0345018,0.0345018,0.0345018,1.42266e-08
3,1003,325,31950,0.0345018,0.0345018,0.0345018,0.0345018,9.60473e-09
3,1003,330,32440,0.0345018,0.0345018,0.0345018,0.0345018,9.18297e-09
3,1003,335,32930,0.0345018,0.0345018,0.0345018,0.0345018,6.88401e-09
3,1003,340,33420,0.0345018,0.0345018,0.0345018,0.0345018,4.19997e-09
3,1003,345,33910,0.0345018,0.0345018,0.0345018,0.0345018,3.62531e-09
3,1003,350,34400,0.0345018,0.0345018,0.0345018,0.0345018,2.87659e-09
3,1003,355,34890,0.0345018,0.0345018,0.0345018,0.0345018,2.7422e-09
3,1003,360,35380,0.0345018,0.0345018,0.0345018,0.0345018,2.72807e-09
3,1003,365,35870,0.0345018,0.0345018,0.0345018,0.0345018,2.34187e-09
3,1003,370,36360,0.0345018,0.0345018,0.0345018,0.0345018,2.04506e-09
3,1003,375,36850,0.0345018,0.0345018,0.0345018,0.0345018,1.92044e-09
3,1003,380,37340,0.0345018,0.0345018,0.0345018,0.0345018,2.04216e-09
3,1003,385,37830,0.0345018,0.0345018,0.0345018,0.0345018,1.77208e-09
3,1003,390,38320,0.0345018,0.0345018,0.0345018,0.0345018,1.48288e-09
3,1003,395,38810,0.0345018,0.0345018,0.0345018,0.0345018,1.49647e-09
3,1003,400,39300,0.0345018,0.0345018,0.0345018,0.0345018,1.68738e-09
3,1003,405,39790,0.0345018,0.0345018,0.0345018,0.0345018,1.91343e-09
3,1003,410,40280,0.0345018,0.0345018,0.0345018,0.0345018,1.33665e-09
3,1003,415,40770,0.0345018,0.0345018,0.0345018,0.0345018,1.62482e-09
3,1003,420,41260,0.0345018,0.0345018,0.0345018,0.0345018,1.69915e-09
3,1003,425,41750,0.0345018,0.0345018,0.0345018,0.0345018,1.68016e-09
3,1003,430,42240,0.0345018,0.0345018,0.0345018,0.0345018,1.86111e-09
3,1003,435,42730,0.0345018,0.0345018,0.0345018,0.0345018,2.05555e-09
3,1003,440,43220,0.0345018,0.0345018,0.0345018,0.0345018,2.15722e-09
3,1003,445,43710,0.0345018,0.0345018,0.0345018,0.0345018,2.23746e-09
3,1003,450,44200,0.0345018,0.0345018,0.0345018,0.0345018,2.11083e-09
3,1003,455,44690,0.0345018,0.0345018,0.0345018,0.0345018,1.99349e-09
3,1003,460,45180,0.0345018,0.0345018,0.0345018,0.0345018,2.51608e-09
3,1003,465,45670,0.0345018,0.0345018,0.0345018,0.0345018,1.83411e-09
3,1003,470,46160,0.0345018,0.0345018,0.0345018,0.0345018,2.61602e-09
3,1003,475,46650,0.0345018,0.0345018,0.0345018,0.0345018,2.99515e-09
3,1003,480,47140,0.0345018,0.0345018,0.0345018,0.0345018,2.43011e-09
3,1003,485,47630,0.0345018,0.0345018,0.0345018,0.0345018,2.53373e-09
3,1003,490,48120,0.0345018,0.0345018,0.0345018,0.0345018,2.1231e-09
3,1003,495,48610,0.0345018,0.0345018,0.0345018,0.0345018,1.71365e-09
3,1003,500,49100,0.0345018,0.0345018,0.0345018,0.0345018,1.7337e-09
3,1003,505,49590,0.0345018,0.0345018,0.0345018,0.0345018,1.74931e-09
3,1003,510,50000,0.0345018,0.0345018,0.0345018,0.0345018,1.86079e-09
4,1004,0,100,87.1399,87.1399,304.782,309.677,0.01
4,1004,5,590,10.0799,10.0799,71.8782,66.94,0.0103832
4,1004,10,1080,3.24665,3.24665,9.64172,8.93279,0.0106389
4,1004,15,1570,1.58736,1.58736,3.01164,2.72528,0.0103288
4,1004,20,2060,1.09829,1.09829,1.44903,1.41534,0.0118565
4,1004,25,2550,0.900176,0.900176,1.21892,1.1545,0.00839499
4,1004,30,3040,0.833312,0.833312,1.10013,1.07461,0.00664387
4,1004,35,3530,0.745481,0.745481,1.05198,1.04095,0.00566231
4,1004,40,4020,0.488869,0.488869,1.04397,1.03119,0.00545108
4,1004,45,4510,0.433105,0.433105,1.00758,1.02732,0.00457812
4,1004,50,5000,0.400037,0.400037,0.995401,1.02188,0.00356673
4,1004,55,5490,0.347496,0.347496,0.967924,1.00575,0.00286807
4,1004,60,5980,0.234975,0.234975,0.9241,0.97261,0.00332016
4,1004,65,6470,0.0892463,0.0892463,0.770971,0.814235,0.00336617
4,1004,70,6960,0.0625467,0.0625467,0.658545,0.493695,0.00231903
4,1004,75,7450,0.0263692,0.0263692,0.401286,0.219116,0.00153207
4,1004,80,7940,0.0184067,0.0184067,0.300422,0.157381,0.00113196
4,1004,85,8430,0.00972963,0.00972963,0.169691,0.0683175,0.000744228
4,1004,90,8920,0.00222734,0.00222734,0.070603,0.0310934,0.000530303
4,1004,95,9410,0.00122998,0.00122998,0.0608835,0.0179982,0.000353513
4,1004,100,9900,0.00112306,0.00112306,0.0166718,0.0068157,0.000227204
4,1004,105,10390,0.000785199,0.000785199,0.0152398,0.00390529,0.000157562
4,1004,110,10880,0.000188944,0.000188944,0.00715247,0.00294366,0.000139498
4,1004,115,11370,0.000143577,0.000143577,0.00635611,0.0015389,0.000122086
4,1004,120,11860,7.67073e-05,7.67073e-05,0.00360861,0.000800207,8.04085e-05
4,1004,125,12350,3.22867e-05,3.22867e-05,0.00390826,0.00067635,0.000101206
4,1004,130,12840,2.70515e-05,2.70515e-05,0.00243812,0.000666726,7.10747e-05
4,1004,135,13330,2.70515e-05,2.70515e-05,0.000818378,0.000275994,4.19074e-05
4,1004,140,13820,2.43621e-05,2.43621e-05,0.000752177,0.000166122,4.85159e-05
4,1004,145,14310,1.20643e-05,1.20643e-05,0.000416815,9.87448e-05,3.14257e-05
4,1004,150,14800,5.49977e-06,5.49977e-06,9.82363e-05,4.97925e-05,1.85677e-05
4,1004,155,15290,1.54654e-06,1.54654e-06,3.29709e-05,1.69626e-05,1.20536e-05
4,1004,160,15780,9.06475e-07,9.06475e-07,5.26072e-05,1.7805e-05,1.19926e-05
4,1004,165,16270,7.88855e-07,7.88855e-07,4.29061e-05,1.55487e-05,1.03742e-05
4,1004,170,16760,6.63615e-07,6.63615e-07,3.76577e-05,1.4676e-05,1.15857e-05
4,1004,175,17250,4.76983e-07,4.76983e-07,3.00699e-05,1.10553e-05,9.52086e-06
4,1004,180,17740,3.9464e-07,3.9464e-07,2.37244e-05,7.03785e-06,7.58732e-06
4,1004,185,18230,3.41196e-07,3.41196e-07,1.47888e-05,5.17918e-06,7.11853e-06
4,1004,190,18720,2.80345e-07,2.80345e-07,3.14934e-05,7.6609e-06,8.74343e-06
4,1004,195,19210,1.558e-07,1.558e-07,1.88467e-05,4.90217e-06,7.62691e-06
4,1004,200,19700,9.48007e-08,9.48007e-08,1.24987e-05,3.72112e-06,6.6445e-06
4,1004,205,20190,4.62238e-08,4.62238e-08,1.36675e-05,2.77222e-06,5.65549e-06
4,1004,210,20680,4.13979e-08,4.13979e-08,5.32302e-06,1.90815e-06,3.90459e-06
4,1004,215,21170,2.20898e-08,2.20898e-08,4.54502e-06,1.00046e-06,2.97998e-06
4,1004,220,21660,2.20898e-08,2.20898e-08,4.83825e-06,7.43691e-07,3.98177e-06
4,1004,225,22150,1.80107e-08,1.80107e-08,5.17786e-06,6.1547e-07,4.24863e-06
4,1004,230,22640,1.59842e-08,1.59842e-08,7.62667e-06,9.91068e-07,3.19468e-06
4,1004,235,23130,1.59842e-08,1.59842e-08,2.22555e-06,5.34352e-07,2.51162e-06
4,1004,240,23620,9.98788e-09,9.98788e-09,1.84224e-06,3.83484e-07,1.85845e-06
4,1004,245,24110,9.98788e-09,9.98788e-09,3.3749e-07,1.42242e-07,1.21862e-06
4,1004,250,24600,5.26886e-09,5.26886e-09,3.9553e-07,6.83597e-08,1.22628e-06
4,1004,255,25090,5.26886e-09,5.26886e-09,2.69052e-07,1.16385e-07,9.39386e-07
4,1004,260,25580,2.42831e-09,2.42831e-09,1.89557e-07,7.61035e-08,7.7632e-07
4,1004,265,26070,1.96229e-09,1.96229e-09,2.43831e-07,6.80217e-08,7.42723e-07
4,1004,270,26560,1.75913e-09,1.75913e-09,1.2512e-07,4.32669e-08,5.36926e-07
4,1004,275,27050,1.04291e-09,1.04291e-09,6.94651e-08,2.4932e-08,3.55113e-07
4,1004,280,27540,9.49699e-10,9.49699e-10,5.98023e-08,1.62068e-08,3.35088e-07
4,1004,285,28030,6.63079e-10,6.63079e-10,4.46702e-08,1.34852e-08,4.00813e-07
4,1004,290,28520,6.63079e-10,6.63079e-10,6.84677e-08,1.20189e-08,3.75879e-07
4,1004,295,29010,6.63079e-10,6.63079e-10,3.50892e-08,9.46337e-09,3.2248e-07
4,1004,300,29500,4.42829e-10,4.42829e-10,1.90732e-08,5.33115e-09,2.22127e-07
4,1004,305,29990,2.92963e-10,2.92963e-10,3.81547e-08,6.08303e-09,2.56588e-07
4,1004,310,30480,2.7539e-10,2.7539e-10,3.91239e-08,5.74318e-09,2.75e-07
4,1004,315,30970,2.18488e-10,2.18488e-10,4.33975e-08,7.56785e-09,3.09109e-07
4,1004,320,31460,1.5311e-10,1.5311e-10,4.26602e-08,8.53668e-09,2.84478e-07
4,1004,325,31950,1.5311e-10,1.5311e-10,3.69773e-08,7.20363e-09,2.0601e-07
4,1004,330,32440,1.16989e-10,1.16989e-10,1.05471e-08,2.49637e-09,1.78571e-07
4,1004,335,32930,7.31741e-11,7.31741e-11,1.21073e-08,1.64741e-09,1.66716e-07
4,1004,340,33420,5.89756e-11,5.89756e-11,1.48646e-08,2.04888e-09,1.80385e-07
4,1004,345,33910,4.51739e-11,4.51739e-11,8.14741e-09,1.86211e-09,1.41901e-07
4,1004,350,34400,4.51739e-11,4.51739e-11,5.57507e-09,1.85539e-09,1.114e-07
4,1004,355,34890,4.51739e-11,4.51739e-11,4.51225e-09,1.31921e-09,9.22667e-08
4,1004,360,35380,4.48381e-11,4.48381e-11,3.69018e-09,9.77092e-10,1.09136e-07
4,1004,365,35870,4.48381e-11,4.48381e-11,2.63971e-09,7.65998e-10,9.13925e-08
4,1004,370,36360,4.48381e-11,4.48381e-11,3.34735e-09,7.05033e-10,8.30721e-08
4,1004,375,36850,2.90705e-11,2.90705e-11,1.12622e-09,3.76524e-10,6.13907e-08
4,1004,380,37340,2.90705e-11,2.90705e-11,8.74148e-10,2.97386e-10,4.24488e-08
4,1004,385,37830,5.78504e-12,5.78504e-12,2.87237e-10,1.00788e-10,3.14555e-08
4,1004,390,38320,5.78504e-12,5.78504e-12,3.90024e-10,1.07154e-10,3.33216e-08
4,1004,395,38810,5.77005e-12,5.77005e-12,3.02248e-10,7.62649e-11,2.55734e-08
4,1004,400,39300,2.81553e-12,2.81553e-12,2.06119e-10,4.7514e-11,2.28197e-08
4,1004,405,39790,9.47464e-13,9.47464e-13,9.16641e-11,2.34853e-11,1.54637e-08
4,1004,410,40280,5.42566e-13,5.42566e-13,7.49239e-11,1.94928e-11,1.29741e-08
4,1004,415,40770,5.42566e-13,5.42566e-13,5.87767e-11,1.23078e-11,1.34233e-08
4,1004,420,41260,5.42566e-13,5.42566e-13,1.2483e-10,2.33963e-11,1.53341e-08
4,1004,425,41750,5.07261e-13,5.07261e-13,1.8306e-10,2.28799e-11,2.08359e-08
4,1004,430,42240,2.30149e-13,2.30149e-13,1.01495e-10,1.89243e-11,1.44012e-08
4,1004,435,42730,2.30149e-13,2.30149e-13,3.84534e-11,1.00131e-11,9.8207e-09
4,1004,440,43220,2.30149e-13,2.30149e-13,3.92279e-11,9.97136e-12,1.04012e-08
4,1004,445,43710,2.30149e-13,2.30149e-13,6.20564e-11,1.28073e-11,1.32595e-08
4,1004,450,44200,2.28928e-13,2.28928e-13,2.87604e-11,1.33207e-11,1.35256e-08
4,1004,455,44690,2.28928e-13,2.28928e-13,5.7307e-11,1.45696e-11,1.10067e-08
4,1004,460,45180,2.28928e-13,2.28928e-13,3.69443e-11,6.58323e-12,1.00337e-08
4,1004,465,45670,2.28928e-13,2.28928e-13,2.20666e-11,5.20139e-12,8.17929e-09
4,1004,470,46160,2.28928e-13,2.28928e-13,1.98841e-11,4.73455e-12,7.87697e-09
4,1004,475,46650,1.90847e-13,1.90847e-13,1.81719e-11,4.26181e-12,8.02029e-09
4,1004,480,47140,1.90847e-13,1.90847e-13,2.66083e-11,5.99792e-12,8.68733e-09
4,1004,485,47630,1.25344e-13,1.25344e-13,1.55276e-11,3.98254e-12,7.25107e-09
4,1004,490,48120,8.62643e-14,8.62643e-14,8.53386e-12,2.10426e-12,4.58008e-09
4,1004,495,48610,6.39488e-14,6.39488e-14,4.14097e-12,8.34222e-13,3.40253e-09
4,1004,500,49100,5.4623e-14,5.4623e-14,3.52152e-12,9.6223e-13,3.08267e-09
4,1004,505,49590,3.21965e-14,3.21965e-14,1.82845e-12,9.312e-13,2.44154e-09
4,1004,510,50000,3.21965e-14,3.21965e-14,1.04877e-12,5.51725e-13,2.14374e-09
5,1005,0,100,145.688,145.688,300.842,297.848,0.01
5,1005,5,590,10.8047,10.8047,55.7989,53.8727,0.0133195
5,1005,10,1080,4.92344,4.92344,9.96992,9.53343,0.00947093
5,1005,15,1570,1.96513,1.96513,3.61218,3.45592,0.00849976
5,1005,20,2060,1.16609,1.16609,1.61829,1.5685,0.00653307
5,1005,25,2550,1.02301,1.02301,1.18066,1.16571,0.00591428
5,1005,30,3040,0.983564,0.983564,1.08795,1.07304,0.003574
5,1005,35,3530,0.806081,0.806081,1.0439,1.04276,0.00337379
5,1005,40,4020,0.79818,0.79818,1.03983,1.04058,0.00373436
5,1005,45,4510,0.616575,0.616575,1.02883,1.02552,0.00251283
5,1005,50,5000,0.482526,0.482526,1.02898,1.03759,0.00236728
5,1005,55,5490,0.452066,0.452066,1.00984,1.02698,0.00188709
5,1005,60,5980,0.413966,0.413966,1.02379,1.03669,0.0021308
5,1005,65,6470,0.413966,0.413966,0.996761,1.02617,0.00188853
5,1005,70,6960,0.354426,0.354426,1.01498,1.03138,0.00215324
5,1005,75,7450,0.354426,0.354426,0.981431,1.01824,0.00212874
5,1005,80,7940,0.354426,0.354426,1.00669,1.02094,0.00199105
5,1005,85,8430,0.208784,0.208784,0.967,1.01436,0.00173193
5,1005,90,8920,0.208784,0.208784,0.935614,1.00469,0.00114936
5,1005,95,9410,0.208784,0.208784,0.725135,0.680911,0.00107941
5,1005,100,9900,0.0886497,0.0886497,0.45613,0.218687,0.00106098
5,1005,105,10390,0.0574189,0.0574189,0.287834,0.183334,0.000994142
5,1005,110,10880,0.0335902,0.0335902,0.249562,0.157149,0.000880809
5,1005,115,11370,0.0332074,0.0332074,0.10701,0.0713529,0.000528458
5,1005,120,11860,0.0332074,0.0332074,0.0871848,0.0453235,0.000425799
5,1005,125,12350,0.0309374,0.0309374,0.0673491,0.0387551,0.000318255
5,1005,130,12840,0.0306657,0.0306657,0.045963,0.0358988,0.000201883
5,1005,135,13330,0.0304417,0.0304417,0.0530109,0.035572,0.000235839
5,1005,140,13820,0.029834,0.029834,0.0355979,0.0330844,0.000168292
5,1005,145,14310,0.0297694,0.0297694,0.0347238,0.0314832,0.000112142
5,1005,150,14800,0.0297556,0.0297556,0.0350298,0.0309701,0.00012714
5,1005,155,15290,0.0296848,0.0296848,0.0336323,0.0312726,0.000119632
5,1005,160,15780,0.0296449,0.0296449,0.031849,0.0303646,9.44058e-05
5,1005,165,16270,0.0296439,0.0296439,0.0320059,0.0304936,8.47709e-05
5,1005,170,16760,0.0296161,0.0296161,0.0313918,0.030027,6.97351e-05
5,1005,175,17250,0.0296091,0.0296091,0.0314854,0.0298382,8.0981e-05
5,1005,180,17740,0.0296047,0.0296047,0.0310245,0.0300485,6.19048e-05
5,1005,185,18230,0.0296047,0.0296047,0.0307689,0.0298321,5.79755e-05
5,1005,190,18720,0.0296047,0.0296047,0.0308909,0.0299354,5.65664e-05
5,1005,195,19210,0.0295979,0.0295979,0.030386,0.029822,4.18323e-05
5,1005,200,19700,0.029593,0.029593,0.0299094,0.0297175,3.6014e-05
5,1005,205,20190,0.0295878,0.0295878,0.0297915,0.029676,2.6523e-05
5,1005,210,20680,0.0295875,0.0295875,0.0296219,0.0295981,7.66795e-06
5,1005,215,21170,0.029587,0.029587,0.0295987,0.0295903,4.87409e-06
5,1005,220,21660,0.0295869,0.0295869,0.0295906,0.0295883,3.07482e-06
5,1005,225,22150,0.0295868,0.0295868,0.0295882,0.0295874,1.90413e-06
5,1005,230,22640,0.0295867,0.0295867,0.0295876,0.0295871,1.63984e-06
5,1005,235,23130,0.0295867,0.0295867,0.0295875,0.029587,1.28608e-06
5,1005,240,23620,0.0295867,0.0295867,0.0295869,0.0295868,1.05044e-06
5,1005,245,24110,0.0295866,0.0295866,0.0295868,0.0295867,9.60243e-07
5,1005,250,24600,0.0295866,0.0295866,0.0295869,0.0295867,6.36413e-07
5,1005,255,25090,0.0295866,0.0295866,0.0295868,0.0295867,4.90694e-07
5,1005,260,25580,0.0295866,0.0295866,0.0295867,0.0295867,4.21639e-07
5,1005,265,26070,0.0295866,0.0295866,0.0295867,0.0295866,3.58096e-07
5,1005,270,26560,0.0295866,0.0295866,0.0295867,0.0295866,4.14835e-07
5,1005,275,27050,0.0295866,0.0295866,0.0295867,0.0295866,4.42451e-07
5,1005,280,27540,0.0295866,0.0295866,0.0295866,0.0295866,3.13277e-07
5,1005,285,28030,0.0295866,0.0295866,0.0295867,0.0295866,2.52294e-07
5,1005,290,28520,0.0295866,0.0295866,0.0295866,0.0295866,1.60106e-07
5,1005,295,29010,0.0295866,0.0295866,0.0295866,0.0295866,1.32987e-07
5,1005,300,29500,0.0295866,0.0295866,0.0295866,0.0295866,1.03257e-07
5,1005,305,29990,0.0295866,0.0295866,0.0295866,0.0295866,7.31107e-08
5,1005,310,30480,0.0295866,0.0295866,0.0295866,0.0295866,4.77205e-08
5,1005,315,30970,0.0295866,0.0295866,0.0295866,0.0295866,3.372e-08
5,1005,320,31460,0.0295866,0.0295866,0.0295866,0.0295866,3.94769e-08
5,1005,325,31950,0.0295866,0.0295866,0.0295866,0.0295866,2.12674e-08
5,1005,330,32440,0.0295866,0.0295866,0.0295866,0.0295866,9.17195e-09
5,1005,335,32930,0.0295866,0.0295866,0.0295866,0.0295866,7.43666e-09
5,1005,340,33420,0.0295866,0.0295866,0.0295866,0.0295866,5.19219e-09
5,1005,345,33910,0.0295866,0.0295866,0.0295866,0.0295866,5.79905e-09
5,1005,350,34400,0.0295866,0.0295866,0.0295866,0.0295866,5.47189e-09
5,1005,355,34890,0.0295866,0.0295866,0.0295866,0.0295866,4.59254e-09
5,1005,360,35380,0.0295866,0.0295866,0.0295866,0.0295866,5.10695e-09
5,1005,365,35870,0.0295866,0.0295866,0.0295866,0.0295866,3.30608e-09
5,1005,370,36360,0.0295866,0.0295866,0.0295866,0.0295866,2.67893e-09
5,1005,375,36850,0.0295866,0.0295866,0.0295866,0.0295866,2.75986e-09
5,1005,380,37340,0.0295866,0.0295866,0.0295866,0.0295866,2.49752e-09
5,1005,385,37830,0.0295866,0.0295866,0.0295866,0.0295866,2.35543e-09
5,1005,390,38320,0.0295866,0.0295866,0.0295866,0.0295866,2.24066e-09
5,1005,395,38810,0.0295866,0.0295866,0.0295866,0.0295866,2.10895e-09
5,1005,400,39300,0.0295866,0.0295866,0.0295866,0.0295866,1.82209e-09
5,1005,405,39790,0.0295866,0.0295866,0.0295866,0.0295866,2.14915e-09
5,1005,410,40280,0.0295866,0.0295866,0.0295866,0.0295866,2.05745e-09
5,1005,415,40770,0.0295866,0.0295866,0.0295866,0.0295866,1.68641e-09
5,1005,420,41260,0.0295866,0.0295866,0.0295866,0.0295866,2.56461e-09
5,1005,425,41750,0.0295866,0.0295866,0.0295866,0.0295866,1.82939e-09
5,1005,430,42240,0.0295866,0.0295866,0.0295866,0.0295866,1.61328e-09
5,1005,435,42730,0.0295866,0.0295866,0.0295866,0.0295866,1.53164e-09
5,1005,440,43220,0.0295866,0.0295866,0.0295866,0.0295866,1.32312e-09
5,1005,445,43710,0.0295866,0.0295866,0.0295866,0.0295866,1.4561e-09
5,1005,450,44200,0.0295866,0.0295866,0.0295866,0.0295866,1.91738e-09
5,1005,455,44690,0.0295866,0.0295866,0.0295866,0.0295866,1.71286e-09
5,1005,460,45180,0.0295866,0.0295866,0.0295866,0.0295866,1.75032e-09
5,1005,465,45670,0.0295866,0.0295866,0.0295866,0.0295866,1.36355e-09
5,1005,470,46160,0.0295866,0.0295866,0.0295866,0.0295866,1.75749e-09
5,1005,475,46650,0.0295866,0.0295866,0.0295866,0.0295866,2.06211e-09
5,1005,480,47140,0.0295866,0.0295866,0.0295866,0.0295866,2.45773e-09
5,1005,485,47630,0.0295866,0.0295866,0.0295866,0.0295866,2.06697e-09
5,1005,490,48120,0.0295866,0.0295866,0.0295866,0.0295866,1.59935e-09
5,1005,495,48610,0.0295866,0.0295866,0.0295866,0.0295866,1.6092e-09
5,1005,500,49100,0.0295866,0.0295866,0.0295866,0.0295866,1.64693e-09
5,1005,505,49590,0.0295866,0.0295866,0.0295866,0.0295866,1.71257e-09
5,1005,510,50000,0.0295866,0.0295866,0.0295866,0.0295866,1.7468e-09
6,1006,0,100,113.529,113.529,299.95,290.41,0.01
6,1006,5,590,13.213,13.213,47.5188,41.5093,0.0103062
6,1006,10,1080,3.13029,3.13029,9.79302,9.38782,0.00962549
6,1006,15,1570,1.18284,1.18284,2.56004,2.42859,0.00922603
6,1006,20,2060,1.09814,1.09814,1.34947,1.29736,0.00959389
6,1006,25,2550,0.94921,0.94921,1.15399,1.12667,0.00839691
6,1006,30,3040,0.447475,0.447475,1.02773,1.0402,0.00427986
6,1006,35,3530,0.447475,0.447475,1.0238,1.02698,0.0038285
6,1006,40,4020,0.411514,0.411514,1.01959,1.04133,0.00406593
6,1006,45,4510,0.411514,0.411514,1.00201,1.0349,0.00342077
6,1006,50,5000,0.405257,0.405257,1.01991,1.0287,0.00239818
6,1006,55,5490,0.317294,0.317294,1.00163,1.02736,0.00232741
6,1006,60,5980,0.313944,0.313944,0.98482,1.02388,0.00152235
6,1006,65,6470,0.218913,0.218913,0.876049,0.999716,0.00134649
6,1006,70,6960,0.0950781,0.0950781,0.403962,0.338869,0.00108233
6,1006,75,7450,0.0887175,0.0887175,0.299576,0.237399,0.000648138
6,1006,80,7940,0.0702397,0.0702397,0.183848,0.132374,0.000559456
6,1006,85,8430,0.0702397,0.0702397,0.174668,0.0994969,0.000496495
6,1006,90,8920,0.0666744,0.0666744,0.132643,0.0892574,0.000375008
6,1006,95,9410,0.0652041,0.0652041,0.100999,0.0753596,0.000288074
6,1006,100,9900,0.0647553,0.0647553,0.0790188,0.070696,0.000222333
6,1006,105,10390,0.064284,0.064284,0.0718565,0.0677597,0.000129759
6,1006,110,10880,0.0641527,0.0641527,0.0666322,0.064949,7.16121e-05
6,1006,115,11370,0.0640915,0.0640915,0.0660953,0.0645108,5.34197e-05
6,1006,120,11860,0.0640642,0.0640642,0.0648361,0.0643581,4.26806e-05
6,1006,125,12350,0.0640504,0.0640504,0.0650453,0.0642715,4.83143e-05
6,1006,130,12840,0.0640497,0.0640497,0.0645282,0.064259,3.74964e-05
6,1006,135,13330,0.0640484,0.0640484,0.0643486,0.0641387,3.27788e-05
6,1006,140,13820,0.0640483,0.0640483,0.0644009,0.0641184,3.07948e-05
6,1006,145,14310,0.0640441,0.0640441,0.0641622,0.0640836,2.0665e-05
6,1006,150,14800,0.0640406,0.0640406,0.064097,0.0640601,1.2032e-05
6,1006,155,15290,0.0640399,0.0640399,0.0640819,0.0640496,9.76819e-06
6,1006,160,15780,0.0640396,0.0640396,0.0640596,0.064046,6.21538e-06
6,1006,165,16270,0.0640396,0.0640396,0.0640521,0.0640445,6.77028e-06
6,1006,170,16760,0.0640396,0.0640396,0.064058,0.0640434,8.15546e-06
6,1006,175,17250,0.0640395,0.0640395,0.0640687,0.064046,9.53831e-06
6,1006,180,17740,0.0640393,0.0640393,0.0640609,0.0640426,5.68074e-06
6,1006,185,18230,0.0640393,0.0640393,0.0640461,0.064042,5.77009e-06
6,1006,190,18720,0.0640393,0.0640393,0.0640415,0.0640402,2.95817e-06
6,1006,195,19210,0.0640392,0.0640392,0.0640411,0.0640398,2.97168e-06
6,1006,200,19700,0.0640392,0.0640392,0.0640413,0.0640398,2.75505e-06
6,1006,205,20190,0.0640392,0.0640392,0.0640403,0.0640394,1.8556e-06
6,1006,210,20680,0.0640392,0.0640392,0.0640401,0.0640394,1.5476e-06
6,1006,215,21170,0.0640392,0.0640392,0.0640399,0.0640394,1.35333e-06
6,1006,220,21660,0.0640392,0.0640392,0.0640394,0.0640393,8.65931e-07
6,1006,225,22150,0.0640392,0.0640392,0.0640393,0.0640392,5.77028e-07
6,1006,230,22640,0.0640392,0.0640392,0.0640392,0.0640392,3.67411e-07
6,1006,235,23130,0.0640392,0.0640392,0.0640392,0.0640392,3.28878e-07
6,1006,240,23620,0.0640392,0.0640392,0.0640392,0.0640392,2.20277e-07
6,1006,245,24110,0.0640392,0.0640392,0.0640392,0.0640392,1.84557e-07
6,1006,250,24600,0.0640392,0.0640392,0.0640392,0.0640392,1.37609e-07
6,1006,255,25090,0.0640392,0.0640392,0.0640392,0.0640392,1.30259e-07
6,1006,260,25580,0.0640392,0.0640392,0.0640392,0.0640392,9.4807e-08
6,1006,265,26070,0.0640392,0.0640392,0.0640392,0.0640392,7.77677e-08
6,1006,270,26560,0.0640392,0.0640392,0.0640392,0.0640392,5.06661e-08
6,1006,275,27050,0.0640392,0.0640392,0.0640392,0.0640392,7.19918e-08
6,1006,280,27540,0.0640392,0.0640392,0.0640392,0.0640392,7.33959e-08
6,1006,285,28030,0.0640392,0.0640392,0.0640392,0.0640392,8.52866e-08
6,1006,290,28520,0.0640392,0.0640392,0.0640392,0.0640392,7.26879e-08
6,1006,295,29010,0.0640392,0.0640392,0.0640392,0.0640392,5.10821e-08
6,1006,300,29500,0.0640392,0.0640392,0.0640392,0.0640392,4.07644e-08
6,1006,305,29990,0.0640392,0.0640392,0.0640392,0.0640392,4.23581e-08
6,1006,310,30480,0.0640392,0.0640392,0.0640392,0.0640392,3.19194e-08
6,1006,315,30970,0.0640392,0.0640392,0.0640392,0.0640392,2.21599e-08
6,1006,320,31460,0.0640392,0.0640392,0.0640392,0.0640392,1.92075e-08
6,1006,325,31950,0.0640392,0.0640392,0.0640392,0.0640392,1.41849e-08
6,1006,330,32440,0.0640392,0.0640392,0.0640392,0.0640392,1.4477e-08
6,1006,335,32930,0.0640392,0.0640392,0.0640392,0.0640392,9.88337e-09
6,1006,340,33420,0.0640392,0.0640392,0.0640392,0.0640392,8.35994e-09
6,1006,345,33910,0.0640392,0.0640392,0.0640392,0.0640392,7.9656e-09
6,1006,350,34400,0.0640392,0.0640392,0.0640392,0.0640392,8.61759e-09
6,1006,355,34890,0.0640392,0.0640392,0.0640392,0.0640392,8.27027e-09
6,1006,360,35380,0.0640392,0.0640392,0.0640392,0.0640392,9.27107e-09
6,1006,365,35870,0.0640392,0.0640392,0.0640392,0.0640392,7.01615e-09
6,1006,370,36360,0.0640392,0.0640392,0.0640392,0.0640392,1.01297e-08
6,1006,375,36850,0.0640392,0.0640392,0.0640392,0.0640392,1.50923e-08
6,1006,380,37340,0.0640392,0.0640392,0.0640392,0.0640392,1.03078e-08
6,1006,385,37830,0.0640392,0.0640392,0.0640392,0.0640392,8.16107e-09
6,1006,390,38320,0.0640392,0.0640392,0.0640392,0.0640392,7.05307e-09
6,1006,395,38810,0.0640392,0.0640392,0.0640392,0.0640392,6.81618e-09
6,1006,400,39300,0.0640392,0.0640392,0.0640392,0.0640392,7.18043e-09
6,1006,405,39790,0.0640392,0.0640392,0.0640392,0.0640392,4.91292e-09
6,1006,410,40280,0.0640392,0.0640392,0.0640392,0.0640392,3.7884e-09
6,1006,415,40770,0.0640392,0.0640392,0.0640392,0.0640392,3.66593e-09
6,1006,420,41260,0.0640392,0.0640392,0.0640392,0.0640392,3.23897e-09
6,1006,425,41750,0.0640392,0.0640392,0.0640392,0.0640392,2.45265e-09
6,1006,430,42240,0.0640392,0.0640392,0.0640392,0.0640392,3.04608e-09
6,1006,435,42730,0.0640392,0.0640392,0.0640392,0.0640392,2.63231e-09
6,1006,440,43220,0.0640392,0.0640392,0.0640392,0.0640392,2.66752e-09
6,1006,445,43710,0.0640392,0.0640392,0.0640392,0.0640392,2.94317e-09
6,1006,450,44200,0.0640392,0.0640392,0.0640392,0.0640392,2.71635e-09
6,1006,455,44690,0.0640392,0.0640392,0.0640392,0.0640392,2.05924e-09
6,1006,460,45180,0.0640392,0.0640392,0.0640392,0.0640392,1.86708e-09
6,1006,465,45670,0.0640392,0.0640392,0.0640392,0.0640392,1.85282e-09
6,1006,470,46160,0.0640392,0.0640392,0.0640392,0.0640392,1.9925e-09
6,1006,475,46650,0.0640392,0.0640392,0.0640392,0.0640392,1.79141e-09
6,1006,480,47140,0.0640392,0.0640392,0.0640392,0.0640392,2.20348e-09
6,1006,485,47630,0.0640392,0.0640392,0.0640392,0.0640392,1.72206e-09
6,1006,490,48120,0.0640392,0.0640392,0.0640392,0.0640392,2.14715e-09
6,1006,495,48610,0.0640392,0.0640392,0.0640392,0.0640392,2.03811e-09
6,1006,500,49100,0.0640392,0.0640392,0.0640392,0.0640392,2.5981e-09
6,1006,505,49590,0.0640392,0.0640392,0.0640392,0.0640392,2.08264e-09
6,1006,510,50000,0.0640392,0.0640392,0.0640392,0.0640392,2.11601e-09
7,1007,0,100,124.327,124.327,294.892,287.17,0.01
7,1007,5,590,12.6814,12.6814,61.6599,61.6591,0.00792909
7,1007,10,1080,3.38729,3.38729,9.21958,8.91435,0.00693401
7,1007,15,1570,1.55205,1.55205,2.87282,2.72233,0.00580944
7,1007,20,2060,1.05447,1.05447,1.35014,1.31715,0.00538695
7,1007,25,2550,0.935712,0.935712,1.13175,1.12242,0.00418772
7,1007,30,3040,0.723623,0.723623,1.05092,1.05056,0.00238115
7,1007,35,3530,0.670995,0.670995,1.01088,1.01723,0.00176938
7,1007,40,4020,0.300587,0.300587,0.934718,1.0115,0.0016968
7,1007,45,4510,0.232335,0.232335,0.775186,0.784447,0.00135346
7,1007,50,5000,0.0860011,0.0860011,0.47105,0.379334,0.00137743
7,1007,55,5490,0.0544458,0.0544458,0.370171,0.200683,0.000943095
7,1007,60,5980,0.0270937,0.0270937,0.2293,0.137365,0.000798961
7,1007,65,6470,0.0212479,0.0212479,0.0875308,0.0618374,0.000397961
7,1007,70,6960,0.016272,0.016272,0.0450216,0.0313172,0.000273902
7,1007,75,7450,0.0134146,0.0134146,0.0269609,0.0217891,0.000185357
7,1007,80,7940,0.0127935,0.0127935,0.0203068,0.0158673,0.000115379
7,1007,85,8430,0.0127084,0.0127084,0.0158781,0.0141039,8.83161e-05
7,1007,90,8920,0.0123986,0.0123986,0.0148996,0.0130788,6.50564e-05
7,1007,95,9410,0.0123468,0.0123468,0.0129558,0.0126041,3.99597e-05
7,1007,100,9900,0.0123333,0.0123333,0.0126282,0.0124428,2.96745e-05
7,1007,105,10390,0.0123205,0.0123205,0.0126145,0.0123896,2.77766e-05
7,1007,110,10880,0.0123195,0.0123195,0.0124055,0.0123599,1.6422e-05
7,1007,115,11370,0.0123193,0.0123193,0.0123481,0.0123342,9.77751e-06
7,1007,120,11860,0.0123174,0.0123174,0.0123344,0.0123263,7.60583e-06
7,1007,125,12350,0.0123167,0.0123167,0.0123321,0.0123219,5.87559e-06
7,1007,130,12840,0.0123163,0.0123163,0.0123234,0.0123196,4.44828e-06
7,1007,135,13330,0.0123163,0.0123163,0.0123218,0.0123187,4.02431e-06
7,1007,140,13820,0.0123162,0.0123162,0.0123217,0.012318,3.6694e-06
7,1007,145,14310,0.0123162,0.0123162,0.0123197,0.0123173,3.02425e-06
7,1007,150,14800,0.0123162,0.0123162,0.0123187,0.0123168,2.07403e-06
7,1007,155,15290,0.0123161,0.0123161,0.012317,0.0123164,1.14744e-06
7,1007,160,15780,0.0123161,0.0123161,0.0123165,0.0123162,9.74118e-07
7,1007,165,16270,0.0123161,0.0123161,0.0123163,0.0123162,6.97301e-07
7,1007,170,16760,0.0123161,0.0123161,0.0123162,0.0123161,5.92858e-07
7,1007,175,17250,0.0123161,0.0123161,0.0123162,0.0123161,5.49071e-07
7,1007,180,17740,0.0123161,0.0123161,0.0123161,0.0123161,4.48535e-07
7,1007,185,18230,0.0123161,0.0123161,0.0123161,0.0123161,3.09852e-07
7,1007,190,18720,0.0123161,0.0123161,0.0123161,0.0123161,2.98849e-07
7,1007,195,19210,0.0123161,0.0123161,0.0123161,0.0123161,2.29277e-07
7,1007,200,19700,0.0123161,0.0123161,0.0123161,0.0123161,1.68835e-07
7,1007,205,20190,0.0123161,0.0123161,0.0123161,0.0123161,1.40682e-07
7,1007,210,20680,0.0123161,0.0123161,0.0123161,0.0123161,1.09853e-07
7,1007,215,21170,0.0123161,0.0123161,0.0123161,0.0123161,7.60406e-08
7,1007,220,21660,0.0123161,0.0123161,0.0123161,0.0123161,6.97055e-08
7,1007,225,22150,0.0123161,0.0123161,0.0123161,0.0123161,4.83365e-08
7,1007,230,22640,0.0123161,0.0123161,0.0123161,0.0123161,3.20386e-08
7,1007,235,23130,0.0123161,0.0123161,0.0123161,0.0123161,2.37701e-08
7,1007,240,23620,0.0123161,0.0123161,0.0123161,0.0123161,2.17041e-08
7,1007,245,24110,0.0123161,0.0123161,0.0123161,0.0123161,1.92482e-08
7,1007,250,24600,0.0123161,0.0123161,0.0123161,0.0123161,1.65121e-08
7,1007,255,25090,0.0123161,0.0123161,0.0123161,0.0123161,1.18742e-08
7,1007,260,25580,0.0123161,0.0123161,0.0123161,0.0123161,8.84081e-09
7,1007,265,26070,0.0123161,0.0123161,0.0123161,0.0123161,6.78466e-09
7,1007,270,26560,0.0123161,0.0123161,0.0123161,0.0123161,5.98644e-09
7,1007,275,27050,0.0123161,0.0123161,0.0123161,0.0123161,4.03605e-09
7,1007,280,27540,0.0123161,0.0123161,0.0123161,0.0123161,4.51113e-09
7,1007,285,28030,0.0123161,0.0123161,0.0123161,0.0123161,4.67083e-09
7,1007,290,28520,0.0123161,0.0123161,0.0123161,0.0123161,4.69348e-09
7,1007,295,29010,0.0123161,0.0123161,0.0123161,0.0123161,4.54766e-09
7,1007,300,29500,0.0123161,0.0123161,0.0123161,0.0123161,4.62824e-09
7,1007,305,29990,0.0123161,0.0123161,0.0123161,0.0123161,5.9591e-09
7,1007,310,30480,0.0123161,0.0123161,0.0123161,0.0123161,5.33578e-09
7,1007,315,30970,0.0123161,0.0123161,0.0123161,0.0123161,5.47105e-09
7,1007,320,31460,0.0123161,0.0123161,0.0123161,0.0123161,4.57636e-09
7,1007,325,31950,0.0123161,0.0123161,0.0123161,0.0123161,4.64651e-09
7,1007,330,32440,0.0123161,0.0123161,0.0123161,0.0123161,3.99989e-09
7,1007,335,32930,0.0123161,0.0123161,0.0123161,0.0123161,3.52982e-09
7,1007,340,33420,0.0123161,0.0123161,0.0123161,0.0123161,3.61312e-09
7,1007,345,33910,0.0123161,0.0123161,0.0123161,0.0123161,4.07494e-09
7,1007,350,34400,0.0123161,0.0123161,0.0123161,0.0123161,3.48921e-09
7,1007,355,34890,0.0123161,0.0123161,0.0123161,0.0123161,2.41485e-09
7,1007,360,35380,0.0123161,0.0123161,0.0123161,0.0123161,2.51017e-09
7,1007,365,35870,0.0123161,0.0123161,0.0123161,0.0123161,2.00342e-09
7,1007,370,36360,0.0123161,0.0123161,0.0123161,0.0123161,1.90724e-09
7,1007,375,36850,0.0123161,0.0123161,0.0123161,0.0123161,1.48756e-09
7,1007,380,37340,0.0123161,0.0123161,0.0123161,0.0123161,1.42133e-09
7,1007,385,37830,0.0123161,0.0123161,0.0123161,0.0123161,1.42395e-09
7,1007,390,38320,0.0123161,0.0123161,0.0123161,0.0123161,1.97369e-09
7,1007,395,38810,0.0123161,0.0123161,0.0123161,0.0123161,1.54519e-09
7,1007,400,39300,0.0123161,0.0123161,0.0123161,0.0123161,1.5765e-09
7,1007,405,39790,0.0123161,0.0123161,0.0123161,0.0123161,1.6106e-09
7,1007,410,40280,0.0123161,0.0123161,0.0123161,0.0123161,1.74918e-09
7,1007,415,40770,0.0123161,0.0123161,0.0123161,0.0123161,1.8315e-09
7,1007,420,41260,0.0123161,0.0123161,0.0123161,0.0123161,1.88904e-09
7,1007,425,41750,0.0123161,0.0123161,0.0123161,0.0123161,1.71387e-09
7,1007,430,42240,0.0123161,0.0123161,0.0123161,0.0123161,1.95612e-09
7,1007,435,42730,0.0123161,0.0123161,0.0123161,0.0123161,1.54676e-09
7,1007,440,43220,0.0123161,0.0123161,0.0123161,0.0123161,1.60985e-09
7,1007,445,43710,0.0123161,0.0123161,0.0123161,0.0123161,1.72162e-09
7,1007,450,44200,0.0123161,0.0123161,0.0123161,0.0123161,2.10733e-09
7,1007,455,44690,0.0123161,0.0123161,0.0123161,0.0123161,1.9747e-09
7,1007,460,45180,0.0123161,0.0123161,0.0123161,0.0123161,1.97786e-09
7,1007,465,45670,0.0123161,0.0123161,0.0123161,0.0123161,1.8725e-09
7,1007,470,46160,0.0123161,0.0123161,0.0123161,0.0123161,2.22431e-09
7,1007,475,46650,0.0123161,0.0123161,0.0123161,0.0123161,2.26902e-09
7,1007,480,47140,0.0123161,0.0123161,0.0123161,0.0123161,2.4082e-09
7,1007,485,47630,0.0123161,0.0123161,0.0123161,0.0123161,1.86308e-09
7,1007,490,48120,0.0123161,0.0123161,0.0123161,0.0123161,1.98945e-09
7,1007,495,48610,0.0123161,0.0123161,0.0123161,0.0123161,2.07597e-09
7,1007,500,49100,0.0123161,0.0123161,0.0123161,0.0123161,2.55513e-09
7,1007,505,49590,0.0123161,0.0123161,0.0123161,0.0123161,2.66629e-09
7,1007,510,50000,0.0123161,0.0123161,0.0123161,0.0123161,1.83528e-09
8,1008,0,100,76.6344,76.6344,289.998,277.601,0.01
8,1008,5,590,18.8921,18.8921,65.5424,60.0152,0.00898361
8,1008,10,1080,4.84281,4.84281,16.3511,15.739,0.00836003
8,1008,15,1570,1.42307,1.42307,3.09702,2.97325,0.00863964
8,1008,20,2060,1.11297,1.11297,1.53049,1.50287,0.00819493
8,1008,25,2550,0.824465,0.824465,1.17392,1.15095,0.00813937
8,1008,30,3040,0.800778,0.800778,1.11476,1.08228,0.00860064
8,1008,35,3530,0.800778,0.800778,1.10551,1.07048,0.0103188
8,1008,40,4020,0.800778,0.800778,1.07746,1.05757,0.00967574
8,1008,45,4510,0.715471,0.715471,1.04633,1.04438,0.00590152
8,1008,50,5000,0.700026,0.700026,1.02895,1.0368,0.00409972
8,1008,55,5490,0.700026,0.700026,1.01639,1.01953,0.00307054
8,1008,60,5980,0.379933,0.379933,1.00381,1.02256,0.00381201
8,1008,65,6470,0.379933,0.379933,0.990419,1.01564,0.00319975
8,1008,70,6960,0.312677,0.312677,1.02842,1.0349,0.00351346
8,1008,75,7450,0.312677,0.312677,1.01182,1.02185,0.0024726
8,1008,80,7940,0.300169,0.300169,0.991202,1.01871,0.00220439
8,1008,85,8430,0.300169,0.300169,0.859907,0.94624,0.00160733
8,1008,90,8920,0.166683,0.166683,0.574886,0.520237,0.00118095
8,1008,95,9410,0.103601,0.103601,0.275023,0.217163,0.000610652
8,1008,100,9900,0.0636529,0.0636529,0.149126,0.113305,0.000397593
8,1008,105,10390,0.0395806,0.0395806,0.0903905,0.0646264,0.000343243
8,1008,110,10880,0.0340484,0.0340484,0.0578208,0.0475918,0.000248455
8,1008,115,11370,0.0336035,0.0336035,0.0454071,0.039655,0.000182964
8,1008,120,11860,0.0323316,0.0323316,0.0578418,0.0370882,0.000198191
8,1008,125,12350,0.032213,0.032213,0.0401776,0.0356814,0.000162928
8,1008,130,12840,0.0321643,0.0321643,0.0396031,0.0343171,0.000185576
8,1008,135,13330,0.0321643,0.0321643,0.0450028,0.0359899,0.000176035
8,1008,140,13820,0.0320162,0.0320162,0.0375949,0.0335713,0.000140522
8,1008,145,14310,0.0320162,0.0320162,0.0351682,0.0334746,9.36947e-05
8,1008,150,14800,0.0320162,0.0320162,0.0341688,0.0330235,6.74057e-05
8,1008,155,15290,0.0320049,0.0320049,0.033316,0.0324809,6.4602e-05
8,1008,160,15780,0.0319898,0.0319898,0.0329728,0.0322471,5.79551e-05
8,1008,165,16270,0.0319725,0.0319725,0.0330419,0.0321481,4.63893e-05
8,1008,170,16760,0.0319708,0.0319708,0.0323887,0.0320958,4.41372e-05
8,1008,175,17250,0.031967,0.031967,0.0323963,0.0320581,3.42088e-05
8,1008,180,17740,0.0319649,0.0319649,0.0322476,0.0320244,2.83979e-05
8,1008,185,18230,0.031962,0.031962,0.0322273,0.0320165,2.65377e-05
8,1008,190,18720,0.03196,0.03196,0.0321185,0.0319884,2.11088e-05
8,1008,195,19210,0.0319587,0.0319587,0.0320796,0.0319849,1.9314e-05
8,1008,200,19700,0.0319578,0.0319578,0.0320449,0.0319732,1.38469e-05
8,1008,205,20190,0.0319576,0.0319576,0.0320562,0.0319792,1.58493e-05
8,1008,210,20680,0.0319576,0.0319576,0.0321183,0.0319766,1.54856e-05
8,1008,215,21170,0.0319576,0.0319576,0.0320015,0.0319663,1.20713e-05
8,1008,220,21660,0.0319575,0.0319575,0.0319904,0.0319644,9.0573e-06
8,1008,225,22150,0.0319574,0.0319574,0.0319744,0.031962,7.31211e-06
8,1008,230,22640,0.0319573,0.0319573,0.0319661,0.0319606,5.19633e-06
8,1008,235,23130,0.0319572,0.0319572,0.0319609,0.0319579,3.8997e-06
8,1008,240,23620,0.0319572,0.0319572,0.0319621,0.031958,2.30279e-06
8,1008,245,24110,0.0319571,0.0319571,0.031959,0.0319579,2.38594e-06
8,1008,250,24600,0.0319571,0.0319571,0.0319582,0.0319574,1.71066e-06
8,1008,255,25090,0.0319571,0.0319571,0.0319584,0.0319574,1.7869e-06
8,1008,260,25580,0.0319571,0.0319571,0.0319581,0.0319574,1.71136e-06
8,1008,265,26070,0.0319571,0.0319571,0.0319577,0.0319573,1.54977e-06
8,1008,270,26560,0.031957,0.031957,0.0319573,0.0319572,9.32543e-07
8,1008,275,27050,0.031957,0.031957,0.0319572,0.0319571,8.21147e-07
8,1008,280,27540,0.031957,0.031957,0.0319572,0.0319571,6.0399e-07
8,1008,285,28030,0.031957,0.031957,0.0319571,0.0319571,5.23969e-07
8,1008,290,28520,0.031957,0.031957,0.0319571,0.031957,3.79989e-07
8,1008,295,29010,0.031957,0.031957,0.0319571,0.031957,3.29339e-07
8,1008,300,29500,0.031957,0.031957,0.0319571,0.031957,2.83395e-07
8,1008,305,29990,0.031957,0.031957,0.0319571,0.031957,3.46129e-07
8,1008,310,30480,0.031957,0.031957,0.0319571,0.031957,2.7535e-07
8,1008,315,30970,0.031957,0.031957,0.0319571,0.031957,2.4497e-07
8,1008,320,31460,0.031957,0.031957,0.0319571,0.031957,2.64999e-07
8,1008,325,31950,0.031957,0.031957,0.031957,0.031957,2.59337e-07
8,1008,330,32440,0.031957,0.031957,0.031957,0.031957,1.81433e-07
8,1008,335,32930,0.031957,0.031957,0.031957,0.031957,1.38928e-07
8,1008,340,33420,0.031957,0.031957,0.031957,0.031957,1.44407e-07
8,1008,345,33910,0.031957,0.031957,0.031957,0.031957,1.50378e-07
8,1008,350,34400,0.031957,0.031957,0.031957,0.031957,9.79497e-08
8,1008,355,34890,0.031957,0.031957,0.031957,0.031957,1.1638e-07
8,1008,360,35380,0.031957,0.031957,0.031957,0.031957,9.66711e-08
8,1008,365,35870,0.031957,0.031957,0.031957,0.031957,8.85525e-08
8,1008,370,36360,0.031957,0.031957,0.031957,0.031957,7.79109e-08
8,1008,375,36850,0.031957,0.031957,0.031957,0.031957,5.02253e-08
8,1008,380,37340,0.031957,0.031957,0.031957,0.031957,3.85332e-08
8,1008,385,37830,0.031957,0.031957,0.031957,0.031957,4.1808e-08
8,1008,390,38320,0.031957,0.031957,0.031957,0.031957,3.06263e-08
8,1008,395,38810,0.031957,0.031957,0.031957,0.031957,3.21533e-08
8,1008,400,39300,0.031957,0.031957,0.031957,0.031957,2.6014e-08
8,1008,405,39790,0.031957,0.031957,0.031957,0.031957,2.03267e-08
8,1008,410,40280,0.031957,0.031957,0.031957,0.031957,1.18132e-08
8,1008,415,40770,0.031957,0.031957,0.031957,0.031957,1.08321e-08
8,1008,420,41260,0.031957,0.031957,0.031957,0.031957,1.00125e-08
8,1008,425,41750,0.031957,0.031957,0.031957,0.031957,8.19209e-09
8,1008,430,42240,0.031957,0.031957,0.031957,0.031957,5.91046e-09
8,1008,435,42730,0.031957,0.031957,0.031957,0.031957,7.19012e-09
8,1008,440,43220,0.031957,0.031957,0.031957,0.031957,6.65725e-09
8,1008,445,43710,0.031957,0.031957,0.031957,0.031957,7.13421e-09
8,1008,450,44200,0.031957,0.031957,0.031957,0.031957,6.33525e-09
8,1008,455,44690,0.031957,0.031957,0.031957,0.031957,4.64738e-09
8,1008,460,45180,0.031957,0.031957,0.031957,0.031957,3.93272e-09
8,1008,465,45670,0.031957,0.031957,0.031957,0.031957,3.54343e-09
8,1008,470,46160,0.031957,0.031957,0.031957,0.031957,2.92104e-09
8,1008,475,46650,0.031957,0.031957,0.031957,0.031957,1.84261e-09
8,1008,480,47140,0.031957,0.031957,0.031957,0.031957,1.62571e-09
8,1008,485,47630,0.031957,0.031957,0.031957,0.031957,1.75029e-09
8,1008,490,48120,0.031957,0.031957,0.031957,0.031957,1.48644e-09
8,1008,495,48610,0.031957,0.031957,0.031957,0.031957,2.04421e-09
8,1008,500,49100,0.031957,0.031957,0.031957,0.031957,1.70386e-09
8,1008,505,49590,0.031957,0.031957,0.031957,0.031957,1.43597e-09
8,1008,510,50000,0.031957,0.031957,0.031957,0.031957,1.37326e-09
9,1009,0,100,121.784,121.784,301.293,292.281,0.01
9,1009,5,590,16.1374,16.1374,72.095,68.1751,0.0094068
9,1009,10,1080,4.07003,4.07003,11.7705,11.4054,0.00699935
9,1009,15,1570,1.18441,1.18441,2.88717,2.72604,0.00916216
9,1009,20,2060,0.884053,0.884053,1.35214,1.30354,0.0106875
9,1009,25,2550,0.884053,0.884053,1.23078,1.14999,0.0101604
9,1009,30,3040,0.834698,0.834698,1.10372,1.0715,0.00787758
9,1009,35,3530,0.526184,0.526184,1.06413,1.04873,0.00627377
9,1009,40,4020,0.526184,0.526184,1.06493,1.04796,0.00608176
9,1009,45,4510,0.526184,0.526184,1.04486,1.05086,0.0060754
9,1009,50,5000,0.526184,0.526184,1.02017,1.02724,0.00427974
9,1009,55,5490,0.525262,0.525262,1.02516,1.03008,0.00418838
9,1009,60,5980,0.525262,0.525262,1.01089,1.02684,0.00425915
9,1009,65,6470,0.50604,0.50604,1.00108,1.02359,0.00391925
9,1009,70,6960,0.437075,0.437075,1.03741,1.04259,0.0034982
9,1009,75,7450,0.437075,0.437075,1.02797,1.03309,0.0031569
9,1009,80,7940,0.437075,0.437075,1.02364,1.0313,0.00232243
9,1009,85,8430,0.437075,0.437075,1.02477,1.03357,0.00222766
9,1009,90,8920,0.376833,0.376833,1.0098,1.02792,0.00190642
9,1009,95,9410,0.376833,0.376833,1.0064,1.03403,0.00225291
9,1009,100,9900,0.376833,0.376833,1.03808,1.03599,0.00218438
9,1009,105,10390,0.317963,0.317963,1.004,1.03955,0.00264582
9,1009,110,10880,0.249973,0.249973,0.956841,1.02256,0.00192811
9,1009,115,11370,0.156241,0.156241,0.632706,0.594598,0.00101219
9,1009,120,11860,0.110528,0.110528,0.332569,0.274748,0.000613898
9,1009,125,12350,0.0779556,0.0779556,0.142711,0.133552,0.000309722
9,1009,130,12840,0.0649829,0.0649829,0.0833129,0.076784,0.000183357
9,1009,135,13330,0.0602442,0.0602442,0.0732017,0.0666318,0.000152545
9,1009,140,13820,0.0596005,0.0596005,0.0646566,0.0620464,0.000128344
9,1009,145,14310,0.0593084,0.0593084,0.0649387,0.0603883,9.28452e-05
9,1009,150,14800,0.0592501,0.0592501,0.0621312,0.060071,8.35427e-05
9,1009,155,15290,0.0591407,0.0591407,0.0609118,0.0596486,7.08581e-05
9,1009,160,15780,0.0591109,0.0591109,0.0606593,0.0595404,6.27456e-05
9,1009,165,16270,0.0590849,0.0590849,0.0596695,0.0593202,5.01628e-05
9,1009,170,16760,0.0590792,0.0590792,0.0601551,0.0593222,4.79025e-05
9,1009,175,17250,0.0590766,0.0590766,0.0602504,0.0592954,4.23474e-05
9,1009,180,17740,0.0590766,0.0590766,0.0597007,0.0592226,3.08122e-05
9,1009,185,18230,0.0590723,0.0590723,0.0595035,0.0591517,2.53829e-05
9,1009,190,18720,0.0590702,0.0590702,0.0592042,0.0590933,1.79232e-05
9,1009,195,19210,0.059068,0.059068,0.059096,0.0590774,8.38547e-06
9,1009,200,19700,0.059066,0.059066,0.059085,0.0590719,6.47289e-06
9,1009,205,20190,0.0590656,0.0590656,0.0590772,0.0590685,4.99845e-06
9,1009,210,20680,0.0590653,0.0590653,0.0590707,0.0590667,3.45095e-06
9,1009,215,21170,0.0590653,0.0590653,0.0590731,0.0590673,3.62854e-06
9,1009,220,21660,0.0590652,0.0590652,0.0590684,0.0590662,3.5744e-06
9,1009,225,22150,0.0590652,0.0590652,0.0590709,0.059067,3.79541e-06
9,1009,230,22640,0.0590652,0.0590652,0.0590671,0.0590661,2.74677e-06
9,1009,235,23130,0.0590652,0.0590652,0.0590674,0.0590657,2.75848e-06
9,1009,240,23620,0.0590652,0.0590652,0.0590666,0.0590655,1.98874e-06
9,1009,245,24110,0.0590652,0.0590652,0.0590663,0.0590654,1.55533e-06
9,1009,250,24600,0.0590652,0.0590652,0.059066,0.0590653,1.37641e-06
9,1009,255,25090,0.0590651,0.0590651,0.0590657,0.0590653,1.43214e-06
9,1009,260,25580,0.0590651,0.0590651,0.0590657,0.0590652,1.27844e-06
9,1009,265,26070,0.0590651,0.0590651,0.0590658,0.0590653,1.31553e-06
9,1009,270,26560,0.0590651,0.0590651,0.0590656,0.0590652,1.03433e-06
9,1009,275,27050,0.0590651,0.0590651,0.0590654,0.0590652,8.22752e-07
9,1009,280,27540,0.0590651,0.0590651,0.0590652,0.0590652,6.19282e-07
9,1009,285,28030,0.0590651,0.0590651,0.0590653,0.0590652,6.38713e-07
9,1009,290,28520,0.0590651,0.0590651,0.0590653,0.0590652,6.93677e-07
9,1009,295,29010,0.0590651,0.0590651,0.0590654,0.0590652,7.38572e-07
9,1009,300,29500,0.0590651,0.0590651,0.0590652,0.0590652,4.69093e-07
9,1009,305,29990,0.0590651,0.0590651,0.0590652,0.0590651,4.04101e-07
9,1009,310,30480,0.0590651,0.0590651,0.0590652,0.0590651,3.86223e-07
9,1009,315,30970,0.0590651,0.0590651,0.0590652,0.0590651,2.926e-07
9,1009,320,31460,0.0590651,0.0590651,0.0590651,0.0590651,2.03085e-07
9,1009,325,31950,0.0590651,0.0590651,0.0590651,0.0590651,2.38927e-07
9,1009,330,32440,0.0590651,0.0590651,0.0590652,0.0590651,1.86042e-07
9,1009,335,32930,0.0590651,0.0590651,0.0590651,0.0590651,1.08723e-07
9,1009,340,33420,0.0590651,0.0590651,0.0590651,0.0590651,1.14708e-07
9,1009,345,33910,0.0590651,0.0590651,0.0590651,0.0590651,9.26146e-08
9,1009,350,34400,0.0590651,0.0590651,0.0590651,0.0590651,7.75442e-08
9,1009,355,34890,0.0590651,0.0590651,0.0590651,0.0590651,8.57238e-08
9,1009,360,35380,0.0590651,0.0590651,0.0590651,0.0590651,4.72036e-08
9,1009,365,35870,0.0590651,0.0590651,0.0590651,0.0590651,6.23007e-08
9,1009,370,36360,0.0590651,0.0590651,0.0590651,0.0590651,7.17637e-08
9,1009,375,36850,0.0590651,0.0590651,0.0590651,0.0590651,5.02973e-08
9,1009,380,37340,0.0590651,0.0590651,0.0590651,0.0590651,5.64617e-08
9,1009,385,37830,0.0590651,0.0590651,0.0590651,0.0590651,4.5228e-08
9,1009,390,38320,0.0590651,0.0590651,0.0590651,0.0590651,4.54382e-08
9,1009,395,38810,0.0590651,0.0590651,0.0590651,0.0590651,5.77455e-08
9,1009,400,39300,0.0590651,0.0590651,0.0590651,0.0590651,4.92812e-08
9,1009,405,39790,0.0590651,0.0590651,0.0590651,0.0590651,4.60796e-08
9,1009,410,40280,0.0590651,0.0590651,0.0590651,0.0590651,4.11335e-08
9,1009,415,40770,0.0590651,0.0590651,0.0590651,0.0590651,3.831e-08
9,1009,420,41260,0.0590651,0.0590651,0.0590651,0.0590651,3.83483e-08
9,1009,425,41750,0.0590651,0.0590651,0.0590651,0.0590651,3.90353e-08
9,1009,430,42240,0.0590651,0.0590651,0.0590651,0.0590651,2.9137e-08
9,1009,435,42730,0.0590651,0.0590651,0.0590651,0.0590651,2.83401e-08
9,1009,440,43220,0.0590651,0.0590651,0.0590651,0.0590651,2.78151e-08
9,1009,445,43710,0.0590651,0.0590651,0.0590651,0.0590651,2.39543e-08
9,1009,450,44200,0.0590651,0.0590651,0.0590651,0.0590651,2.5578e-08
9,1009,455,44690,0.0590651,0.0590651,0.0590651,0.0590651,2.03784e-08
9,1009,460,45180,0.0590651,0.0590651,0.0590651,0.0590651,1.53463e-08
9,1009,465,45670,0.0590651,0.0590651,0.0590651,0.0590651,9.7078e-09
9,1009,470,46160,0.0590651,0.0590651,0.0590651,0.0590651,8.60019e-09
9,1009,475,46650,0.0590651,0.0590651,0.0590651,0.0590651,6.80163e-09
9,1009,480,47140,0.0590651,0.0590651,0.0590651,0.0590651,6.72351e-09
9,1009,485,47630,0.0590651,0.0590651,0.0590651,0.0590651,5.03292e-09
9,1009,490,48120,0.0590651,0.0590651,0.0590651,0.0590651,5.13892e-09
9,1009,495,48610,0.0590651,0.0590651,0.0590651,0.0590651,5.445e-09
9,1009,500,49100,0.0590651,0.0590651,0.0590651,0.0590651,4.0908e-09
9,1009,505,49590,0.0590651,0.0590651,0.0590651,0.0590651,3.70552e-09
9,1009,510,50000,0.0590651,0.0590651,0.0590651,0.0590651,3.0254e-09
10,1010,0,100,116.55,116.55,303.127,301.111,0.01
10,1010,5,590,16.9281,16.9281,53.6843,48.5059,0.013513
10,1010,10,1080,3.02142,3.02142,9.02412,8.1934,0.0143444
10,1010,15,1570,1.31177,1.31177,2.2056,2.13663,0.0100665
10,1010,20,2060,1.08565,1.08565,1.32742,1.28758,0.00723837
10,1010,25,2550,0.913403,0.913403,1.10149,1.09583,0.00605055
10,1010,30,3040,0.525188,0.525188,1.04802,1.03786,0.00538734
10,1010,35,3530,0.525188,0.525188,1.03452,1.03091,0.00354192
10,1010,40,4020,0.424389,0.424389,1.01785,1.01963,0.00296971
10,1010,45,4510,0.366838,0.366838,0.995105,1.01781,0.0025461
10,1010,50,5000,0.347083,0.347083,0.993419,1.01899,0.00225777
10,1010,55,5490,0.347083,0.347083,1.0076,1.01461,0.0026784
10,1010,60,5980,0.287896,0.287896,1.01569,1.02107,0.00185453
10,1010,65,6470,0.287896,0.287896,0.96882,1.00576,0.00188202
10,1010,70,6960,0.134596,0.134596,0.800991,0.855546,0.001377
10,1010,75,7450,0.0593432,0.0593432,0.386165,0.30851,0.000952922
10,1010,80,7940,0.0397942,0.0397942,0.157068,0.11139,0.000424171
10,1010,85,8430,0.0198641,0.0198641,0.0872094,0.0627183,0.000342355
10,1010,90,8920,0.0137687,0.0137687,0.0378668,0.0314083,0.000202505
10,1010,95,9410,0.00818901,0.00818901,0.0185195,0.0152865,0.000155155
10,1010,100,9900,0.00761226,0.00761226,0.011503,0.00965746,0.000112216
10,1010,105,10390,0.00751468,0.00751468,0.0131461,0.00896572,0.00011781
10,1010,110,10880,0.00748211,0.00748211,0.00966599,0.00824276,7.98362e-05
10,1010,115,11370,0.00745682,0.00745682,0.0085747,0.00775063,7.15346e-05
10,1010,120,11860,0.00741909,0.00741909,0.0085672,0.00757833,4.95798e-05
10,1010,125,12350,0.00740708,0.00740708,0.00786347,0.00757028,3.47684e-05
10,1010,130,12840,0.00740456,0.00740456,0.00771766,0.00750531,2.77083e-05
10,1010,135,13330,0.00740077,0.00740077,0.00756056,0.00744815,2.37325e-05
10,1010,140,13820,0.00739982,0.00739982,0.00755971,0.00743593,1.89563e-05
10,1010,145,14310,0.00739841,0.00739841,0.00752603,0.00742694,1.44904e-05
10,1010,150,14800,0.00739763,0.00739763,0.00745401,0.00741052,1.22711e-05
10,1010,155,15290,0.00739687,0.00739687,0.00743721,0.00740516,9.68911e-06
10,1010,160,15780,0.00739624,0.00739624,0.00742465,0.00740498,8.26564e-06
10,1010,165,16270,0.00739624,0.00739624,0.0074126,0.00740166,8.01414e-06
10,1010,170,16760,0.0073962,0.0073962,0.00740354,0.00739968,5.95533e-06
10,1010,175,17250,0.00739616,0.00739616,0.00741194,0.00740021,5.12102e-06
10,1010,180,17740,0.00739611,0.00739611,0.00740567,0.00739797,4.031e-06
10,1010,185,18230,0.00739611,0.00739611,0.00739965,0.00739715,3.0703e-06
10,1010,190,18720,0.00739608,0.00739608,0.0073975,0.00739661,1.91379e-06
10,1010,195,19210,0.00739607,0.00739607,0.00739696,0.00739623,1.31816e-06
10,1010,200,19700,0.00739605,0.00739605,0.00739642,0.0073962,1.25071e-06
10,1010,205,20190,0.00739605,0.00739605,0.00739656,0.00739618,1.21297e-06
10,1010,210,20680,0.00739605,0.00739605,0.00739645,0.00739613,1.2026e-06
10,1010,215,21170,0.00739605,0.00739605,0.00739623,0.00739612,8.11593e-07
10,1010,220,21660,0.00739604,0.00739604,0.00739614,0.00739608,5.80509e-07
10,1010,225,22150,0.00739604,0.00739604,0.00739611,0.00739606,3.94913e-07
10,1010,230,22640,0.00739604,0.00739604,0.00739607,0.00739605,2.94777e-07
10,1010,235,23130,0.00739604,0.00739604,0.00739605,0.00739604,1.25286e-07
10,1010,240,23620,0.00739604,0.00739604,0.00739605,0.00739604,1.37037e-07
10,1010,245,24110,0.00739604,0.00739604,0.00739604,0.00739604,6.92295e-08
10,1010,250,24600,0.00739604,0.00739604,0.00739604,0.00739604,4.52642e-08
10,1010,255,25090,0.00739604,0.00739604,0.00739604,0.00739604,3.77839e-08
10,1010,260,25580,0.00739604,0.00739604,0.00739604,0.00739604,3.4349e-08
10,1010,265,26070,0.00739604,0.00739604,0.00739604,0.00739604,4.25984e-08
10,1010,270,26560,0.00739604,0.00739604,0.00739604,0.00739604,3.49781e-08
10,1010,275,27050,0.00739604,0.00739604,0.00739604,0.00739604,2.69911e-08
10,1010,280,27540,0.00739604,0.00739604,0.00739604,0.00739604,1.82685e-08
10,1010,285,28030,0.00739604,0.00739604,0.00739604,0.00739604,1.37454e-08
10,1010,290,28520,0.00739604,0.00739604,0.00739604,0.00739604,8.84799e-09
10,1010,295,29010,0.00739604,0.00739604,0.00739604,0.00739604,7.889e-09
10,1010,300,29500,0.00739604,0.00739604,0.00739604,0.00739604,6.65768e-09
10,1010,305,29990,0.00739604,0.00739604,0.00739604,0.00739604,4.11256e-09
10,1010,310,30480,0.00739604,0.00739604,0.00739604,0.00739604,3.21643e-09
10,1010,315,30970,0.00739604,0.00739604,0.00739604,0.00739604,2.70177e-09
10,1010,320,31460,0.00739604,0.00739604,0.00739604,0.00739604,2.34753e-09
10,1010,325,31950,0.00739604,0.00739604,0.00739604,0.00739604,1.56939e-09
10,1010,330,32440,0.00739604,0.00739604,0.00739604,0.00739604,1.90619e-09
10,1010,335,32930,0.00739604,0.00739604,0.00739604,0.00739604,2.33721e-09
10,1010,340,33420,0.00739604,0.00739604,0.00739604,0.00739604,2.02273e-09
10,1010,345,33910,0.00739604,0.00739604,0.00739604,0.00739604,1.92066e-09
10,1010,350,34400,0.00739604,0.00739604,0.00739604,0.00739604,2.49868e-09
10,1010,355,34890,0.00739604,0.00739604,0.00739604,0.00739604,2.11359e-09
10,1010,360,35380,0.00739604,0.00739604,0.00739604,0.00739604,1.70466e-09
10,1010,365,35870,0.00739604,0.00739604,0.00739604,0.00739604,1.95487e-09
10,1010,370,36360,0.00739604,0.00739604,0.00739604,0.00739604,1.79194e-09
10,1010,375,36850,0.00739604,0.00739604,0.00739604,0.00739604,1.75701e-09
10,1010,380,37340,0.00739604,0.00739604,0.00739604,0.00739604,1.74201e-09
10,1010,385,37830,0.00739604,0.00739604,0.00739604,0.00739604,1.56289e-09
10,1010,390,38320,0.00739604,0.00739604,0.00739604,0.00739604,1.48839e-09
10,1010,395,38810,0.00739604,0.00739604,0.00739604,0.00739604,1.40503e-09
10,1010,400,39300,0.00739604,0.00739604,0.00739604,0.00739604,1.42252e-09
10,1010,405,39790,0.00739604,0.00739604,0.00739604,0.00739604,1.36878e-09
10,1010,410,40280,0.00739604,0.00739604,0.00739604,0.00739604,1.41368e-09
10,1010,415,40770,0.00739604,0.00739604,0.00739604,0.00739604,1.60168e-09
10,1010,420,41260,0.00739604,0.00739604,0.00739604,0.00739604,1.55979e-09
10,1010,425,41750,0.00739604,0.00739604,0.00739604,0.00739604,1.56214e-09
10,1010,430,42240,0.00739604,0.00739604,0.00739604,0.00739604,1.69151e-09
10,1010,435,42730,0.00739604,0.00739604,0.00739604,0.00739604,1.57815e-09
10,1010,440,43220,0.00739604,0.00739604,0.00739604,0.00739604,1.64551e-09
10,1010,445,43710,0.00739604,0.00739604,0.00739604,0.00739604,1.58156e-09
10,1010,450,44200,0.00739604,0.00739604,0.00739604,0.00739604,1.52762e-09
10,1010,455,44690,0.00739604,0.00739604,0.00739604,0.00739604,1.51653e-09
10,1010,460,45180,0.00739604,0.00739604,0.00739604,0.00739604,1.68841e-09
10,1010,465,45670,0.00739604,0.00739604,0.00739604,0.00739604,1.62578e-09
10,1010,470,46160,0.00739604,0.00739604,0.00739604,0.00739604,2.16839e-09
10,1010,475,46650,0.00739604,0.00739604,0.00739604,0.00739604,2.09832e-09
10,1010,480,47140,0.00739604,0.00739604,0.00739604,0.00739604,2.57066e-09
10,1010,485,47630,0.00739604,0.00739604,0.00739604,0.00739604,2.50706e-09
10,1010,490,48120,0.00739604,0.00739604,0.00739604,0.00739604,2.08596e-09
10,1010,495,48610,0.00739604,0.00739604,0.00739604,0.00739604,1.80569e-09
10,1010,500,49100,0.00739604,0.00739604,0.00739604,0.00739604,2.01819e-09
10,1010,505,49590,0.00739604,0.00739604,0.00739604,0.00739604,1.99307e-09
10,1010,510,50000,0.00739604,0.00739604,0.00739604,0.00739604,1.78724e-09
11,1011,0,100,115.384,115.384,290.399,296.728,0.01
11,1011,5,590,13.4687,13.4687,40.2353,39.0515,0.0110978
11,1011,10,1080,2.55311,2.55311,5.36048,4.88757,0.00792997
11,1011,15,1570,1.35946,1.35946,2.21428,2.04045,0.00815458
11,1011,20,2060,1.01423,1.01423,1.31811,1.28689,0.0103639
11,1011,25,2550,0.907374,0.907374,1.19261,1.14009,0.00993808
11,1011,30,3040,0.769543,0.769543,1.13398,1.08847,0.0090331
11,1011,35,3530,0.632581,0.632581,1.09794,1.05947,0.00745735
11,1011,40,4020,0.632581,0.632581,1.0413,1.04248,0.00517446
11,1011,45,4510,0.632581,0.632581,1.04989,1.0417,0.00597657
11,1011,50,5000,0.53042,0.53042,1.01464,1.03169,0.00359081
11,1011,55,5490,0.429271,0.429271,0.99002,1.01859,0.00197172
11,1011,60,5980,0.130768,0.130768,0.650324,0.651668,0.00125376
11,1011,65,6470,0.0369274,0.0369274,0.33052,0.2172,0.00080252
11,1011,70,6960,0.0124686,0.0124686,0.170641,0.100807,0.000628741
11,1011,75,7450,0.00752248,0.00752248,0.0999765,0.0588168,0.000653042
11,1011,80,7940,0.00327557,0.00327557,0.0871426,0.0419963,0.000530257
11,1011,85,8430,0.00260787,0.00260787,0.0533816,0.02356,0.000426268
11,1011,90,8920,0.00187547,0.00187547,0.0494677,0.0152333,0.00038489
11,1011,95,9410,0.000772713,0.000772713,0.0175812,0.00800653,0.00025186
11,1011,100,9900,0.000618628,0.000618628,0.00797114,0.00297863,0.000159283
11,1011,105,10390,0.000256428,0.000256428,0.00529297,0.00168045,0.000124606
11,1011,110,10880,7.55014e-05,7.55014e-05,0.00201425,0.00096622,8.00877e-05
11,1011,115,11370,5.57932e-05,5.57932e-05,0.00182683,0.000689258,7.31553e-05
11,1011,120,11860,3.37767e-05,3.37767e-05,0.00156894,0.000616298,7.01795e-05
11,1011,125,12350,1.90036e-05,1.90036e-05,0.000899,0.000406674,5.08777e-05
11,1011,130,12840,1.41625e-05,1.41625e-05,0.000965533,0.00014505,3.51046e-05
11,1011,135,13330,8.60843e-06,8.60843e-06,0.000244983,7.28528e-05,3.17411e-05
11,1011,140,13820,5.85175e-06,5.85175e-06,0.000530675,6.36439e-05,3.67801e-05
11,1011,145,14310,3.55855e-06,3.55855e-06,0.000442328,9.93787e-05,3.04231e-05
11,1011,150,14800,3.55855e-06,3.55855e-06,0.000210295,5.74129e-05,2.23038e-05
11,1011,155,15290,3.55855e-06,3.55855e-06,0.000221159,5.62569e-05,2.411e-05
11,1011,160,15780,3.55855e-06,3.55855e-06,0.000253179,3.69191e-05,2.64356e-05
11,1011,165,16270,3.08724e-06,3.08724e-06,0.000136976,3.73006e-05,1.74605e-05
11,1011,170,16760,1.44652e-06,1.44652e-06,4.90131e-05,2.11787e-05,1.1245e-05
11,1011,175,17250,9.9009e-07,9.9009e-07,2.58829e-05,5.17103e-06,8.93546e-06
11,1011,180,17740,5.52433e-07,5.52433e-07,2.38159e-05,4.91513e-06,8.61644e-06
11,1011,185,18230,1.8745e-07,1.8745e-07,1.45011e-05,2.02459e-06,5.96126e-06
11,1011,190,18720,1.29415e-07,1.29415e-07,6.15373e-06,2.12674e-06,4.38255e-06
11,1011,195,19210,6.4306e-08,6.4306e-08,6.2841e-06,1.42193e-06,4.00543e-06
11,1011,200,19700,5.39421e-08,5.39421e-08,3.74389e-06,9.65061e-07,3.34801e-06
11,1011,205,20190,2.82599e-08,2.82599e-08,3.28522e-06,1.12267e-06,2.90226e-06
11,1011,210,20680,1.68691e-08,1.68691e-08,2.14629e-06,8.03873e-07,2.92128e-06
11,1011,215,21170,1.07268e-08,1.07268e-08,2.95449e-06,3.41947e-07,2.19914e-06
11,1011,220,21660,7.21773e-09,7.21773e-09,1.1814e-06,4.61974e-07,2.06375e-06
11,1011,225,22150,3.83212e-09,3.83212e-09,1.32212e-06,2.68818e-07,2.03495e-06
11,1011,230,22640,2.73608e-09,2.73608e-09,8.55192e-07,2.12598e-07,1.86067e-06
11,1011,235,23130,2.08224e-09,2.08224e-09,6.40696e-07,1.06145e-07,1.43189e-06
11,1011,240,23620,2.08224e-09,2.08224e-09,6.23557e-07,1.65146e-07,1.47693e-06
11,1011,245,24110,1.40631e-09,1.40631e-09,4.16471e-07,1.31219e-07,1.11281e-06
11,1011,250,24600,1.40631e-09,1.40631e-09,2.74974e-07,7.26976e-08,8.77262e-07
11,1011,255,25090,1.40631e-09,1.40631e-09,4.13299e-07,5.167e-08,7.98591e-07
11,1011,260,25580,5.78601e-10,5.78601e-10,1.44373e-07,5.23832e-08,5.89286e-07
11,1011,265,26070,5.78601e-10,5.78601e-10,7.41372e-08,2.46559e-08,5.10093e-07
11,1011,270,26560,5.78601e-10,5.78601e-10,8.64335e-08,1.8988e-08,3.92767e-07
11,1011,275,27050,4.29789e-10,4.29789e-10,3.91468e-08,9.84586e-09,3.21096e-07
11,1011,280,27540,2.79098e-10,2.79098e-10,2.25419e-08,7.69289e-09,2.87211e-07
11,1011,285,28030,1.63877e-10,1.63877e-10,2.55836e-08,7.42366e-09,3.43151e-07
11,1011,290,28520,1.63877e-10,1.63877e-10,1.88284e-08,6.08673e-09,2.55091e-07
11,1011,295,29010,1.63877e-10,1.63877e-10,3.10907e-08,4.91068e-09,2.9904e-07
11,1011,300,29500,1.51707e-10,1.51707e-10,2.12011e-08,3.13068e-09,2.2774e-07
11,1011,305,29990,1.25652e-10,1.25652e-10,1.21398e-08,2.44881e-09,1.57201e-07
11,1011,310,30480,9.02468e-11,9.02468e-11,7.41172e-09,2.32266e-09,1.44503e-07
11,1011,315,30970,5.87974e-11,5.87974e-11,3.5362e-09,1.11237e-09,9.23021e-08
11,1011,320,31460,5.87974e-11,5.87974e-11,1.77314e-09,7.02786e-10,8.29137e-08
11,1011,325,31950,4.73006e-11,4.73006e-11,1.21561e-09,7.01515e-10,6.95317e-08
11,1011,330,32440,2.46686e-11,2.46686e-11,1.41694e-09,4.21381e-10,5.85174e-08
11,1011,335,32930,1.60351e-11,1.60351e-11,2.44478e-09,2.81458e-10,7.1189e-08
11,1011,340,33420,1.49269e-11,1.49269e-11,1.83595e-09,4.19882e-10,5.94692e-08
11,1011,345,33910,1.2602e-11,1.2602e-11,6.17114e-10,1.73639e-10,3.99414e-08
11,1011,350,34400,1.09915e-11,1.09915e-11,2.47625e-10,9.04289e-11,2.55378e-08
11,1011,355,34890,4.49563e-12,4.49563e-12,1.88139e-10,4.89977e-11,2.1038e-08
11,1011,360,35380,4.49563e-12,4.49563e-12,1.26698e-10,4.60996e-11,1.7463e-08
11,1011,365,35870,2.99083e-12,2.99083e-12,1.69799e-10,1.92197e-11,1.93648e-08
11,1011,370,36360,1.0193e-12,1.0193e-12,6.83747e-11,1.32185e-11,1.29096e-08
11,1011,375,36850,8.13127e-13,8.13127e-13,4.24969e-11,1.68412e-11,1.07019e-08
11,1011,380,37340,7.29083e-13,7.29083e-13,2.03506e-11,7.917e-12,7.13266e-09
11,1011,385,37830,4.98823e-13,4.98823e-13,1.83383e-11,3.58902e-12,5.93976e-09
11,1011,390,38320,2.55462e-13,2.55462e-13,5.97011e-12,1.50674e-12,3.7958e-09
11,1011,395,38810,1.17462e-13,1.17462e-13,4.79775e-12,1.12432e-12,3.16302e-09
11,1011,400,39300,7.70495e-14,7.70495e-14,2.08134e-12,5.99243e-13,2.44454e-09
11,1011,405,39790,5.58442e-14,5.58442e-14,1.262e-12,3.55105e-13,1.95271e-09
11,1011,410,40280,2.75335e-14,2.75335e-14,1.56457e-12,2.72671e-13,1.86123e-09
11,1011,415,40770,2.73115e-14,2.73115e-14,1.72247e-12,4.79228e-13,1.55746e-09
11,1011,420,41260,1.14353e-14,1.14353e-14,9.34025e-13,2.51743e-13,1.97029e-09
11,1011,425,41750,1.04361e-14,1.04361e-14,1.43703e-12,2.503e-13,1.42585e-09
11,1011,430,42240,8.77076e-15,8.77076e-15,1.14913e-12,3.55438e-13,1.77829e-09
11,1011,435,42730,8.77076e-15,8.77076e-15,2.46938e-12,3.29015e-13,2.44338e-09
11,1011,440,43220,5.88418e-15,5.88418e-15,2.23802e-12,4.61686e-13,2.66888e-09
11,1011,445,43710,5.88418e-15,5.88418e-15,2.09275e-12,3.18412e-13,2.7458e-09
11,1011,450,44200,5.88418e-15,5.88418e-15,2.69433e-12,5.18086e-13,2.56575e-09
11,1011,455,44690,4.44089e-15,4.44089e-15,1.7492e-12,3.44724e-13,2.66493e-09
11,1011,460,45180,4.44089e-15,4.44089e-15,2.29553e-12,4.98268e-13,2.53291e-09
11,1011,465,45670,4.44089e-15,4.44089e-15,2.93901e-12,4.42923e-13,2.64604e-09
11,1011,470,46160,3.88578e-15,3.88578e-15,1.74277e-12,3.26794e-13,2.2549e-09
11,1011,475,46650,3.88578e-15,3.88578e-15,2.12778e-12,4.71956e-13,2.38817e-09
11,1011,480,47140,2.9976e-15,2.9976e-15,9.44956e-13,3.97571e-13,1.83105e-09
11,1011,485,47630,2.9976e-15,2.9976e-15,1.19411e-12,3.13249e-13,2.09772e-09
11,1011,490,48120,2.9976e-15,2.9976e-15,2.2332e-12,4.64961e-13,2.36795e-09
11,1011,495,48610,2.9976e-15,2.9976e-15,1.9577e-12,6.76348e-13,2.4679e-09
11,1011,500,49100,2.9976e-15,2.9976e-15,1.13173e-12,2.92877e-13,1.97185e-09
11,1011,505,49590,2.66454e-15,2.66454e-15,9.933e-13,3.5244e-13,1.70532e-09
11,1011,510,50000,2.55351e-15,2.55351e-15,1.3483e-12,3.01537e-13,2.0215e-09
12,1012,0,100,156.439,156.439,301.49,293.989,0.01
12,1012,5,590,11.6819,11.6819,73.5522,65.6212,0.00991341
12,1012,10,1080,3.03878,3.03878,12.7008,11.7527,0.0111359
12,1012,15,1570,1.79507,1.79507,3.5864,3.15549,0.0124229
12,1012,20,2060,1.13344,1.13344,1.73672,1.67531,0.0099438
12,1012,25,2550,0.958886,0.958886,1.2076,1.17803,0.00683495
12,1012,30,3040,0.718358,0.718358,1.10536,1.09239,0.00718896
12,1012,35,3530,0.718358,0.718358,1.07343,1.0592,0.0071398
12,1012,40,4020,0.708338,0.708338,1.06237,1.04674,0.00569215
12,1012,45,4510,0.708338,0.708338,1.0403,1.0364,0.0049822
12,1012,50,5000,0.708338,0.708338,1.04921,1.03244,0.00309675
12,1012,55,5490,0.685295,0.685295,1.02728,1.0276,0.00338578
12,1012,60,5980,0.644786,0.644786,1.0335,1.02966,0.00255739
12,1012,65,6470,0.597129,0.597129,0.993375,1.01375,0.00196595
12,1012,70,6960,0.282882,0.282882,0.981622,1.00905,0.00172442
12,1012,75,7450,0.249276,0.249276,0.895498,0.996411,0.00137625
12,1012,80,7940,0.15316,0.15316,0.51017,0.411056,0.000911976
12,1012,85,8430,0.0813608,0.0813608,0.306077,0.183346,0.00106493
12,1012,90,8920,0.0508771,0.0508771,0.210954,0.161184,0.000703148
12,1012,95,9410,0.0288718,0.0288718,0.110975,0.0623332,0.000391013
12,1012,100,9900,0.0250268,0.0250268,0.0561786,0.0424983,0.000303987
12,1012,105,10390,0.0236665,0.0236665,0.05927,0.0311969,0.000261126
12,1012,110,10880,0.0227224,0.0227224,0.0325027,0.0271481,0.000190468
12,1012,115,11370,0.0227051,0.0227051,0.0262758,0.0250286,0.000127699
12,1012,120,11860,0.0222731,0.0222731,0.0286225,0.0245094,0.000101047
12,1012,125,12350,0.0222718,0.0222718,0.0248585,0.023055,9.7448e-05
12,1012,130,12840,0.0221813,0.0221813,0.0247809,0.0227978,8.10758e-05
12,1012,135,13330,0.0221654,0.0221654,0.0232395,0.0224673,6.04038e-05
12,1012,140,13820,0.0221413,0.0221413,0.022903,0.0224637,4.62388e-05
12,1012,145,14310,0.0221327,0.0221327,0.0225302,0.0223109,2.97651e-05
12,1012,150,14800,0.022131,0.022131,0.0222677,0.0221662,2.41794e-05
12,1012,155,15290,0.0221294,0.0221294,0.0222991,0.022178,1.92052e-05
12,1012,160,15780,0.0221281,0.0221281,0.022171,0.0221482,1.11451e-05
12,1012,165,16270,0.0221272,0.0221272,0.0221603,0.0221399,9.47227e-06
12,1012,170,16760,0.0221271,0.0221271,0.022142,0.0221327,6.70465e-06
12,1012,175,17250,0.022127,0.022127,0.0221393,0.0221313,7.29814e-06
12,1012,180,17740,0.0221269,0.0221269,0.0221366,0.0221306,5.66068e-06
12,1012,185,18230,0.0221269,0.0221269,0.022142,0.0221285,6.54079e-06
12,1012,190,18720,0.0221269,0.0221269,0.0221388,0.0221295,6.47581e-06
12,1012,195,19210,0.0221268,0.0221268,0.0221453,0.0221299,6.70055e-06
12,1012,200,19700,0.0221268,0.0221268,0.0221339,0.0221282,4.78536e-06
12,1012,205,20190,0.0221268,0.0221268,0.0221326,0.0221279,3.53734e-06
12,1012,210,20680,0.0221267,0.0221267,0.0221299,0.0221272,2.18635e-06
12,1012,215,21170,0.0221267,0.0221267,0.0221278,0.022127,1.68902e-06
12,1012,220,21660,0.0221267,0.0221267,0.0221273,0.0221269,1.27397e-06
12,1012,225,22150,0.0221267,0.0221267,0.0221271,0.0221268,8.29645e-07
12,1012,230,22640,0.0221267,0.0221267,0.0221269,0.0221268,7.8135e-07
12,1012,235,23130,0.0221267,0.0221267,0.0221268,0.0221268,6.52917e-07
12,1012,240,23620,0.0221267,0.0221267,0.0221269,0.0221268,6.67256e-07
12,1012,245,24110,0.0221267,0.0221267,0.0221269,0.0221268,5.6554e-07
12,1012,250,24600,0.0221267,0.0221267,0.0221268,0.0221268,3.86386e-07
12,1012,255,25090,0.0221267,0.0221267,0.0221268,0.0221267,4.25052e-07
12,1012,260,25580,0.0221267,0.0221267,0.0221268,0.0221267,2.8596e-07
12,1012,265,26070,0.0221267,0.0221267,0.0221268,0.0221267,1.8959e-07
12,1012,270,26560,0.0221267,0.0221267,0.0221267,0.0221267,1.40265e-07
12,1012,275,27050,0.0221267,0.0221267,0.0221267,0.0221267,8.07206e-08
12,1012,280,27540,0.0221267,0.0221267,0.0221267,0.0221267,6.73877e-08
12,1012,285,28030,0.0221267,0.0221267,0.0221267,0.0221267,4.769e-08
12,1012,290,28520,0.0221267,0.0221267,0.0221267,0.0221267,3.40169e-08
12,1012,295,29010,0.0221267,0.0221267,0.0221267,0.0221267,2.93587e-08
12,1012,300,29500,0.0221267,0.0221267,0.0221267,0.0221267,2.19486e-08
12,1012,305,29990,0.0221267,0.0221267,0.0221267,0.0221267,2.14526e-08
12,1012,310,30480,0.0221267,0.0221267,0.0221267,0.0221267,1.57474e-08
12,1012,315,30970,0.0221267,0.0221267,0.0221267,0.0221267,1.55015e-08
12,1012,320,31460,0.0221267,0.0221267,0.0221267,0.0221267,1.06573e-08
12,1012,325,31950,0.0221267,0.0221267,0.0221267,0.0221267,8.71479e-09
12,1012,330,32440,0.0221267,0.0221267,0.0221267,0.0221267,5.43442e-09
12,1012,335,32930,0.0221267,0.0221267,0.0221267,0.0221267,4.28265e-09
12,1012,340,33420,0.0221267,0.0221267,0.0221267,0.0221267,3.67511e-09
12,1012,345,33910,0.0221267,0.0221267,0.0221267,0.0221267,4.4437e-09
12,1012,350,34400,0.0221267,0.0221267,0.0221267,0.0221267,4.96799e-09
12,1012,355,34890,0.0221267,0.0221267,0.0221267,0.0221267,5.98457e-09
12,1012,360,35380,0.0221267,0.0221267,0.0221267,0.0221267,5.24775e-09
12,1012,365,35870,0.0221267,0.0221267,0.0221267,0.0221267,4.7671e-09
12,1012,370,36360,0.0221267,0.0221267,0.0221267,0.0221267,3.32427e-09
12,1012,375,36850,0.0221267,0.0221267,0.0221267,0.0221267,2.88574e-09
12,1012,380,37340,0.0221267,0.0221267,0.0221267,0.0221267,2.19521e-09
12,1012,385,37830,0.0221267,0.0221267,0.0221267,0.0221267,2.43468e-09
12,1012,390,38320,0.0221267,0.0221267,0.0221267,0.0221267,2.06389e-09
12,1012,395,38810,0.0221267,0.0221267,0.0221267,0.0221267,1.52834e-09
12,1012,400,39300,0.0221267,0.0221267,0.0221267,0.0221267,1.57989e-09
12,1012,405,39790,0.0221267,0.0221267,0.0221267,0.0221267,1.50814e-09
12,1012,410,40280,0.0221267,0.0221267,0.0221267,0.0221267,2.20361e-09
12,1012,415,40770,0.0221267,0.0221267,0.0221267,0.0221267,2.00798e-09
12,1012,420,41260,0.0221267,0.0221267,0.0221267,0.0221267,1.6679e-09
12,1012,425,41750,0.0221267,0.0221267,0.0221267,0.0221267,2.05949e-09
12,1012,430,42240,0.0221267,0.0221267,0.0221267,0.0221267,1.47649e-09
12,1012,435,42730,0.0221267,0.0221267,0.0221267,0.0221267,1.64105e-09
12,1012,440,43220,0.0221267,0.0221267,0.0221267,0.0221267,1.38118e-09
12,1012,445,43710,0.0221267,0.0221267,0.0221267,0.0221267,1.63168e-09
12,1012,450,44200,0.0221267,0.0221267,0.0221267,0.0221267,1.40835e-09
12,1012,455,44690,0.0221267,0.0221267,0.0221267,0.0221267,1.61903e-09
12,1012,460,45180,0.0221267,0.0221267,0.0221267,0.0221267,1.70812e-09
12,1012,465,45670,0.0221267,0.0221267,0.0221267,0.0221267,1.51561e-09
12,1012,470,46160,0.0221267,0.0221267,0.0221267,0.0221267,1.40896e-09
12,1012,475,46650,0.0221267,0.0221267,0.0221267,0.0221267,1.36182e-09
12,1012,480,47140,0.0221267,0.0221267,0.0221267,0.0221267,1.52591e-09
12,1012,485,47630,0.0221267,0.0221267,0.0221267,0.0221267,1.33364e-09
12,1012,490,48120,0.0221267,0.0221267,0.0221267,0.0221267,1.22235e-09
12,1012,495,48610,0.0221267,0.0221267,0.0221267,0.0221267,1.36338e-09
12,1012,500,49100,0.0221267,0.0221267,0.0221267,0.0221267,1.41457e-09
12,1012,505,49590,0.0221267,0.0221267,0.0221267,0.0221267,1.25394e-09
12,1012,510,50000,0.0221267,0.0221267,0.0221267,0.0221267,1.51951e-09
13,1013,0,100,134.402,134.402,306.098,308.206,0.01
13,1013,5,590,13.5054,13.5054,75.3907,65.9569,0.00911245
13,1013,10,1080,5.11374,5.11374,12.8685,12.3983,0.00872635
13,1013,15,1570,1.77895,1.77895,3.84126,3.55322,0.00808493
13,1013,20,2060,1.19695,1.19695,1.77854,1.73156,0.0104782
13,1013,25,2550,1.06703,1.06703,1.25465,1.242,0.00994738
13,1013,30,3040,0.892111,0.892111,1.11728,1.10534,0.00828152
13,1013,35,3530,0.800772,0.800772,1.06451,1.05428,0.00661724
13,1013,40,4020,0.525122,0.525122,1.03106,1.03621,0.00565708
13,1013,45,4510,0.525122,0.525122,1.08339,1.06924,0.00607726
13,1013,50,5000,0.525122,0.525122,1.07896,1.04678,0.00398736
13,1013,55,5490,0.525122,0.525122,1.0279,1.03056,0.0038568
13,1013,60,5980,0.525122,0.525122,1.00376,1.02047,0.00288336
13,1013,65,6470,0.525122,0.525122,1.03713,1.03445,0.00404171
13,1013,70,6960,0.525122,0.525122,1.03374,1.03989,0.00438388
13,1013,75,7450,0.465255,0.465255,1.03114,1.04081,0.00423562
13,1013,80,7940,0.308061,0.308061,1.0531,1.04323,0.00334154
13,1013,85,8430,0.308061,0.308061,1.03068,1.03538,0.00348749
13,1013,90,8920,0.308061,0.308061,1.02369,1.02896,0.00293869
13,1013,95,9410,0.308061,0.308061,1.02852,1.02628,0.00311376
13,1013,100,9900,0.308061,0.308061,1.02853,1.02885,0.00320331
13,1013,105,10390,0.308061,0.308061,1.02339,1.02802,0.00364006
13,1013,110,10880,0.277702,0.277702,1.02601,1.03704,0.00344263
13,1013,115,11370,0.186817,0.186817,1.00418,1.03721,0.00308502
13,1013,120,11860,0.186817,0.186817,1.01421,1.04031,0.00339624
13,1013,125,12350,0.168697,0.168697,0.988143,1.02515,0.00326068
13,1013,130,12840,0.168697,0.168697,1.00542,1.03601,0.00286059
13,1013,135,13330,0.168697,0.168697,1.0075,1.03023,0.00345651
13,1013,140,13820,0.168697,0.168697,0.964196,1.02603,0.00303311
13,1013,145,14310,0.166245,0.166245,1.01188,1.03602,0.00353579
13,1013,150,14800,0.166245,0.166245,0.907315,0.998761,0.00337213
13,1013,155,15290,0.166063,0.166063,0.897105,0.96108,0.00284168
13,1013,160,15780,0.146107,0.146107,0.667914,0.562328,0.00230537
13,1013,165,16270,0.0997966,0.0997966,0.506554,0.389949,0.00158795
13,1013,170,16760,0.050693,0.050693,0.357145,0.234013,0.00108411
13,1013,175,17250,0.0379683,0.0379683,0.19861,0.109095,0.000585106
13,1013,180,17740,0.0286062,0.0286062,0.184029,0.0785928,0.000628441
13,1013,185,18230,0.0279878,0.0279878,0.126384,0.063355,0.000540449
13,1013,190,18720,0.0263653,0.0263653,0.090906,0.0525175,0.000398395
13,1013,195,19210,0.0258403,0.0258403,0.0706809,0.0375906,0.000275379
13,1013,200,19700,0.0253785,0.0253785,0.0449698,0.0295778,0.000215326
13,1013,205,20190,0.0248692,0.0248692,0.0360208,0.0281823,0.000147037
13,1013,210,20680,0.0247193,0.0247193,0.0275877,0.0259706,8.49455e-05
13,1013,215,21170,0.0246937,0.0246937,0.0258135,0.0252674,5.50259e-05
13,1013,220,21660,0.0246436,0.0246436,0.0250636,0.024827,4.01802e-05
13,1013,225,22150,0.0246031,0.0246031,0.0249568,0.0247474,3.34314e-05
13,1013,230,22640,0.0245932,0.0245932,0.0248156,0.024675,2.20476e-05
13,1013,235,23130,0.0245924,0.0245924,0.0247236,0.0246206,1.31111e-05
13,1013,240,23620,0.0245922,0.0245922,0.0246353,0.0246065,9.28463e-06
13,1013,245,24110,0.0245919,0.0245919,0.024618,0.0245979,7.14569e-06
13,1013,250,24600,0.0245908,0.0245908,0.0246134,0.0245977,7.87263e-06
13,1013,255,25090,0.0245908,0.0245908,0.0246126,0.0245955,5.65905e-06
13,1013,260,25580,0.0245907,0.0245907,0.0246042,0.0245938,5.03579e-06
13,1013,265,26070,0.0245907,0.0245907,0.0246006,0.0245929,5.18713e-06
13,1013,270,26560,0.0245906,0.0245906,0.0245952,0.0245924,4.44882e-06
13,1013,275,27050,0.0245905,0.0245905,0.0245932,0.0245913,3.01728e-06
13,1013,280,27540,0.0245905,0.0245905,0.0245921,0.024591,2.10117e-06
13,1013,285,28030,0.0245905,0.0245905,0.0245918,0.0245907,1.79075e-06
13,1013,290,28520,0.0245905,0.0245905,0.0245911,0.0245907,1.7164e-06
13,1013,295,29010,0.0245904,0.0245904,0.0245916,0.0245907,1.71243e-06
13,1013,300,29500,0.0245904,0.0245904,0.0245909,0.0245907,1.0797e-06
13,1013,305,29990,0.0245904,0.0245904,0.0245906,0.0245905,8.75737e-07
13,1013,310,30480,0.0245904,0.0245904,0.0245908,0.0245905,1.0088e-06
13,1013,315,30970,0.0245904,0.0245904,0.0245906,0.0245905,9.77341e-07
13,1013,320,31460,0.0245904,0.0245904,0.0245906,0.0245905,5.67802e-07
13,1013,325,31950,0.0245904,0.0245904,0.0245905,0.0245905,3.72329e-07
13,1013,330,32440,0.0245904,0.0245904,0.0245905,0.0245904,2.90801e-07
13,1013,335,32930,0.0245904,0.0245904,0.0245904,0.0245904,1.979e-07
13,1013,340,33420,0.0245904,0.0245904,0.0245904,0.0245904,1.20291e-07
13,1013,345,33910,0.0245904,0.0245904,0.0245904,0.0245904,7.52905e-08
13,1013,350,34400,0.0245904,0.0245904,0.0245904,0.0245904,7.13317e-08
13,1013,355,34890,0.0245904,0.0245904,0.0245904,0.0245904,8.26998e-08
13,1013,360,35380,0.0245904,0.0245904,0.0245904,0.0245904,5.42559e-08
13,1013,365,35870,0.0245904,0.0245904,0.0245904,0.0245904,3.69698e-08
13,1013,370,36360,0.0245904,0.0245904,0.0245904,0.0245904,1.86086e-08
13,1013,375,36850,0.0245904,0.0245904,0.0245904,0.0245904,1.4131e-08
13,1013,380,37340,0.0245904,0.0245904,0.0245904,0.0245904,9.45446e-09
13,1013,385,37830,0.0245904,0.0245904,0.0245904,0.0245904,8.7448e-09
13,1013,390,38320,0.0245904,0.0245904,0.0245904,0.0245904,7.61217e-09
13,1013,395,38810,0.0245904,0.0245904,0.0245904,0.0245904,4.58229e-09
13,1013,400,39300,0.0245904,0.0245904,0.0245904,0.0245904,3.44122e-09
13,1013,405,39790,0.0245904,0.0245904,0.0245904,0.0245904,2.75694e-09
13,1013,410,40280,0.0245904,0.0245904,0.0245904,0.0245904,2.31694e-09
13,1013,415,40770,0.0245904,0.0245904,0.0245904,0.0245904,1.90703e-09
13,1013,420,41260,0.0245904,0.0245904,0.0245904,0.0245904,2.19362e-09
13,1013,425,41750,0.0245904,0.0245904,0.0245904,0.0245904,1.55931e-09
13,1013,430,42240,0.0245904,0.0245904,0.0245904,0.0245904,1.69444e-09
13,1013,435,42730,0.0245904,0.0245904,0.0245904,0.0245904,1.42198e-09
13,1013,440,43220,0.0245904,0.0245904,0.0245904,0.0245904,1.61181e-09
13,1013,445,43710,0.0245904,0.0245904,0.0245904,0.0245904,1.56395e-09
13,1013,450,44200,0.0245904,0.0245904,0.0245904,0.0245904,1.49125e-09
13,1013,455,44690,0.0245904,0.0245904,0.0245904,0.0245904,1.19122e-09
13,1013,460,45180,0.0245904,0.0245904,0.0245904,0.0245904,1.2283e-09
13,1013,465,45670,0.0245904,0.0245904,0.0245904,0.0245904,1.50428e-09
13,1013,470,46160,0.0245904,0.0245904,0.0245904,0.0245904,1.25405e-09
13,1013,475,46650,0.0245904,0.0245904,0.0245904,0.0245904,1.26969e-09
13,1013,480,47140,0.0245904,0.0245904,0.0245904,0.0245904,1.1999e-09
13,1013,485,47630,0.0245904,0.0245904,0.0245904,0.0245904,1.39158e-09
13,1013,490,48120,0.0245904,0.0245904,0.0245904,0.0245904,1.32555e-09
13,1013,495,48610,0.0245904,0.0245904,0.0245904,0.0245904,1.2805e-09
13,1013,500,49100,0.0245904,0.0245904,0.0245904,0.0245904,1.35929e-09
13,1013,505,49590,0.0245904,0.0245904,0.0245904,0.0245904,1.52057e-09
13,1013,510,50000,0.0245904,0.0245904,0.0245904,0.0245904,1.27021e-09
14,1014,0,100,73.2356,73.2356,295.156,295.8,0.01
14,1014,5,590,13.5373,13.5373,67.1339,59.469,0.0104082
14,1014,10,1080,3.50569,3.50569,9.8288,8.9797,0.0130333
14,1014,15,1570,1.76806,1.76806,3.35438,3.17585,0.0112438
14,1014,20,2060,1.11526,1.11526,1.81623,1.7233,0.00923329
14,1014,25,2550,0.98499,0.98499,1.2518,1.18133,0.00916494
14,1014,30,3040,0.91592,0.91592,1.10871,1.1098,0.00544266
14,1014,35,3530,0.891572,0.891572,1.0605,1.05175,0.00367063
14,1014,40,4020,0.75576,0.75576,1.05209,1.03403,0.00383567
14,1014,45,4510,0.704093,0.704093,1.02422,1.02755,0.003744
14,1014,50,5000,0.417157,0.417157,1.02636,1.03221,0.00289863
14,1014,55,5490,0.417157,0.417157,1.0162,1.02021,0.00239131
14,1014,60,5980,0.417157,0.417157,1.01194,1.01921,0.00229336
14,1014,65,6470,0.417157,0.417157,1.00016,1.02594,0.00190713
14,1014,70,6960,0.396643,0.396643,0.985441,1.01018,0.00201388
14,1014,75,7450,0.241364,0.241364,0.86856,0.907646,0.00167016
14,1014,80,7940,0.105629,0.105629,0.692127,0.680425,0.00189716
14,1014,85,8430,0.0780291,0.0780291,0.538603,0.454545,0.00192649
14,1014,90,8920,0.063702,0.063702,0.367729,0.224979,0.00163565
14,1014,95,9410,0.0417101,0.0417101,0.545774,0.349014,0.00158543
14,1014,100,9900,0.0406599,0.0406599,0.328509,0.151775,0.00135263
14,1014,105,10390,0.0363838,0.0363838,0.31867,0.159935,0.00115426
14,1014,110,10880,0.0363838,0.0363838,0.348428,0.145695,0.00130801
14,1014,115,11370,0.0337135,0.0337135,0.300269,0.140323,0.00128844
14,1014,120,11860,0.0337135,0.0337135,0.248924,0.122681,0.000885298
14,1014,125,12350,0.0334539,0.0334539,0.185007,0.109326,0.000746296
14,1014,130,12840,0.0316513,0.0316513,0.168381,0.0868121,0.000679126
14,1014,135,13330,0.0314903,0.0314903,0.1683,0.0752148,0.000578143
14,1014,140,13820,0.0314903,0.0314903,0.157829,0.0671837,0.000460523
14,1014,145,14310,0.0305964,0.0305964,0.126853,0.0552396,0.000546434
14,1014,150,14800,0.0303504,0.0303504,0.081782,0.0479418,0.000353652
14,1014,155,15290,0.0300638,0.0300638,0.0557612,0.0417255,0.000309023
14,1014,160,15780,0.0298905,0.0298905,0.0880028,0.0431246,0.000457112
14,1014,165,16270,0.0298905,0.0298905,0.0799371,0.050596,0.00036099
14,1014,170,16760,0.0298389,0.0298389,0.0552867,0.0377424,0.000266634
14,1014,175,17250,0.029703,0.029703,0.0482428,0.0361269,0.000240999
14,1014,180,17740,0.0296716,0.0296716,0.0400406,0.0323808,0.000180468
14,1014,185,18230,0.0296497,0.0296497,0.0380659,0.0326249,0.000173506
14,1014,190,18720,0.0296497,0.0296497,0.0352385,0.0312275,0.00014286
14,1014,195,19210,0.0295998,0.0295998,0.0355997,0.0304615,0.000114816
14,1014,200,19700,0.0295799,0.0295799,0.0322582,0.0300264,8.55508e-05
14,1014,205,20190,0.0295799,0.0295799,0.030444,0.0299871,5.28446e-05
14,1014,210,20680,0.0295618,0.0295618,0.0302779,0.0297867,4.59507e-05
14,1014,215,21170,0.0295573,0.0295573,0.030138,0.0297638,4.12376e-05
14,1014,220,21660,0.029557,0.029557,0.030876,0.0297079,3.704e-05
14,1014,225,22150,0.0295559,0.0295559,0.0296921,0.0296005,2.0837e-05
14,1014,230,22640,0.0295559,0.0295559,0.029625,0.0295973,1.38436e-05
14,1014,235,23130,0.0295546,0.0295546,0.0296117,0.0295716,1.33461e-05
14,1014,240,23620,0.0295531,0.0295531,0.0296268,0.0295692,1.32817e-05
14,1014,245,24110,0.0295531,0.0295531,0.0295831,0.0295615,8.03964e-06
14,1014,250,24600,0.0295527,0.0295527,0.0295668,0.0295566,6.50798e-06
14,1014,255,25090,0.0295526,0.0295526,0.0295801,0.0295588,9.12046e-06
14,1014,260,25580,0.0295525,0.0295525,0.0295626,0.0295543,5.11458e-06
14,1014,265,26070,0.0295523,0.0295523,0.0295562,0.0295535,3.77012e-06
14,1014,270,26560,0.0295523,0.0295523,0.0295558,0.029553,3.02091e-06
14,1014,275,27050,0.0295523,0.0295523,0.0295539,0.0295531,2.69522e-06
14,1014,280,27540,0.0295522,0.0295522,0.0295548,0.0295529,2.59407e-06
14,1014,285,28030,0.0295522,0.0295522,0.0295538,0.0295529,2.19437e-06
14,1014,290,28520,0.0295522,0.0295522,0.0295533,0.0295525,1.77093e-06
14,1014,295,29010,0.0295522,0.0295522,0.0295526,0.0295524,9.7118e-07
14,1014,300,29500,0.0295522,0.0295522,0.0295524,0.0295523,9.50469e-07
14,1014,305,29990,0.0295522,0.0295522,0.0295523,0.0295522,5.10811e-07
14,1014,310,30480,0.0295522,0.0295522,0.0295522,0.0295522,3.39415e-07
14,1014,315,30970,0.0295522,0.0295522,0.0295522,0.0295522,2.63886e-07
14,1014,320,31460,0.0295522,0.0295522,0.0295522,0.0295522,2.11595e-07
14,1014,325,31950,0.0295522,0.0295522,0.0295522,0.0295522,1.61229e-07
14,1014,330,32440,0.0295522,0.0295522,0.0295522,0.0295522,1.54914e-07
14,1014,335,32930,0.0295522,0.0295522,0.0295522,0.0295522,1.48212e-07
14,1014,340,33420,0.0295522,0.0295522,0.0295522,0.0295522,1.23466e-07
14,1014,345,33910,0.0295522,0.0295522,0.0295522,0.0295522,1.58818e-07
14,1014,350,34400,0.0295522,0.0295522,0.0295522,0.0295522,1.19463e-07
14,1014,355,34890,0.0295522,0.0295522,0.0295522,0.0295522,8.6583e-08
14,1014,360,35380,0.0295522,0.0295522,0.0295522,0.0295522,6.806e-08
14,1014,365,35870,0.0295522,0.0295522,0.0295522,0.0295522,6.19607e-08
14,1014,370,36360,0.0295522,0.0295522,0.0295522,0.0295522,7.52305e-08
14,1014,375,36850,0.0295522,0.0295522,0.0295522,0.0295522,7.99642e-08
14,1014,380,37340,0.0295522,0.0295522,0.0295522,0.0295522,7.36395e-08
14,1014,385,37830,0.0295522,0.0295522,0.0295522,0.0295522,6.72857e-08
14,1014,390,38320,0.0295522,0.0295522,0.0295522,0.0295522,5.71015e-08
14,1014,395,38810,0.0295522,0.0295522,0.0295522,0.0295522,7.7056e-08
14,1014,400,39300,0.0295522,0.0295522,0.0295522,0.0295522,6.66413e-08
14,1014,405,39790,0.0295522,0.0295522,0.0295522,0.0295522,6.78574e-08
14,1014,410,40280,0.0295522,0.0295522,0.0295522,0.0295522,5.38606e-08
14,1014,415,40770,0.0295522,0.0295522,0.0295522,0.0295522,6.70631e-08
14,1014,420,41260,0.0295522,0.0295522,0.0295522,0.0295522,6.80153e-08
14,1014,425,41750,0.0295522,0.0295522,0.0295522,0.0295522,7.24843e-08
14,1014,430,42240,0.0295522,0.0295522,0.0295522,0.0295522,7.47754e-08
14,1014,435,42730,0.0295522,0.0295522,0.0295522,0.0295522,6.06858e-08
14,1014,440,43220,0.0295522,0.0295522,0.0295522,0.0295522,4.1207e-08
14,1014,445,43710,0.0295522,0.0295522,0.0295522,0.0295522,4.85569e-08
14,1014,450,44200,0.0295522,0.0295522,0.0295522,0.0295522,3.57399e-08
14,1014,455,44690,0.0295522,0.0295522,0.0295522,0.0295522,3.44175e-08
14,1014,460,45180,0.0295522,0.0295522,0.0295522,0.0295522,3.64419e-08
14,1014,465,45670,0.0295522,0.0295522,0.0295522,0.0295522,2.43627e-08
14,1014,470,46160,0.0295522,0.0295522,0.0295522,0.0295522,1.7927e-08
14,1014,475,46650,0.0295522,0.0295522,0.0295522,0.0295522,1.58392e-08
14,1014,480,47140,0.0295522,0.0295522,0.0295522,0.0295522,1.33799e-08
14,1014,485,47630,0.0295522,0.0295522,0.0295522,0.0295522,9.54919e-09
14,1014,490,48120,0.0295522,0.0295522,0.0295522,0.0295522,9.54781e-09
14,1014,495,48610,0.0295522,0.0295522,0.0295522,0.0295522,7.79083e-09
14,1014,500,49100,0.0295522,0.0295522,0.0295522,0.0295522,6.43596e-09
14,1014,505,49590,0.0295522,0.0295522,0.0295522,0.0295522,3.45497e-09
14,1014,510,50000,0.0295522,0.0295522,0.0295522,0.0295522,2.6198e-09
15,1015,0,100,78.6302,78.6302,293.593,285.354,0.01
15,1015,5,590,8.57735,8.57735,67.3153,61.8319,0.00888739
15,1015,10,1080,3.67115,3.67115,10.2859,9.3415,0.00837917
15,1015,15,1570,1.27286,1.27286,2.64229,2.48885,0.00822472
15,1015,20,2060,1.02972,1.02972,1.29206,1.26755,0.00625662
15,1015,25,2550,0.823899,0.823899,1.08822,1.0751,0.00618998
15,1015,30,3040,0.80305,0.80305,1.04343,1.04474,0.00685625
15,1015,35,3530,0.701644,0.701644,1.04099,1.03646,0.00654006
15,1015,40,4020,0.528485,0.528485,1.05124,1.04233,0.00607447
15,1015,45,4510,0.313548,0.313548,1.03695,1.04021,0.00502363
15,1015,50,5000,0.313548,0.313548,0.981471,1.02756,0.00441462
15,1015,55,5490,0.313548,0.313548,0.974572,1.01756,0.00465173
15,1015,60,5980,0.147165,0.147165,0.968035,1.02293,0.0032306
15,1015,65,6470,0.147165,0.147165,0.894293,0.940365,0.00328912
15,1015,70,6960,0.147165,0.147165,0.919683,0.974436,0.00316406
15,1015,75,7450,0.107629,0.107629,0.951871,1.01026,0.00304579
15,1015,80,7940,0.107629,0.107629,0.836984,0.809937,0.00215413
15,1015,85,8430,0.10594,0.10594,0.666353,0.591003,0.00179526
15,1015,90,8920,0.0646436,0.0646436,0.574805,0.494688,0.00170795
15,1015,95,9410,0.0598711,0.0598711,0.449399,0.33072,0.00167732
15,1015,100,9900,0.050713,0.050713,0.3455,0.245662,0.00122204
15,1015,105,10390,0.0411181,0.0411181,0.362153,0.16704,0.00122991
15,1015,110,10880,0.0411181,0.0411181,0.291741,0.192532,0.00112762
15,1015,115,11370,0.0332955,0.0332955,0.216234,0.106515,0.000982686
15,1015,120,11860,0.029938,0.029938,0.21181,0.106411,0.000785136
15,1015,125,12350,0.0291348,0.0291348,0.144418,0.062848,0.000612721
15,1015,130,12840,0.0263089,0.0263089,0.0940097,0.0565754,0.000398258
15,1015,135,13330,0.0263089,0.0263089,0.0552409,0.0363208,0.000228024
15,1015,140,13820,0.0254738,0.0254738,0.042473,0.0301103,0.000222093
15,1015,145,14310,0.0254738,0.0254738,0.04209,0.0314041,0.000243137
15,1015,150,14800,0.025007,0.025007,0.035984,0.0273113,0.000206486
15,1015,155,15290,0.0248472,0.0248472,0.0319406,0.0277516,0.000119629
15,1015,160,15780,0.024828,0.024828,0.0276923,0.026374,9.19576e-05
15,1015,165,16270,0.0246661,0.0246661,0.0263769,0.0253018,4.83531e-05
15,1015,170,16760,0.0246186,0.0246186,0.0251379,0.0248707,3.45703e-05
15,1015,175,17250,0.0246044,0.0246044,0.0248431,0.0247173,2.22029e-05
15,1015,180,17740,0.024592,0.024592,0.0247766,0.0246865,2.02545e-05
15,1015,185,18230,0.0245807,0.0245807,0.024632,0.0246091,1.10924e-05
15,1015,190,18720,0.0245754,0.0245754,0.0246119,0.0245952,9.15315e-06
15,1015,195,19210,0.0245748,0.0245748,0.0246493,0.0245833,8.52894e-06
15,1015,200,19700,0.0245743,0.0245743,0.024587,0.0245787,4.59355e-06
15,1015,205,20190,0.0245737,0.0245737,0.0245784,0.0245753,2.98307e-06
15,1015,210,20680,0.0245735,0.0245735,0.024576,0.0245747,3.11472e-06
15,1015,215,21170,0.0245734,0.0245734,0.0245772,0.0245742,2.91237e-06
15,1015,220,21660,0.0245733,0.0245733,0.0245746,0.024574,1.4898e-06
15,1015,225,22150,0.0245733,0.0245733,0.0245745,0.0245736,1.67234e-06
15,1015,230,22640,0.0245733,0.0245733,0.0245738,0.0245735,9.92716e-07
15,1015,235,23130,0.0245733,0.0245733,0.0245735,0.0245734,6.31851e-07
15,1015,240,23620,0.0245733,0.0245733,0.0245735,0.0245733,5.59164e-07
15,1015,245,24110,0.0245733,0.0245733,0.0245734,0.0245733,3.82022e-07
15,1015,250,24600,0.0245733,0.0245733,0.0245733,0.0245733,2.93185e-07
15,1015,255,25090,0.0245733,0.0245733,0.0245733,0.0245733,2.8912e-07
15,1015,260,25580,0.0245733,0.0245733,0.0245733,0.0245733,2.35928e-07
15,1015,265,26070,0.0245733,0.0245733,0.0245733,0.0245733,2.15139e-07
15,1015,270,26560,0.0245733,0.0245733,0.0245733,0.0245733,1.30108e-07
15,1015,275,27050,0.0245733,0.0245733,0.0245733,0.0245733,8.30873e-08
15,1015,280,27540,0.0245733,0.0245733,0.0245733,0.0245733,6.25359e-08
15,1015,285,28030,0.0245733,0.0245733,0.0245733,0.0245733,7.55441e-08
15,1015,290,28520,0.0245733,0.0245733,0.0245733,0.0245733,4.74937e-08
15,1015,295,29010,0.0245733,0.0245733,0.0245733,0.0245733,4.05057e-08
15,1015,300,29500,0.0245733,0.0245733,0.0245733,0.0245733,3.34977e-08
15,1015,305,29990,0.0245733,0.0245733,0.0245733,0.0245733,3.41708e-08
15,1015,310,30480,0.0245733,0.0245733,0.0245733,0.0245733,3.22488e-08
15,1015,315,30970,0.0245733,0.0245733,0.0245733,0.0245733,2.11057e-08
15,1015,320,31460,0.0245733,0.0245733,0.0245733,0.0245733,1.64912e-08
15,1015,325,31950,0.0245733,0.0245733,0.0245733,0.0245733,1.20859e-08
15,1015,330,32440,0.0245733,0.0245733,0.0245733,0.0245733,9.88059e-09
15,1015,335,32930,0.0245733,0.0245733,0.0245733,0.0245733,8.97589e-09
15,1015,340,33420,0.0245733,0.0245733,0.0245733,0.0245733,7.59063e-09
15,1015,345,33910,0.0245733,0.0245733,0.0245733,0.0245733,7.49143e-09
15,1015,350,34400,0.0245733,0.0245733,0.0245733,0.0245733,7.62853e-09
15,1015,355,34890,0.0245733,0.0245733,0.0245733,0.0245733,6.82768e-09
15,1015,360,35380,0.0245733,0.0245733,0.0245733,0.0245733,7.30608e-09
15,1015,365,35870,0.0245733,0.0245733,0.0245733,0.0245733,6.53922e-09
15,1015,370,36360,0.0245733,0.0245733,0.0245733,0.0245733,4.98227e-09
15,1015,375,36850,0.0245733,0.0245733,0.0245733,0.0245733,3.64229e-09
15,1015,380,37340,0.0245733,0.0245733,0.0245733,0.0245733,2.35018e-09
15,1015,385,37830,0.0245733,0.0245733,0.0245733,0.0245733,2.14068e-09
15,1015,390,38320,0.0245733,0.0245733,0.0245733,0.0245733,1.85258e-09
15,1015,395,38810,0.0245733,0.0245733,0.0245733,0.0245733,1.58996e-09
15,1015,400,39300,0.0245733,0.0245733,0.0245733,0.0245733,1.34492e-09
15,1015,405,39790,0.0245733,0.0245733,0.0245733,0.0245733,1.38638e-09
15,1015,410,40280,0.0245733,0.0245733,0.0245733,0.0245733,1.26133e-09
15,1015,415,40770,0.0245733,0.0245733,0.0245733,0.0245733,1.32062e-09
15,1015,420,41260,0.0245733,0.0245733,0.0245733,0.0245733,1.44131e-09
15,1015,425,41750,0.0245733,0.0245733,0.0245733,0.0245733,1.33517e-09
15,1015,430,42240,0.0245733,0.0245733,0.0245733,0.0245733,1.31992e-09
15,1015,435,42730,0.0245733,0.0245733,0.0245733,0.0245733,1.41344e-09
15,1015,440,43220,0.0245733,0.0245733,0.0245733,0.0245733,1.42818e-09
15,1015,445,43710,0.0245733,0.0245733,0.0245733,0.0245733,1.4163e-09
15,1015,450,44200,0.0245733,0.0245733,0.0245733,0.0245733,1.36828e-09
15,1015,455,44690,0.0245733,0.0245733,0.0245733,0.0245733,1.44278e-09
15,1015,460,45180,0.0245733,0.0245733,0.0245733,0.0245733,1.82354e-09
15,1015,465,45670,0.0245733,0.0245733,0.0245733,0.0245733,1.71125e-09
15,1015,470,46160,0.0245733,0.0245733,0.0245733,0.0245733,1.70041e-09
15,1015,475,46650,0.0245733,0.0245733,0.0245733,0.0245733,1.82248e-09
15,1015,480,47140,0.0245733,0.0245733,0.0245733,0.0245733,1.66841e-09
15,1015,485,47630,0.0245733,0.0245733,0.0245733,0.0245733,1.52294e-09
15,1015,490,48120,0.0245733,0.0245733,0.0245733,0.0245733,1.58278e-09
15,1015,495,48610,0.0245733,0.0245733,0.0245733,0.0245733,1.77948e-09
15,1015,500,49100,0.0245733,0.0245733,0.0245733,0.0245733,1.96904e-09
15,1015,505,49590,0.0245733,0.0245733,0.0245733,0.0245733,1.89673e-09
15,1015,510,50000,0.0245733,0.0245733,0.0245733,0.0245733,1.86793e-09
16,1016,0,100,98.7541,98.7541,307.785,299.745,0.01
16,1016,5,590,23.0886,23.0886,79.5579,68.7879,0.0123873
16,1016,10,1080,4.33943,4.33943,13.7252,12.9601,0.016757
16,1016,15,1570,1.71741,1.71741,3.87959,3.59841,0.015133
16,1016,20,2060,1.09238,1.09238,1.67242,1.58765,0.0132533
16,1016,25,2550,0.880738,0.880738,1.21896,1.17047,0.00975162
16,1016,30,3040,0.723783,0.723783,1.12495,1.09272,0.00772905
16,1016,35,3530,0.68576,0.68576,1.06221,1.05703,0.00493525
16,1016,40,4020,0.476668,0.476668,1.03445,1.04061,0.00319827
16,1016,45,4510,0.476668,0.476668,1.03266,1.02919,0.00300193
16,1016,50,5000,0.440875,0.440875,1.00232,1.01855,0.00242927
16,1016,55,5490,0.38005,0.38005,0.999899,1.01547,0.00197016
16,1016,60,5980,0.198764,0.198764,0.978468,1.02767,0.00216521
16,1016,65,6470,0.155887,0.155887,0.976041,1.02236,0.00242448
16,1016,70,6960,0.11669,0.11669,0.666934,0.603963,0.00157754
16,1016,75,7450,0.0464451,0.0464451,0.332154,0.215384,0.00111207
16,1016,80,7940,0.0329651,0.0329651,0.326053,0.168526,0.00128253
16,1016,85,8430,0.0303224,0.0303224,0.220804,0.116379,0.00085196
16,1016,90,8920,0.0286541,0.0286541,0.197776,0.108379,0.000846642
16,1016,95,9410,0.0247353,0.0247353,0.125673,0.0617247,0.00072868
16,1016,100,9900,0.0244707,0.0244707,0.14222,0.0590869,0.000565458
16,1016,105,10390,0.0230733,0.0230733,0.0631945,0.0376266,0.000443494
16,1016,110,10880,0.0224523,0.0224523,0.144047,0.0432759,0.000593003
16,1016,115,11370,0.0224523,0.0224523,0.0638592,0.0300698,0.000345445
16,1016,120,11860,0.022364,0.022364,0.0720183,0.0384946,0.000367038
16,1016,125,12350,0.0223074,0.0223074,0.0849668,0.0330617,0.000430016
16,1016,130,12840,0.0222632,0.0222632,0.0797113,0.0307284,0.000380074
16,1016,135,13330,0.0222632,0.0222632,0.04859,0.0276779,0.000309117
16,1016,140,13820,0.0222501,0.0222501,0.0388151,0.0283307,0.000324657
16,1016,145,14310,0.0222501,0.0222501,0.045522,0.0276983,0.000269703
16,1016,150,14800,0.0222501,0.0222501,0.0398911,0.0273264,0.000227592
16,1016,155,15290,0.0222501,0.0222501,0.0375445,0.0267447,0.000208518
16,1016,160,15780,0.0222501,0.0222501,0.027586,0.0238815,0.000179426
16,1016,165,16270,0.0222501,0.0222501,0.0316398,0.0243256,0.000139459
16,1016,170,16760,0.0222501,0.0222501,0.0278727,0.023889,0.000130264
16,1016,175,17250,0.0222501,0.0222501,0.0289835,0.0235109,0.000132421
16,1016,180,17740,0.0222426,0.0222426,0.0283179,0.0234112,0.000153114
16,1016,185,18230,0.0222283,0.0222283,0.0292618,0.0232871,0.00015021
16,1016,190,18720,0.0222032,0.0222032,0.028554,0.0230649,0.00010805
16,1016,195,19210,0.0222032,0.0222032,0.0252213,0.0230828,0.000121792
16,1016,200,19700,0.0221993,0.0221993,0.0237848,0.0229018,6.69898e-05
16,1016,205,20190,0.0221957,0.0221957,0.0229483,0.0225237,4.52946e-05
16,1016,210,20680,0.0221957,0.0221957,0.0229806,0.022332,5.38372e-05
16,1016,215,21170,0.0221937,0.0221937,0.0223955,0.0222601,2.26075e-05
16,1016,220,21660,0.0221875,0.0221875,0.0222648,0.0222116,1.10902e-05
16,1016,225,22150,0.0221867,0.0221867,0.0222166,0.0222003,9.13451e-06
16,1016,230,22640,0.0221863,0.0221863,0.0222065,0.0221924,9.02864e-06
16,1016,235,23130,0.022186,0.022186,0.0222242,0.0221972,9.93979e-06
16,1016,240,23620,0.0221859,0.0221859,0.0222039,0.0221937,8.11188e-06
16,1016,245,24110,0.0221858,0.0221858,0.0222167,0.0221968,8.4349e-06
16,1016,250,24600,0.0221858,0.0221858,0.0221995,0.0221922,7.57392e-06
16,1016,255,25090,0.0221857,0.0221857,0.0222001,0.0221882,6.00368e-06
16,1016,260,25580,0.0221857,0.0221857,0.0221905,0.0221873,3.98464e-06
16,1016,265,26070,0.0221857,0.0221857,0.0221897,0.0221867,2.80423e-06
16,1016,270,26560,0.0221857,0.0221857,0.0221876,0.0221863,2.42569e-06
16,1016,275,27050,0.0221857,0.0221857,0.0221867,0.0221861,2.05136e-06
16,1016,280,27540,0.0221857,0.0221857,0.0221867,0.022186,2.00801e-06
16,1016,285,28030,0.0221857,0.0221857,0.0221869,0.0221859,1.55757e-06
16,1016,290,28520,0.0221857,0.0221857,0.0221864,0.0221858,1.49158e-06
16,1016,295,29010,0.0221857,0.0221857,0.0221866,0.0221858,1.31512e-06
16,1016,300,29500,0.0221857,0.0221857,0.0221867,0.0221858,1.587e-06
16,1016,305,29990,0.0221857,0.0221857,0.0221864,0.0221859,1.54952e-06
16,1016,310,30480,0.0221857,0.0221857,0.0221863,0.0221858,1.05137e-06
16,1016,315,30970,0.0221857,0.0221857,0.022186,0.0221857,1.05704e-06
16,1016,320,31460,0.0221857,0.0221857,0.022186,0.0221857,9.57285e-07
16,1016,325,31950,0.0221857,0.0221857,0.0221858,0.0221857,7.50746e-07
16,1016,330,32440,0.0221857,0.0221857,0.0221859,0.0221857,8.8663e-07
16,1016,335,32930,0.0221857,0.0221857,0.0221859,0.0221857,9.64596e-07
16,1016,340,33420,0.0221857,0.0221857,0.0221862,0.0221857,8.83162e-07
16,1016,345,33910,0.0221857,0.0221857,0.0221859,0.0221857,8.45219e-07
16,1016,350,34400,0.0221857,0.0221857,0.022186,0.0221857,8.50492e-07
16,1016,355,34890,0.0221857,0.0221857,0.0221859,0.0221857,7.54163e-07
16,1016,360,35380,0.0221857,0.0221857,0.0221858,0.0221857,6.42494e-07
16,1016,365,35870,0.0221857,0.0221857,0.0221858,0.0221857,5.24793e-07
16,1016,370,36360,0.0221857,0.0221857,0.0221857,0.0221857,4.69418e-07
16,1016,375,36850,0.0221857,0.0221857,0.0221857,0.0221857,4.19513e-07
16,1016,380,37340,0.0221857,0.0221857,0.0221857,0.0221857,3.20095e-07
16,1016,385,37830,0.0221857,0.0221857,0.0221857,0.0221857,2.48867e-07
16,1016,390,38320,0.0221857,0.0221857,0.0221857,0.0221857,2.16834e-07
16,1016,395,38810,0.0221857,0.0221857,0.0221857,0.0221857,2.29923e-07
16,1016,400,39300,0.0221857,0.0221857,0.0221857,0.0221857,2.3097e-07
16,1016,405,39790,0.0221857,0.0221857,0.0221857,0.0221857,2.43033e-07
16,1016,410,40280,0.0221857,0.0221857,0.0221857,0.0221857,2.90096e-07
16,1016,415,40770,0.0221857,0.0221857,0.0221857,0.0221857,2.48915e-07
16,1016,420,41260,0.0221857,0.0221857,0.0221857,0.0221857,2.48629e-07
16,1016,425,41750,0.0221857,0.0221857,0.0221857,0.0221857,2.08809e-07
16,1016,430,42240,0.0221857,0.0221857,0.0221857,0.0221857,1.67393e-07
16,1016,435,42730,0.0221857,0.0221857,0.0221857,0.0221857,1.77474e-07
16,1016,440,43220,0.0221857,0.0221857,0.0221857,0.0221857,1.43887e-07
16,1016,445,43710,0.0221857,0.0221857,0.0221857,0.0221857,6.85917e-08
16,1016,450,44200,0.0221857,0.0221857,0.0221857,0.0221857,5.76238e-08
16,1016,455,44690,0.0221857,0.0221857,0.0221857,0.0221857,5.06316e-08
16,1016,460,45180,0.0221857,0.0221857,0.0221857,0.0221857,4.27223e-08
16,1016,465,45670,0.0221857,0.0221857,0.0221857,0.0221857,3.75568e-08
16,1016,470,46160,0.0221857,0.0221857,0.0221857,0.0221857,4.68647e-08
16,1016,475,46650,0.0221857,0.0221857,0.0221857,0.0221857,3.65938e-08
16,1016,480,47140,0.0221857,0.0221857,0.0221857,0.0221857,2.36802e-08
16,1016,485,47630,0.0221857,0.0221857,0.0221857,0.0221857,2.457e-08
16,1016,490,48120,0.0221857,0.0221857,0.0221857,0.0221857,1.86661e-08
16,1016,495,48610,0.0221857,0.0221857,0.0221857,0.0221857,1.35482e-08
16,1016,500,49100,0.0221857,0.0221857,0.0221857,0.0221857,1.24353e-08
16,1016,505,49590,0.0221857,0.0221857,0.0221857,0.0221857,1.11118e-08
16,1016,510,50000,0.0221857,0.0221857,0.0221857,0.0221857,8.18127e-09
17,1017,0,100,122.571,122.571,309.872,317.146,0.01
17,1017,5,590,20.906,20.906,77.1562,78.842,0.0109201
17,1017,10,1080,5.06868,5.06868,17.5468,14.8228,0.0109799
17,1017,15,1570,2.04106,2.04106,4.08011,3.71697,0.00926936
17,1017,20,2060,1.21564,1.21564,1.60876,1.5669,0.00813575
17,1017,25,2550,0.915561,0.915561,1.28786,1.23792,0.00838749
17,1017,30,3040,0.915561,0.915561,1.17149,1.12424,0.00741442
17,1017,35,3530,0.720263,0.720263,1.06025,1.05958,0.00521962
17,1017,40,4020,0.678124,0.678124,1.03546,1.04254,0.00422097
17,1017,45,4510,0.678124,0.678124,1.04049,1.03287,0.0046858
17,1017,50,5000,0.678124,0.678124,1.04079,1.03153,0.00383443
17,1017,55,5490,0.678124,0.678124,1.03531,1.03176,0.00352526
17,1017,60,5980,0.603202,0.603202,1.01387,1.01999,0.0030602
17,1017,65,6470,0.603202,0.603202,1.02534,1.02852,0.00264641
17,1017,70,6960,0.497444,0.497444,1.00262,1.02362,0.00187968
17,1017,75,7450,0.256041,0.256041,0.774437,0.802938,0.00134989
17,1017,80,7940,0.0797892,0.0797892,0.37681,0.284965,0.000874591
17,1017,85,8430,0.0198606,0.0198606,0.233114,0.151009,0.000709914
17,1017,90,8920,0.0132929,0.0132929,0.166886,0.0792387,0.000704112
17,1017,95,9410,0.00784312,0.00784312,0.0741214,0.0337255,0.000436272
17,1017,100,9900,0.00361559,0.00361559,0.080428,0.0259995,0.000468585
17,1017,105,10390,0.00185475,0.00185475,0.0395088,0.0133648,0.000359486
17,1017,110,10880,0.000926909,0.000926909,0.0177771,0.00655852,0.00022491
17,1017,115,11370,0.000489745,0.000489745,0.00880121,0.00354416,0.000176968
17,1017,120,11860,0.000209002,0.000209002,0.0063579,0.00228881,0.000107599
17,1017,125,12350,7.24135e-05,7.24135e-05,0.00183734,0.00122694,7.56768e-05
17,1017,130,12840,6.05324e-05,6.05324e-05,0.00130705,0.000651628,5.51451e-05
17,1017,135,13330,2.99885e-05,2.99885e-05,0.000450033,0.000260958,3.628e-05
17,1017,140,13820,1.63851e-05,1.63851e-05,0.000329636,0.000132282,2.73382e-05
17,1017,145,14310,6.45359e-06,6.45359e-06,0.000294203,6.89215e-05,2.26429e-05
17,1017,150,14800,4.64374e-06,4.64374e-06,0.000167567,4.66719e-05,1.9935e-05
17,1017,155,15290,3.30019e-06,3.30019e-06,0.000120121,3.67018e-05,1.46547e-05
17,1017,160,15780,1.93475e-06,1.93475e-06,5.22878e-05,2.13898e-05,1.1361e-05
17,1017,165,16270,9.55662e-07,9.55662e-07,2.61114e-05,1.0956e-05,9.66925e-06
17,1017,170,16760,7.04513e-07,7.04513e-07,1.68436e-05,7.0825e-06,6.89987e-06
17,1017,175,17250,5.19631e-07,5.19631e-07,6.70133e-06,3.50475e-06,5.15286e-06
17,1017,180,17740,2.64961e-07,2.64961e-07,5.5937e-06,1.98404e-06,3.56697e-06
17,1017,185,18230,1.47118e-07,1.47118e-07,2.41216e-06,1.226e-06,2.77693e-06
17,1017,190,18720,5.54299e-08,5.54299e-08,2.45197e-06,8.10411e-07,2.26005e-06
17,1017,195,19210,3.97581e-08,3.97581e-08,2.2144e-06,5.11072e-07,2.32849e-06
17,1017,200,19700,2.54037e-08,2.54037e-08,1.5526e-06,6.74126e-07,2.36217e-06
17,1017,205,20190,2.4891e-08,2.4891e-08,1.15936e-06,4.75639e-07,1.77802e-06
17,1017,210,20680,2.40923e-08,2.40923e-08,8.8128e-07,3.43413e-07,2.1042e-06
17,1017,215,21170,1.42987e-08,1.42987e-08,2.31083e-06,3.54024e-07,2.61e-06
17,1017,220,21660,8.76953e-09,8.76953e-09,2.23682e-06,1.67852e-07,2.28725e-06
17,1017,225,22150,4.20622e-09,4.20622e-09,8.0242e-07,2.38943e-07,1.70924e-06
17,1017,230,22640,2.67879e-09,2.67879e-09,4.49217e-07,1.30506e-07,1.27911e-06
17,1017,235,23130,2.16191e-09,2.16191e-09,4.07323e-07,9.13913e-08,1.31473e-06
17,1017,240,23620,2.16191e-09,2.16191e-09,2.36908e-07,7.09032e-08,1.13983e-06
17,1017,245,24110,2.16191e-09,2.16191e-09,5.40921e-07,1.03637e-07,1.01528e-06
17,1017,250,24600,2.16191e-09,2.16191e-09,5.8383e-07,1.57192e-07,1.2195e-06
17,1017,255,25090,1.13621e-09,1.13621e-09,1.76213e-07,6.9163e-08,8.49259e-07
17,1017,260,25580,1.13621e-09,1.13621e-09,1.7602e-07,6.0873e-08,7.92206e-07
17,1017,265,26070,8.4854e-10,8.4854e-10,2.10025e-07,2.75045e-08,6.96321e-07
17,1017,270,26560,8.4854e-10,8.4854e-10,1.74207e-07,3.91897e-08,6.63984e-07
17,1017,275,27050,8.4854e-10,8.4854e-10,4.76284e-07,3.95984e-08,8.39029e-07
17,1017,280,27540,8.4854e-10,8.4854e-10,8.53209e-08,3.21387e-08,5.04534e-07
17,1017,285,28030,8.4854e-10,8.4854e-10,8.36823e-08,2.34296e-08,4.63091e-07
17,1017,290,28520,6.67977e-10,6.67977e-10,9.9015e-08,2.44589e-08,5.62576e-07
17,1017,295,29010,4.49824e-10,4.49824e-10,7.04696e-08,1.07649e-08,4.60497e-07
17,1017,300,29500,4.49824e-10,4.49824e-10,6.52775e-08,1.64858e-08,4.24066e-07
17,1017,305,29990,2.92213e-10,2.92213e-10,3.57523e-08,9.79462e-09,3.70183e-07
17,1017,310,30480,2.06724e-10,2.06724e-10,3.67411e-08,4.95766e-09,2.5377e-07
17,1017,315,30970,2.06724e-10,2.06724e-10,2.31446e-08,6.97549e-09,2.89314e-07
17,1017,320,31460,2.06724e-10,2.06724e-10,1.86521e-08,8.43339e-09,2.83384e-07
17,1017,325,31950,1.52998e-10,1.52998e-10,1.78521e-08,4.89019e-09,2.36643e-07
17,1017,330,32440,1.42394e-10,1.42394e-10,1.16797e-08,1.82608e-09,1.84766e-07
17,1017,335,32930,1.33314e-10,1.33314e-10,5.76378e-09,1.65261e-09,1.61778e-07
17,1017,340,33420,6.96589e-11,6.96589e-11,5.16067e-09,8.69456e-10,1.39692e-07
17,1017,345,33910,6.48023e-11,6.48023e-11,6.32913e-09,1.6842e-09,1.27295e-07
17,1017,350,34400,5.79803e-11,5.79803e-11,6.9945e-09,1.33407e-09,1.30053e-07
17,1017,355,34890,5.79803e-11,5.79803e-11,1.39064e-08,1.39271e-09,1.43874e-07
17,1017,360,35380,3.02548e-11,3.02548e-11,1.04435e-08,1.61581e-09,1.34723e-07
17,1017,365,35870,2.76741e-11,2.76741e-11,1.20218e-08,1.66144e-09,1.47419e-07
17,1017,370,36360,2.12617e-11,2.12617e-11,6.39112e-09,2.00394e-09,1.71255e-07
17,1017,375,36850,2.12617e-11,2.12617e-11,9.22527e-09,1.84136e-09,1.7336e-07
17,1017,380,37340,1.95056e-11,1.95056e-11,9.29033e-09,2.03719e-09,1.48636e-07
17,1017,385,37830,1.86356e-11,1.86356e-11,4.5105e-09,1.45719e-09,1.12761e-07
17,1017,390,38320,1.86356e-11,1.86356e-11,4.3302e-09,1.3347e-09,1.10256e-07
17,1017,395,38810,1.86356e-11,1.86356e-11,1.99017e-09,7.69719e-10,7.39396e-08
17,1017,400,39300,1.0279e-11,1.0279e-11,9.94611e-10,3.78386e-10,5.78312e-08
17,1017,405,39790,1.0279e-11,1.0279e-11,9.93104e-10,3.65237e-10,5.21348e-08
17,1017,410,40280,9.87954e-12,9.87954e-12,1.89448e-09,2.18738e-10,6.75506e-08
17,1017,415,40770,9.87954e-12,9.87954e-12,1.37574e-09,4.55758e-10,7.05665e-08
17,1017,420,41260,8.1154e-12,8.1154e-12,8.60059e-10,1.22563e-10,6.14873e-08
17,1017,425,41750,7.84961e-12,7.84961e-12,1.308e-09,2.51536e-10,6.99227e-08
17,1017,430,42240,5.50116e-12,5.50116e-12,1.93321e-09,2.69362e-10,5.002e-08
17,1017,435,42730,5.50116e-12,5.50116e-12,5.88209e-10,1.6324e-10,4.07892e-08
17,1017,440,43220,5.50116e-12,5.50116e-12,2.16575e-10,7.1924e-11,2.99064e-08
17,1017,445,43710,2.62479e-12,2.62479e-12,2.12184e-10,5.91852e-11,2.88857e-08
17,1017,450,44200,2.62479e-12,2.62479e-12,3.91963e-10,6.3609e-11,2.08866e-08
17,1017,455,44690,2.20068e-12,2.20068e-12,1.34974e-10,3.87118e-11,1.80958e-08
17,1017,460,45180,1.45317e-12,1.45317e-12,2.37441e-10,2.25502e-11,1.29559e-08
17,1017,465,45670,3.70926e-13,3.70926e-13,3.77422e-11,1.10762e-11,9.19535e-09
17,1017,470,46160,3.70926e-13,3.70926e-13,1.79858e-11,5.66647e-12,7.29502e-09
17,1017,475,46650,3.15636e-13,3.15636e-13,1.38872e-11,3.38457e-12,5.92765e-09
17,1017,480,47140,1.36668e-13,1.36668e-13,8.50813e-12,3.01226e-12,5.04703e-09
17,1017,485,47630,1.36668e-13,1.36668e-13,6.56474e-12,1.95416e-12,4.59156e-09
17,1017,490,48120,7.26086e-14,7.26086e-14,9.76399e-12,1.93423e-12,4.50383e-09
17,1017,495,48610,4.58522e-14,4.58522e-14,9.20084e-12,2.62629e-12,4.96677e-09
17,1017,500,49100,4.58522e-14,4.58522e-14,1.87597e-11,2.72404e-12,5.93781e-09
17,1017,505,49590,4.58522e-14,4.58522e-14,1.1989e-11,2.31332e-12,6.17511e-09
17,1017,510,50000,4.58522e-14,4.58522e-14,3.3355e-11,2.13862e-12,7.72814e-09
18,1018,0,100,103.949,103.949,297.863,292.377,0.01
18,1018,5,590,14.0598,14.0598,78.8308,74.3428,0.0100474
18,1018,10,1080,3.70411,3.70411,13.8754,13.559,0.0127837
18,1018,15,1570,1.49238,1.49238,2.93692,2.75167,0.012431
18,1018,20,2060,0.882233,0.882233,1.46605,1.38023,0.0154729
18,1018,25,2550,0.734747,0.734747,1.22859,1.19405,0.0118776
18,1018,30,3040,0.58709,0.58709,1.1538,1.15,0.0115434
18,1018,35,3530,0.578843,0.578843,1.13622,1.12262,0.00730994
18,1018,40,4020,0.578843,0.578843,1.07827,1.06351,0.0055362
18,1018,45,4510,0.578843,0.578843,1.05788,1.05046,0.0058693
18,1018,50,5000,0.578843,0.578843,1.04633,1.04013,0.00455625
18,1018,55,5490,0.578843,0.578843,1.04355,1.03898,0.00406099
18,1018,60,5980,0.578843,0.578843,1.04454,1.04385,0.00447166
18,1018,65,6470,0.578843,0.578843,1.04756,1.04255,0.00458108
18,1018,70,6960,0.555611,0.555611,1.02913,1.0274,0.0039823
18,1018,75,7450,0.507347,0.507347,1.04914,1.03673,0.00327997
18,1018,80,7940,0.488706,0.488706,1.06636,1.05048,0.00350499
18,1018,85,8430,0.488706,0.488706,1.05431,1.0421,0.00295087
18,1018,90,8920,0.442198,0.442198,0.993607,1.02895,0.002221
18,1018,95,9410,0.398572,0.398572,0.988131,1.0204,0.00255027
18,1018,100,9900,0.254759,0.254759,0.938569,1.00367,0.0019953
18,1018,105,10390,0.218297,0.218297,0.709169,0.655099,0.00181437
18,1018,110,10880,0.0663783,0.0663783,0.41332,0.291581,0.0011843
18,1018,115,11370,0.0427703,0.0427703,0.245426,0.17907,0.000876845
18,1018,120,11860,0.0166561,0.0166561,0.159815,0.101618,0.000709892
18,1018,125,12350,0.00795177,0.00795177,0.115295,0.067743,0.000616887
18,1018,130,12840,0.00426374,0.00426374,0.0908005,0.0339876,0.000431179
18,1018,135,13330,0.00396256,0.00396256,0.0470345,0.0142795,0.000382279
18,1018,140,13820,0.00215655,0.00215655,0.0552158,0.0103061,0.000354642
18,1018,145,14310,0.00103106,0.00103106,0.0343985,0.0105387,0.000308746
18,1018,150,14800,0.000592261,0.000592261,0.0347467,0.00693279,0.000243005
18,1018,155,15290,0.000242784,0.000242784,0.0120064,0.00385506,0.000159526
18,1018,160,15780,0.00016845,0.00016845,0.00537036,0.00204878,0.000119207
18,1018,165,16270,0.000131458,0.000131458,0.0038278,0.00171888,0.000108554
18,1018,170,16760,0.000111471,0.000111471,0.00206063,0.000815877,7.47e-05
18,1018,175,17250,6.71248e-05,6.71248e-05,0.00124368,0.000430741,6.1088e-05
18,1018,180,17740,3.28564e-05,3.28564e-05,0.000913696,0.000325029,5.15897e-05
18,1018,185,18230,2.43331e-05,2.43331e-05,0.000386179,0.000181735,3.64728e-05
18,1018,190,18720,1.76355e-05,1.76355e-05,0.000498943,0.000121356,3.89549e-05
18,1018,195,19210,7.89726e-06,7.89726e-06,0.000581397,0.000110302,3.8276e-05
18,1018,200,19700,5.46111e-06,5.46111e-06,0.000305521,6.77737e-05,3.28919e-05
18,1018,205,20190,3.57783e-06,3.57783e-06,0.000207516,4.86301e-05,2.30404e-05
18,1018,210,20680,2.9505e-06,2.9505e-06,9.38607e-05,4.61823e-05,1.91912e-05
18,1018,215,21170,1.9651e-06,1.9651e-06,7.1785e-05,2.90043e-05,1.62105e-05
18,1018,220,21660,1.48093e-06,1.48093e-06,6.20112e-05,1.83171e-05,1.2088e-05
18,1018,225,22150,8.57005e-07,8.57005e-07,3.19428e-05,1.02172e-05,9.2602e-06
18,1018,230,22640,4.22551e-07,4.22551e-07,1.904e-05,8.13262e-06,7.35789e-06
18,1018,235,23130,2.47582e-07,2.47582e-07,7.02348e-06,3.00688e-06,5.4093e-06
18,1018,240,23620,1.67108e-07,1.67108e-07,5.71761e-06,2.22841e-06,4.10612e-06
18,1018,245,24110,8.78806e-08,8.78806e-08,3.78557e-06,1.30887e-06,3.81795e-06
18,1018,250,24600,8.17634e-08,8.17634e-08,4.25695e-06,8.51777e-07,3.25636e-06
18,1018,255,25090,4.70672e-08,4.70672e-08,2.13604e-06,7.27075e-07,2.36335e-06
18,1018,260,25580,3.35817e-08,3.35817e-08,5.48716e-07,2.16123e-07,1.19113e-06
18,1018,265,26070,7.57576e-09,7.57576e-09,2.84775e-07,1.29954e-07,8.19031e-07
18,1018,270,26560,4.65715e-09,4.65715e-09,1.8093e-07,3.82633e-08,6.88379e-07
18,1018,275,27050,2.82605e-09,2.82605e-09,1.0469e-07,3.79168e-08,4.45707e-07
18,1018,280,27540,2.58397e-09,2.58397e-09,3.94646e-08,1.77319e-08,3.50994e-07
18,1018,285,28030,1.69939e-09,1.69939e-09,4.23151e-08,1.46639e-08,3.60239e-07
18,1018,290,28520,1.29728e-09,1.29728e-09,2.33267e-08,9.85528e-09,2.52642e-07
18,1018,295,29010,1.96683e-10,1.96683e-10,1.05968e-08,3.43806e-09,1.68203e-07
18,1018,300,29500,1.23314e-10,1.23314e-10,1.07226e-08,3.50249e-09,1.62162e-07
18,1018,305,29990,1.23314e-10,1.23314e-10,6.74046e-09,1.88779e-09,1.27068e-07
18,1018,310,30480,1.13989e-10,1.13989e-10,4.71851e-09,1.89796e-09,1.03332e-07
18,1018,315,30970,9.08876e-11,9.08876e-11,4.1704e-09,8.62816e-10,9.39876e-08
18,1018,320,31460,1.42879e-11,1.42879e-11,4.18003e-09,8.78145e-10,8.74302e-08
18,1018,325,31950,1.15803e-11,1.15803e-11,1.61952e-09,3.27721e-10,5.89831e-08
18,1018,330,32440,7.98761e-12,7.98761e-12,1.08766e-09,3.15242e-10,5.61486e-08
18,1018,335,32930,4.09905e-12,4.09905e-12,1.27201e-09,1.33687e-10,5.26546e-08
18,1018,340,33420,2.65399e-12,2.65399e-12,7.29377e-10,9.48393e-11,4.11188e-08
18,1018,345,33910,2.39653e-12,2.39653e-12,5.91681e-10,1.12538e-10,3.5752e-08
18,1018,350,34400,1.53566e-12,1.53566e-12,4.34245e-10,8.5139e-11,4.1047e-08
18,1018,355,34890,1.53566e-12,1.53566e-12,6.45306e-10,1.57129e-10,4.73994e-08
18,1018,360,35380,1.53566e-12,1.53566e-12,4.88727e-10,1.65886e-10,4.2785e-08
18,1018,365,35870,1.53566e-12,1.53566e-12,3.12212e-10,1.04044e-10,4.13935e-08
18,1018,370,36360,1.53566e-12,1.53566e-12,1.25886e-09,9.38218e-11,3.72089e-08
18,1018,375,36850,1.53566e-12,1.53566e-12,3.35062e-10,8.52214e-11,3.84748e-08
18,1018,380,37340,1.46716e-12,1.46716e-12,9.99666e-10,2.07882e-10,4.47706e-08
18,1018,385,37830,1.46716e-12,1.46716e-12,1.14193e-09,1.49092e-10,4.45815e-08
18,1018,390,38320,1.46716e-12,1.46716e-12,1.05045e-09,1.22952e-10,3.96042e-08
18,1018,395,38810,1.46716e-12,1.46716e-12,4.64848e-09,1.46273e-10,4.64868e-08
18,1018,400,39300,1.46716e-12,1.46716e-12,2.19596e-09,2.2153e-10,6.05846e-08
18,1018,405,39790,1.46716e-12,1.46716e-12,1.31494e-09,2.25871e-10,4.23322e-08
18,1018,410,40280,1.46716e-12,1.46716e-12,1.15329e-09,9.02877e-11,3.02422e-08
18,1018,415,40770,1.46716e-12,1.46716e-12,8.13535e-10,6.3152e-11,2.77519e-08
18,1018,420,41260,1.34037e-12,1.34037e-12,1.33238e-09,1.15687e-10,4.13207e-08
18,1018,425,41750,1.34037e-12,1.34037e-12,6.37291e-10,1.53272e-10,3.80617e-08
18,1018,430,42240,1.34037e-12,1.34037e-12,4.67479e-10,1.29801e-10,3.81332e-08
18,1018,435,42730,1.34037e-12,1.34037e-12,5.14987e-10,1.16625e-10,4.08914e-08
18,1018,440,43220,1.34037e-12,1.34037e-12,6.60123e-10,1.17057e-10,4.32084e-08
18,1018,445,43710,1.34037e-12,1.34037e-12,5.94979e-10,1.00169e-10,4.22858e-08
18,1018,450,44200,1.34037e-12,1.34037e-12,1.34319e-09,1.72511e-10,5.45958e-08
18,1018,455,44690,1.29674e-12,1.29674e-12,1.6094e-09,2.04971e-10,6.59305e-08
18,1018,460,45180,1.29674e-12,1.29674e-12,1.21223e-09,3.44674e-10,5.93156e-08
18,1018,465,45670,1.29674e-12,1.29674e-12,6.16411e-10,1.63422e-10,5.18311e-08
18,1018,470,46160,1.29674e-12,1.29674e-12,5.47783e-10,1.1342e-10,3.81866e-08
18,1018,475,46650,1.29674e-12,1.29674e-12,7.74538e-10,1.42377e-10,4.38903e-08
18,1018,480,47140,1.29674e-12,1.29674e-12,3.7681e-10,1.22536e-10,3.85115e-08
18,1018,485,47630,1.29674e-12,1.29674e-12,4.44065e-10,9.97802e-11,3.24034e-08
18,1018,490,48120,1.29674e-12,1.29674e-12,2.64255e-10,6.42947e-11,2.66201e-08
18,1018,495,48610,1.01574e-12,1.01574e-12,3.26507e-10,5.02189e-11,2.47864e-08
18,1018,500,49100,1.01574e-12,1.01574e-12,1.95702e-10,4.06104e-11,2.09824e-08
18,1018,505,49590,1.01574e-12,1.01574e-12,1.14023e-10,2.43282e-11,1.67527e-08
18,1018,510,50000,9.13825e-13,9.13825e-13,4.31696e-11,1.29058e-11,1.75999e-08
19,1019,0,100,58.6172,58.6172,301.73,297.31,0.01
19,1019,5,590,16.4918,16.4918,73.5624,67.0624,0.00930545
19,1019,10,1080,7.71439,7.71439,17.944,15.7196,0.0110816
19,1019,15,1570,1.84376,1.84376,3.54511,3.48099,0.0106133
19,1019,20,2060,1.15687,1.15687,1.71748,1.66024,0.00881734
19,1019,25,2550,1.045,1.045,1.18587,1.15551,0.00851993
19,1019,30,3040,0.809415,0.809415,1.06885,1.06881,0.00657899
19,1019,35,3530,0.690503,0.690503,1.06861,1.05556,0.00520759
19,1019,40,4020,0.597579,0.597579,1.028,1.03636,0.0041018
19,1019,45,4510,0.597579,0.597579,1.02968,1.03473,0.00316067
19,1019,50,5000,0.521881,0.521881,1.02822,1.0421,0.00311951
19,1019,55,5490,0.407574,0.407574,1.03173,1.03352,0.00283623
19,1019,60,5980,0.407574,0.407574,1.01837,1.03525,0.00284713
19,1019,65,6470,0.407068,0.407068,1.02777,1.03412,0.00341316
19,1019,70,6960,0.407068,0.407068,1.03242,1.04241,0.0029858
19,1019,75,7450,0.407068,0.407068,1.02426,1.0292,0.0023083
19,1019,80,7940,0.407068,0.407068,1.05053,1.04626,0.00232579
19,1019,85,8430,0.407068,0.407068,1.00229,1.02548,0.00277296
19,1019,90,8920,0.407068,0.407068,1.04972,1.04309,0.0031789
19,1019,95,9410,0.407068,0.407068,1.02188,1.04151,0.00357585
19,1019,100,9900,0.379984,0.379984,1.02035,1.04129,0.00356481
19,1019,105,10390,0.364747,0.364747,1.02161,1.02083,0.00263035
19,1019,110,10880,0.364747,0.364747,0.99844,1.02352,0.00250798
19,1019,115,11370,0.220127,0.220127,0.966165,1.01162,0.00211112
19,1019,120,11860,0.220127,0.220127,0.925162,1.01194,0.00215876
19,1019,125,12350,0.220127,0.220127,0.997841,1.01913,0.00177158
19,1019,130,12840,0.220075,0.220075,0.977367,1.01106,0.00126972
19,1019,135,13330,0.220075,0.220075,0.833232,0.842696,0.00118477
19,1019,140,13820,0.120142,0.120142,0.477509,0.401517,0.000930169
19,1019,145,14310,0.0452476,0.0452476,0.211295,0.157904,0.000694476
19,1019,150,14800,0.0261631,0.0261631,0.141435,0.0751599,0.000638142
19,1019,155,15290,0.0172915,0.0172915,0.129982,0.0500309,0.00056702
19,1019,160,15780,0.0133861,0.0133861,0.086732,0.032241,0.000427317
19,1019,165,16270,0.011732,0.011732,0.0308111,0.0212837,0.000204337
19,1019,170,16760,0.0109917,0.0109917,0.0191302,0.0163332,0.000117948
19,1019,175,17250,0.0104039,0.0104039,0.012642,0.0113495,7.04275e-05
19,1019,180,17740,0.0099737,0.0099737,0.0114464,0.010742,6.1776e-05
19,1019,185,18230,0.00991004,0.00991004,0.0108583,0.0103523,5.19263e-05
19,1019,190,18720,0.00989107,0.00989107,0.0111737,0.010188,5.5974e-05
19,1019,195,19210,0.00988054,0.00988054,0.0105102,0.0100724,3.34324e-05
19,1019,200,19700,0.00987544,0.00987544,0.0100583,0.009944,2.22753e-05
19,1019,205,20190,0.00987034,0.00987034,0.00995998,0.00989686,1.42413e-05
19,1019,210,20680,0.0098674,0.0098674,0.00990923,0.00988749,1.0035e-05
19,1019,215,21170,0.00986528,0.00986528,0.00989522,0.00987522,9.26212e-06
19,1019,220,21660,0.00986502,0.00986502,0.00988006,0.00986973,7.54802e-06
19,1019,225,22150,0.00986488,0.00986488,0.00986998,0.00986682,3.91514e-06
19,1019,230,22640,0.00986483,0.00986483,0.00986783,0.00986573,2.73974e-06
19,1019,235,23130,0.00986475,0.00986475,0.00986734,0.00986561,2.51679e-06
19,1019,240,23620,0.00986469,0.00986469,0.00986697,0.00986553,2.70106e-06
19,1019,245,24110,0.00986469,0.00986469,0.00986813,0.00986633,3.71582e-06
19,1019,250,24600,0.00986469,0.00986469,0.00987394,0.00986637,4.28702e-06
19,1019,255,25090,0.00986468,0.00986468,0.00986938,0.00986598,3.63916e-06
19,1019,260,25580,0.00986468,0.00986468,0.00986845,0.00986542,3.28063e-06
19,1019,265,26070,0.00986468,0.00986468,0.00987063,0.0098657,3.63405e-06
19,1019,270,26560,0.00986468,0.00986468,0.00986787,0.0098658,3.21242e-06
19,1019,275,27050,0.00986468,0.00986468,0.0098685,0.00986573,3.0999e-06
19,1019,280,27540,0.00986468,0.00986468,0.00986982,0.00986529,2.62705e-06
19,1019,285,28030,0.00986468,0.00986468,0.00986732,0.00986553,2.87385e-06
19,1019,290,28520,0.00986468,0.00986468,0.00986687,0.00986522,3.23994e-06
19,1019,295,29010,0.00986468,0.00986468,0.00986807,0.00986537,3.08809e-06
19,1019,300,29500,0.00986468,0.00986468,0.00986883,0.00986561,3.36925e-06
19,1019,305,29990,0.00986468,0.00986468,0.00986953,0.00986572,3.39653e-06
19,1019,310,30480,0.00986468,0.00986468,0.00986854,0.00986537,3.85139e-06
19,1019,315,30970,0.00986468,0.00986468,0.00986715,0.00986539,3.24683e-06
19,1019,320,31460,0.00986468,0.00986468,0.0098685,0.00986547,3.70174e-06
19,1019,325,31950,0.00986468,0.00986468,0.0098674,0.00986561,3.52868e-06
19,1019,330,32440,0.00986468,0.00986468,0.00986833,0.00986521,2.42967e-06
19,1019,335,32930,0.00986468,0.00986468,0.00986645,0.00986514,2.73855e-06
19,1019,340,33420,0.00986468,0.00986468,0.00986779,0.00986528,2.85983e-06
19,1019,345,33910,0.00986468,0.00986468,0.00986737,0.00986522,2.70526e-06
19,1019,350,34400,0.00986468,0.00986468,0.00986609,0.00986511,1.7775e-06
19,1019,355,34890,0.00986468,0.00986468,0.00986524,0.00986487,1.49307e-06
19,1019,360,35380,0.00986468,0.00986468,0.00986541,0.00986481,1.51073e-06
19,1019,365,35870,0.00986467,0.00986467,0.00986532,0.00986485,1.65408e-06
19,1019,370,36360,0.00986467,0.00986467,0.00986521,0.00986478,1.15454e-06
19,1019,375,36850,0.00986467,0.00986467,0.00986516,0.00986481,1.28909e-06
19,1019,380,37340,0.00986467,0.00986467,0.009865,0.00986475,1.08882e-06
19,1019,385,37830,0.00986467,0.00986467,0.00986522,0.00986485,1.04843e-06
19,1019,390,38320,0.00986467,0.00986467,0.00986514,0.0098648,1.02504e-06
19,1019,395,38810,0.00986467,0.00986467,0.00986507,0.00986475,1.08794e-06
19,1019,400,39300,0.00986467,0.00986467,0.00986497,0.00986473,8.45501e-07
19,1019,405,39790,0.00986467,0.00986467,0.00986486,0.00986473,7.36454e-07
19,1019,410,40280,0.00986467,0.00986467,0.00986476,0.00986469,5.23763e-07
19,1019,415,40770,0.00986467,0.00986467,0.00986473,0.00986469,4.06566e-07
19,1019,420,41260,0.00986467,0.00986467,0.00986471,0.00986468,4.90759e-07
19,1019,425,41750,0.00986467,0.00986467,0.0098647,0.00986468,3.46724e-07
19,1019,430,42240,0.00986467,0.00986467,0.00986469,0.00986468,1.87868e-07
19,1019,435,42730,0.00986467,0.00986467,0.00986468,0.00986467,1.63334e-07
19,1019,440,43220,0.00986467,0.00986467,0.00986468,0.00986467,1.77938e-07
19,1019,445,43710,0.00986467,0.00986467,0.00986468,0.00986467,1.33215e-07
19,1019,450,44200,0.00986467,0.00986467,0.00986468,0.00986467,1.032e-07
19,1019,455,44690,0.00986467,0.00986467,0.00986468,0.00986467,8.28172e-08
19,1019,460,45180,0.00986467,0.00986467,0.00986467,0.00986467,5.48743e-08
19,1019,465,45670,0.00986467,0.00986467,0.00986467,0.00986467,5.43587e-08
19,1019,470,46160,0.00986467,0.00986467,0.00986467,0.00986467,3.88776e-08
19,1019,475,46650,0.00986467,0.00986467,0.00986467,0.00986467,3.64473e-08
19,1019,480,47140,0.00986467,0.00986467,0.00986467,0.00986467,2.62295e-08
19,1019,485,47630,0.00986467,0.00986467,0.00986467,0.00986467,2.41679e-08
19,1019,490,48120,0.00986467,0.00986467,0.00986467,0.00986467,1.75958e-08
19,1019,495,48610,0.00986467,0.00986467,0.00986467,0.00986467,1.17448e-08
19,1019,500,49100,0.00986467,0.00986467,0.00986467,0.00986467,9.11625e-09
19,1019,505,49590,0.00986467,0.00986467,0.00986467,0.00986467,4.5185e-09
19,1019,510,50000,0.00986467,0.00986467,0.00986467,0.00986467,4.5007e-09
