run,seed,gen,evals,best_so_far,pop_best,pop_mean,pop_median,sigma_med
0,1000,0,100,100.628,100.628,293.485,304.432,0.01
0,1000,5,590,15.1536,15.1536,56.6522,49.1664,0.0109767
0,1000,10,1080,3.16602,3.16602,9.11366,8.16054,0.0101421
0,1000,15,1570,1.50919,1.50919,2.51428,2.38777,0.00672339
0,1000,20,2060,1.01885,1.01885,1.37394,1.34849,0.00676516
0,1000,25,2550,0.908483,0.908483,1.18295,1.16316,0.00564597
0,1000,30,3040,0.827513,0.827513,1.12473,1.10953,0.00429703
0,1000,35,3530,0.827513,0.827513,1.10097,1.07124,0.00355603
0,1000,40,4020,0.733658,0.733658,1.08333,1.08725,0.00324242
0,1000,45,4510,0.733658,0.733658,1.06664,1.06614,0.00255734
0,1000,50,5000,0.733658,0.733658,1.0357,1.03852,0.00161312
0,1000,55,5490,0.733658,0.733658,1.0317,1.02988,0.0016359
0,1000,60,5980,0.733658,0.733658,1.01503,1.02307,0.00111901
0,1000,65,6470,0.419807,0.419807,1.00972,1.0417,0.000874975
0,1000,70,6960,0.326775,0.326775,1.02191,1.06645,0.000695439
0,1000,75,7450,0.326775,0.326775,0.786348,0.748365,0.000498747
0,1000,80,7940,0.201852,0.201852,0.516405,0.481478,0.000366076
0,1000,85,8430,0.15967,0.15967,0.286826,0.260271,0.00018425
0,1000,90,8920,0.13056,0.13056,0.197421,0.185069,0.000164691
0,1000,95,9410,0.117709,0.117709,0.139987,0.13518,8.06834e-05
0,1000,100,9900,0.114838,0.114838,0.121903,0.119844,4.38706e-05
0,1000,105,10390,0.113906,0.113906,0.116645,0.116305,2.97486e-05
0,1000,110,10880,0.113422,0.113422,0.114483,0.114216,2.11949e-05
0,1000,115,11370,0.113257,0.113257,0.113716,0.113627,1.46386e-05
0,1000,120,11860,0.113237,0.113237,0.113428,0.113349,8.48127e-06
0,1000,125,12350,0.113218,0.113218,0.113276,0.113266,4.74298e-06
0,1000,130,12840,0.113203,0.113203,0.113228,0.113224,2.79725e-06
0,1000,135,13330,0.113197,0.113197,0.113209,0.113208,1.8189e-06
0,1000,140,13820,0.113197,0.113197,0.113201,0.1132,1.17092e-06
0,1000,145,14310,0.113196,0.113196,0.113197,0.113197,6.48781e-07
0,1000,150,14800,0.113196,0.113196,0.113196,0.113196,5.3755e-07
0,1000,155,15290,0.113196,0.113196,0.113196,0.113196,3.63195e-07
0,1000,160,15780,0.113196,0.113196,0.113196,0.113196,2.06433e-07
0,1000,165,16270,0.113196,0.113196,0.113196,0.113196,1.66105e-07
0,1000,170,16760,0.113196,0.113196,0.113196,0.113196,1.00597e-07
0,1000,175,17250,0.113196,0.113196,0.113196,0.113196,5.43218e-08
0,1000,180,17740,0.113196,0.113196,0.113196,0.113196,3.51872e-08
0,1000,185,18230,0.113196,0.113196,0.113196,0.113196,1.90071e-08
0,1000,190,18720,0.113196,0.113196,0.113196,0.113196,1.01986e-08
0,1000,195,19210,0.113196,0.113196,0.113196,0.113196,5.81233e-09
0,1000,200,19700,0.113196,0.113196,0.113196,0.113196,4.5528e-09
0,1000,205,20190,0.113196,0.113196,0.113196,0.113196,3.86427e-09
0,1000,210,20680,0.113196,0.113196,0.113196,0.113196,2.58314e-09
0,1000,215,21170,0.113196,0.113196,0.113196,0.113196,1.74863e-09
0,1000,220,21660,0.113196,0.113196,0.113196,0.113196,1.37987e-09
0,1000,225,22150,0.113196,0.113196,0.113196,0.113196,1.30889e-09
0,1000,230,22640,0.113196,0.113196,0.113196,0.113196,1.29634e-09
0,1000,235,23130,0.113196,0.113196,0.113196,0.113196,1.28724e-09
0,1000,240,23620,0.113196,0.113196,0.113196,0.113196,1.21466e-09
0,1000,245,24110,0.113196,0.113196,0.113196,0.113196,1.17332e-09
0,1000,250,24600,0.113196,0.113196,0.113196,0.113196,1.2504e-09
0,1000,255,25090,0.113196,0.113196,0.113196,0.113196,1.19519e-09
0,1000,260,25580,0.113196,0.113196,0.113196,0.113196,1.26402e-09
0,1000,265,26070,0.113196,0.113196,0.113196,0.113196,1.49758e-09
0,1000,270,26560,0.113196,0.113196,0.113196,0.113196,1.28599e-09
0,1000,275,27050,0.113196,0.113196,0.113196,0.113196,1.38238e-09
0,1000,280,27540,0.113196,0.113196,0.113196,0.113196,1.19846e-09
0,1000,285,28030,0.113196,0.113196,0.113196,0.113196,1.40592e-09
0,1000,290,28520,0.113196,0.113196,0.113196,0.113196,1.25416e-09
0,1000,295,29010,0.113196,0.113196,0.113196,0.113196,1.27027e-09
0,1000,300,29500,0.113196,0.113196,0.113196,0.113196,1.42275e-09
0,1000,305,29990,0.113196,0.113196,0.113196,0.113196,1.48795e-09
0,1000,310,30480,0.113196,0.113196,0.113196,0.113196,1.27767e-09
0,1000,315,30970,0.113196,0.113196,0.113196,0.113196,1.34294e-09
0,1000,320,31460,0.113196,0.113196,0.113196,0.113196,1.38698e-09
0,1000,325,31950,0.113196,0.113196,0.113196,0.113196,1.37354e-09
0,1000,330,32440,0.113196,0.113196,0.113196,0.113196,1.28189e-09
0,1000,335,32930,0.113196,0.113196,0.113196,0.113196,1.27751e-09
0,1000,340,33420,0.113196,0.113196,0.113196,0.113196,1.12052e-09
0,1000,345,33910,0.113196,0.113196,0.113196,0.113196,1.09667e-09
0,1000,350,34400,0.113196,0.113196,0.113196,0.113196,1.28288e-09
0,1000,355,34890,0.113196,0.113196,0.113196,0.113196,1.05172e-09
0,1000,360,35380,0.113196,0.113196,0.113196,0.113196,1.17201e-09
0,1000,365,35870,0.113196,0.113196,0.113196,0.113196,1.16519e-09
0,1000,370,36360,0.113196,0.113196,0.113196,0.113196,1.08047e-09
0,1000,375,36850,0.113196,0.113196,0.113196,0.113196,1.20243e-09
0,1000,380,37340,0.113196,0.113196,0.113196,0.113196,1.20388e-09
0,1000,385,37830,0.113196,0.113196,0.113196,0.113196,1.15137e-09
0,1000,390,38320,0.113196,0.113196,0.113196,0.113196,1.18855e-09
0,1000,395,38810,0.113196,0.113196,0.113196,0.113196,1.09648e-09
0,1000,400,39300,0.113196,0.113196,0.113196,0.113196,1.17061e-09
0,1000,405,39790,0.113196,0.113196,0.113196,0.113196,1.1695e-09
0,1000,410,40280,0.113196,0.113196,0.113196,0.113196,1.19719e-09
0,1000,415,40770,0.113196,0.113196,0.113196,0.113196,1.13615e-09
0,1000,420,41260,0.113196,0.113196,0.113196,0.113196,1.1268e-09
0,1000,425,41750,0.113196,0.113196,0.113196,0.113196,1.27188e-09
0,1000,430,42240,0.113196,0.113196,0.113196,0.113196,1.14591e-09
0,1000,435,42730,0.113196,0.113196,0.113196,0.113196,1.20621e-09
0,1000,440,43220,0.113196,0.113196,0.113196,0.113196,1.13053e-09
0,1000,445,43710,0.113196,0.113196,0.113196,0.113196,1.18898e-09
0,1000,450,44200,0.113196,0.113196,0.113196,0.113196,1.28831e-09
0,1000,455,44690,0.113196,0.113196,0.113196,0.113196,1.06002e-09
0,1000,460,45180,0.113196,0.113196,0.113196,0.113196,1.20119e-09
0,1000,465,45670,0.113196,0.113196,0.113196,0.113196,1.25007e-09
0,1000,470,46160,0.113196,0.113196,0.113196,0.113196,1.23663e-09
0,1000,475,46650,0.113196,0.113196,0.113196,0.113196,1.17343e-09
0,1000,480,47140,0.113196,0.113196,0.113196,0.113196,1.19059e-09
0,1000,485,47630,0.113196,0.113196,0.113196,0.113196,1.23992e-09
0,1000,490,48120,0.113196,0.113196,0.113196,0.113196,1.18822e-09
0,1000,495,48610,0.113196,0.113196,0.113196,0.113196,1.09493e-09
0,1000,500,49100,0.113196,0.113196,0.113196,0.113196,1.22267e-09
0,1000,505,49590,0.113196,0.113196,0.113196,0.113196,1.27851e-09
0,1000,510,50000,0.113196,0.113196,0.113196,0.113196,1.14828e-09
1,1001,0,100,108.37,108.37,295.742,290.623,0.01
1,1001,5,590,13.5593,13.5593,54.3221,53.3833,0.00871714
1,1001,10,1080,3.58268,3.58268,10.9508,10.4673,0.00777192
1,1001,15,1570,1.63344,1.63344,3.22516,3.06817,0.00679715
1,1001,20,2060,1.09108,1.09108,1.64719,1.62436,0.00461094
1,1001,25,2550,0.719397,0.719397,1.19059,1.17907,0.00356787
1,1001,30,3040,0.719397,0.719397,1.09376,1.08493,0.00281401
1,1001,35,3530,0.719397,0.719397,1.04918,1.0438,0.00157431
1,1001,40,4020,0.639186,0.639186,1.03118,1.02525,0.00136063
1,1001,45,4510,0.527081,0.527081,1.00782,1.01921,0.00113606
1,1001,50,5000,0.527081,0.527081,1.00655,1.02001,0.000861964
1,1001,55,5490,0.418815,0.418815,1.00711,1.02319,0.000683453
1,1001,60,5980,0.350349,0.350349,1.00461,1.0239,0.000582059
1,1001,65,6470,0.350349,0.350349,1.01118,1.02289,0.000571354
1,1001,70,6960,0.217723,0.217723,1.00001,1.01879,0.000649705
1,1001,75,7450,0.217723,0.217723,1.00336,1.02326,0.000509736
1,1001,80,7940,0.200195,0.200195,1.00505,1.0396,0.000409139
1,1001,85,8430,0.196943,0.196943,0.655266,0.500326,0.00029252
1,1001,90,8920,0.169484,0.169484,0.22847,0.21776,0.00016299
1,1001,95,9410,0.160121,0.160121,0.200169,0.18626,0.000120383
1,1001,100,9900,0.15003,0.15003,0.16494,0.162111,7.75604e-05
1,1001,105,10390,0.147829,0.147829,0.154625,0.153384,4.9322e-05
1,1001,110,10880,0.147664,0.147664,0.148912,0.148686,2.33763e-05
1,1001,115,11370,0.147567,0.147567,0.148104,0.147996,1.54704e-05
1,1001,120,11860,0.147539,0.147539,0.147755,0.147711,9.77105e-06
1,1001,125,12350,0.147518,0.147518,0.147602,0.14759,6.14201e-06
1,1001,130,12840,0.147513,0.147513,0.147537,0.147532,3.20121e-06
1,1001,135,13330,0.147511,0.147511,0.147522,0.14752,2.28521e-06
1,1001,140,13820,0.147511,0.147511,0.147514,0.147513,1.2711e-06
1,1001,145,14310,0.147511,0.147511,0.147512,0.147512,7.98111e-07
1,1001,150,14800,0.147511,0.147511,0.147511,0.147511,5.50583e-07
1,1001,155,15290,0.147511,0.147511,0.147511,0.147511,3.31815e-07
1,1001,160,15780,0.147511,0.147511,0.147511,0.147511,2.25047e-07
1,1001,165,16270,0.147511,0.147511,0.147511,0.147511,1.32929e-07
1,1001,170,16760,0.147511,0.147511,0.147511,0.147511,8.65239e-08
1,1001,175,17250,0.147511,0.147511,0.147511,0.147511,5.85077e-08
1,1001,180,17740,0.147511,0.147511,0.147511,0.147511,3.56416e-08
1,1001,185,18230,0.147511,0.147511,0.147511,0.147511,2.59092e-08
1,1001,190,18720,0.147511,0.147511,0.147511,0.147511,1.20719e-08
1,1001,195,19210,0.147511,0.147511,0.147511,0.147511,8.38847e-09
1,1001,200,19700,0.147511,0.147511,0.147511,0.147511,6.49433e-09
1,1001,205,20190,0.147511,0.147511,0.147511,0.147511,3.46052e-09
1,1001,210,20680,0.147511,0.147511,0.147511,0.147511,2.06089e-09
1,1001,215,21170,0.147511,0.147511,0.147511,0.147511,1.25471e-09
1,1001,220,21660,0.147511,0.147511,0.147511,0.147511,1.27019e-09
1,1001,225,22150,0.147511,0.147511,0.147511,0.147511,1.19884e-09
1,1001,230,22640,0.147511,0.147511,0.147511,0.147511,1.32297e-09
1,1001,235,23130,0.147511,0.147511,0.147511,0.147511,1.16005e-09
1,1001,240,23620,0.147511,0.147511,0.147511,0.147511,1.22372e-09
1,1001,245,24110,0.147511,0.147511,0.147511,0.147511,1.2101e-09
1,1001,250,24600,0.147511,0.147511,0.147511,0.147511,1.27441e-09
1,1001,255,25090,0.147511,0.147511,0.147511,0.147511,1.13534e-09
1,1001,260,25580,0.147511,0.147511,0.147511,0.147511,1.30493e-09
1,1001,265,26070,0.147511,0.147511,0.147511,0.147511,1.13405e-09
1,1001,270,26560,0.147511,0.147511,0.147511,0.147511,1.26352e-09
1,1001,275,27050,0.147511,0.147511,0.147511,0.147511,1.2202e-09
1,1001,280,27540,0.147511,0.147511,0.147511,0.147511,1.20778e-09
1,1001,285,28030,0.147511,0.147511,0.147511,0.147511,1.15442e-09
1,1001,290,28520,0.147511,0.147511,0.147511,0.147511,1.17868e-09
1,1001,295,29010,0.147511,0.147511,0.147511,0.147511,1.21131e-09
1,1001,300,29500,0.147511,0.147511,0.147511,0.147511,1.14768e-09
1,1001,305,29990,0.147511,0.147511,0.147511,0.147511,1.22831e-09
1,1001,310,30480,0.147511,0.147511,0.147511,0.147511,1.38734e-09
1,1001,315,30970,0.147511,0.147511,0.147511,0.147511,1.1697e-09
1,1001,320,31460,0.147511,0.147511,0.147511,0.147511,1.30868e-09
1,1001,325,31950,0.147511,0.147511,0.147511,0.147511,1.24724e-09
1,1001,330,32440,0.147511,0.147511,0.147511,0.147511,1.32646e-09
1,1001,335,32930,0.147511,0.147511,0.147511,0.147511,1.088e-09
1,1001,340,33420,0.147511,0.147511,0.147511,0.147511,1.34194e-09
1,1001,345,33910,0.147511,0.147511,0.147511,0.147511,1.43088e-09
1,1001,350,34400,0.147511,0.147511,0.147511,0.147511,1.1776e-09
1,1001,355,34890,0.147511,0.147511,0.147511,0.147511,1.18848e-09
1,1001,360,35380,0.147511,0.147511,0.147511,0.147511,1.26124e-09
1,1001,365,35870,0.147511,0.147511,0.147511,0.147511,1.16796e-09
1,1001,370,36360,0.147511,0.147511,0.147511,0.147511,1.41244e-09
1,1001,375,36850,0.147511,0.147511,0.147511,0.147511,1.28685e-09
1,1001,380,37340,0.147511,0.147511,0.147511,0.147511,1.2579e-09
1,1001,385,37830,0.147511,0.147511,0.147511,0.147511,1.3053e-09
1,1001,390,38320,0.147511,0.147511,0.147511,0.147511,1.22673e-09
1,1001,395,38810,0.147511,0.147511,0.147511,0.147511,1.27894e-09
1,1001,400,39300,0.147511,0.147511,0.147511,0.147511,1.33198e-09
1,1001,405,39790,0.147511,0.147511,0.147511,0.147511,1.25592e-09
1,1001,410,40280,0.147511,0.147511,0.147511,0.147511,1.18684e-09
1,1001,415,40770,0.147511,0.147511,0.147511,0.147511,1.28012e-09
1,1001,420,41260,0.147511,0.147511,0.147511,0.147511,1.26698e-09
1,1001,425,41750,0.147511,0.147511,0.147511,0.147511,1.31523e-09
1,1001,430,42240,0.147511,0.147511,0.147511,0.147511,1.19459e-09
1,1001,435,42730,0.147511,0.147511,0.147511,0.147511,1.32216e-09
1,1001,440,43220,0.147511,0.147511,0.147511,0.147511,1.27178e-09
1,1001,445,43710,0.147511,0.147511,0.147511,0.147511,1.31724e-09
1,1001,450,44200,0.147511,0.147511,0.147511,0.147511,1.19755e-09
1,1001,455,44690,0.147511,0.147511,0.147511,0.147511,1.30881e-09
1,1001,460,45180,0.147511,0.147511,0.147511,0.147511,1.14536e-09
1,1001,465,45670,0.147511,0.147511,0.147511,0.147511,1.19155e-09
1,1001,470,46160,0.147511,0.147511,0.147511,0.147511,1.11019e-09
1,1001,475,46650,0.147511,0.147511,0.147511,0.147511,1.20683e-09
1,1001,480,47140,0.147511,0.147511,0.147511,0.147511,1.08039e-09
1,1001,485,47630,0.147511,0.147511,0.147511,0.147511,1.0854e-09
1,1001,490,48120,0.147511,0.147511,0.147511,0.147511,1.17007e-09
1,1001,495,48610,0.147511,0.147511,0.147511,0.147511,1.0973e-09
1,1001,500,49100,0.147511,0.147511,0.147511,0.147511,1.13117e-09
1,1001,505,49590,0.147511,0.147511,0.147511,0.147511,1.21348e-09
1,1001,510,50000,0.147511,0.147511,0.147511,0.147511,1.08966e-09
2,1002,0,100,103.106,103.106,301.662,302.775,0.01
2,1002,5,590,18.6829,18.6829,71.6872,66.1383,0.00918119
2,1002,10,1080,5.31697,5.31697,13.8671,12.2931,0.0109664
2,1002,15,1570,1.81631,1.81631,4.7422,4.34737,0.00972428
2,1002,20,2060,1.2623,1.2623,1.90026,1.83374,0.00947172
2,1002,25,2550,1.01143,1.01143,1.3411,1.29132,0.00696754
2,1002,30,3040,0.858514,0.858514,1.12716,1.12028,0.00428983
2,1002,35,3530,0.528176,0.528176,1.08987,1.08319,0.00378278
2,1002,40,4020,0.528176,0.528176,1.05477,1.05431,0.00271077
2,1002,45,4510,0.528176,0.528176,1.03273,1.03611,0.00208239
2,1002,50,5000,0.386769,0.386769,1.01498,1.03537,0.00138335
2,1002,55,5490,0.386769,0.386769,1.02374,1.02416,0.001214
2,1002,60,5980,0.386769,0.386769,1.01204,1.02235,0.00108926
2,1002,65,6470,0.386769,0.386769,1.00457,1.01507,0.000913469
2,1002,70,6960,0.300852,0.300852,0.977253,1.00945,0.00093781
2,1002,75,7450,0.300852,0.300852,0.907227,0.919176,0.000768273
2,1002,80,7940,0.100899,0.100899,0.604115,0.555257,0.000558906
2,1002,85,8430,0.0370557,0.0370557,0.302237,0.276504,0.000376938
2,1002,90,8920,0.0182684,0.0182684,0.163225,0.133579,0.000265477
2,1002,95,9410,0.0171176,0.0171176,0.0876038,0.0721451,0.000176082
2,1002,100,9900,0.0119015,0.0119015,0.0528026,0.0441329,0.000141969
2,1002,105,10390,0.00994223,0.00994223,0.0349325,0.0295658,0.000112066
2,1002,110,10880,0.00820405,0.00820405,0.0170546,0.0142918,5.61374e-05
2,1002,115,11370,0.00798531,0.00798531,0.011953,0.011423,4.33913e-05
2,1002,120,11860,0.00781067,0.00781067,0.00892065,0.00874346,2.50704e-05
2,1002,125,12350,0.00750405,0.00750405,0.0080296,0.007924,1.49255e-05
2,1002,130,12840,0.00745372,0.00745372,0.00765286,0.00760308,8.77505e-06
2,1002,135,13330,0.00740573,0.00740573,0.00748667,0.00747091,6.09144e-06
2,1002,140,13820,0.00740348,0.00740348,0.00743748,0.00743019,3.69552e-06
2,1002,145,14310,0.00739834,0.00739834,0.00741141,0.00740873,2.2338e-06
2,1002,150,14800,0.00739717,0.00739717,0.00740083,0.00740056,1.2336e-06
2,1002,155,15290,0.0073962,0.0073962,0.00739813,0.00739781,7.98049e-07
2,1002,160,15780,0.00739615,0.00739615,0.00739702,0.00739672,7.10487e-07
2,1002,165,16270,0.00739612,0.00739612,0.00739661,0.00739646,4.51924e-07
2,1002,170,16760,0.00739607,0.00739607,0.00739631,0.00739618,2.5673e-07
2,1002,175,17250,0.00739605,0.00739605,0.00739613,0.00739611,1.57485e-07
2,1002,180,17740,0.00739605,0.00739605,0.00739607,0.00739606,1.17831e-07
2,1002,185,18230,0.00739604,0.00739604,0.00739606,0.00739606,8.2274e-08
2,1002,190,18720,0.00739604,0.00739604,0.00739605,0.00739604,5.85112e-08
2,1002,195,19210,0.00739604,0.00739604,0.00739604,0.00739604,4.30802e-08
2,1002,200,19700,0.00739604,0.00739604,0.00739604,0.00739604,2.29516e-08
2,1002,205,20190,0.00739604,0.00739604,0.00739604,0.00739604,1.86813e-08
2,1002,210,20680,0.00739604,0.00739604,0.00739604,0.00739604,1.0429e-08
2,1002,215,21170,0.00739604,0.00739604,0.00739604,0.00739604,6.52432e-09
2,1002,220,21660,0.00739604,0.00739604,0.00739604,0.00739604,3.8969e-09
2,1002,225,22150,0.00739604,0.00739604,0.00739604,0.00739604,2.15758e-09
2,1002,230,22640,0.00739604,0.00739604,0.00739604,0.00739604,1.73502e-09
2,1002,235,23130,0.00739604,0.00739604,0.00739604,0.00739604,1.43722e-09
2,1002,240,23620,0.00739604,0.00739604,0.00739604,0.00739604,1.13913e-09
2,1002,245,24110,0.00739604,0.00739604,0.00739604,0.00739604,1.15267e-09
2,1002,250,24600,0.00739604,0.00739604,0.00739604,0.00739604,1.12651e-09
2,1002,255,25090,0.00739604,0.00739604,0.00739604,0.00739604,1.18802e-09
2,1002,260,25580,0.00739604,0.00739604,0.00739604,0.00739604,1.11138e-09
2,1002,265,26070,0.00739604,0.00739604,0.00739604,0.00739604,1.12793e-09
2,1002,270,26560,0.00739604,0.00739604,0.00739604,0.00739604,1.11752e-09
2,1002,275,27050,0.00739604,0.00739604,0.00739604,0.00739604,1.20982e-09
2,1002,280,27540,0.00739604,0.00739604,0.00739604,0.00739604,1.20614e-09
2,1002,285,28030,0.00739604,0.00739604,0.00739604,0.00739604,1.24979e-09
2,1002,290,28520,0.00739604,0.00739604,0.00739604,0.00739604,1.17247e-09
2,1002,295,29010,0.00739604,0.00739604,0.00739604,0.00739604,1.18298e-09
2,1002,300,29500,0.00739604,0.00739604,0.00739604,0.00739604,1.17191e-09
2,1002,305,29990,0.00739604,0.00739604,0.00739604,0.00739604,1.02565e-09
2,1002,310,30480,0.00739604,0.00739604,0.00739604,0.00739604,1.2231e-09
2,1002,315,30970,0.00739604,0.00739604,0.00739604,0.00739604,1.02212e-09
2,1002,320,31460,0.00739604,0.00739604,0.00739604,0.00739604,1.13511e-09
2,1002,325,31950,0.00739604,0.00739604,0.00739604,0.00739604,1.25304e-09
2,1002,330,32440,0.00739604,0.00739604,0.00739604,0.00739604,1.18051e-09
2,1002,335,32930,0.00739604,0.00739604,0.00739604,0.00739604,1.20842e-09
2,1002,340,33420,0.00739604,0.00739604,0.00739604,0.00739604,1.04247e-09
2,1002,345,33910,0.00739604,0.00739604,0.00739604,0.00739604,1.23272e-09
2,1002,350,34400,0.00739604,0.00739604,0.00739604,0.00739604,1.10654e-09
2,1002,355,34890,0.00739604,0.00739604,0.00739604,0.00739604,1.10503e-09
2,1002,360,35380,0.00739604,0.00739604,0.00739604,0.00739604,1.1874e-09
2,1002,365,35870,0.00739604,0.00739604,0.00739604,0.00739604,1.17709e-09
2,1002,370,36360,0.00739604,0.00739604,0.00739604,0.00739604,1.1274e-09
2,1002,375,36850,0.00739604,0.00739604,0.00739604,0.00739604,1.08043e-09
2,1002,380,37340,0.00739604,0.00739604,0.00739604,0.00739604,1.14249e-09
2,1002,385,37830,0.00739604,0.00739604,0.00739604,0.00739604,1.29367e-09
2,1002,390,38320,0.00739604,0.00739604,0.00739604,0.00739604,1.24101e-09
2,1002,395,38810,0.00739604,0.00739604,0.00739604,0.00739604,1.1189e-09
2,1002,400,39300,0.00739604,0.00739604,0.00739604,0.00739604,1.22606e-09
2,1002,405,39790,0.00739604,0.00739604,0.00739604,0.00739604,1.04555e-09
2,1002,410,40280,0.00739604,0.00739604,0.00739604,0.00739604,1.23092e-09
2,1002,415,40770,0.00739604,0.00739604,0.00739604,0.00739604,1.24633e-09
2,1002,420,41260,0.00739604,0.00739604,0.00739604,0.00739604,1.26312e-09
2,1002,425,41750,0.00739604,0.00739604,0.00739604,0.00739604,1.24753e-09
2,1002,430,42240,0.00739604,0.00739604,0.00739604,0.00739604,1.26724e-09
2,1002,435,42730,0.00739604,0.00739604,0.00739604,0.00739604,1.22227e-09
2,1002,440,43220,0.00739604,0.00739604,0.00739604,0.00739604,1.23891e-09
2,1002,445,43710,0.00739604,0.00739604,0.00739604,0.00739604,1.17242e-09
2,1002,450,44200,0.00739604,0.00739604,0.00739604,0.00739604,1.1558e-09
2,1002,455,44690,0.00739604,0.00739604,0.00739604,0.00739604,1.23292e-09
2,1002,460,45180,0.00739604,0.00739604,0.00739604,0.00739604,1.27206e-09
2,1002,465,45670,0.00739604,0.00739604,0.00739604,0.00739604,1.27606e-09
2,1002,470,46160,0.00739604,0.00739604,0.00739604,0.00739604,1.29809e-09
2,1002,475,46650,0.00739604,0.00739604,0.00739604,0.00739604,1.19081e-09
2,1002,480,47140,0.00739604,0.00739604,0.00739604,0.00739604,1.15116e-09
2,1002,485,47630,0.00739604,0.00739604,0.00739604,0.00739604,1.27639e-09
2,1002,490,48120,0.00739604,0.00739604,0.00739604,0.00739604,1.26948e-09
2,1002,495,48610,0.00739604,0.00739604,0.00739604,0.00739604,1.21586e-09
2,1002,500,49100,0.00739604,0.00739604,0.00739604,0.00739604,1.10879e-09
2,1002,505,49590,0.00739604,0.00739604,0.00739604,0.00739604,1.27474e-09
2,1002,510,50000,0.00739604,0.00739604,0.00739604,0.00739604,1.21513e-09
3,1003,0,100,113.617,113.617,308.072,301.35,0.01
3,1003,5,590,17.8229,17.8229,69.8694,64.2261,0.0108881
3,1003,10,1080,4.94219,4.94219,12.4626,11.1467,0.00915175
3,1003,15,1570,2.01752,2.01752,4.22991,3.91065,0.00946635
3,1003,20,2060,1.3406,1.3406,2.1414,1.97879,0.00986091
3,1003,25,2550,1.07077,1.07077,1.40336,1.35307,0.00683636
3,1003,30,3040,0.80293,0.80293,1.12163,1.10853,0.00426769
3,1003,35,3530,0.645417,0.645417,1.05136,1.05313,0.00327648
3,1003,40,4020,0.645417,0.645417,1.04171,1.04129,0.00241911
3,1003,45,4510,0.644981,0.644981,1.03337,1.03225,0.00202221
3,1003,50,5000,0.52937,0.52937,1.01467,1.02524,0.0013364
3,1003,55,5490,0.405106,0.405106,1.02387,1.03404,0.000984322
3,1003,60,5980,0.283025,0.283025,1.00493,1.02536,0.000936953
3,1003,65,6470,0.262607,0.262607,0.925577,0.987335,0.000715651
3,1003,70,6960,0.164518,0.164518,0.714359,0.732172,0.000638021
3,1003,75,7450,0.108329,0.108329,0.437715,0.394362,0.000508855
3,1003,80,7940,0.0343601,0.0343601,0.283338,0.236069,0.000354071
3,1003,85,8430,0.0320587,0.0320587,0.155807,0.131245,0.000241434
3,1003,90,8920,0.0165455,0.0165455,0.0750253,0.0595811,0.000142579
3,1003,95,9410,0.0101439,0.0101439,0.0268084,0.0234558,8.71471e-05
3,1003,100,9900,0.00852179,0.00852179,0.0158696,0.0136947,6.29409e-05
3,1003,105,10390,0.0077437,0.0077437,0.012009,0.0105359,4.45365e-05
3,1003,110,10880,0.0077437,0.0077437,0.00962336,0.00912361,2.67884e-05
3,1003,115,11370,0.00749771,0.00749771,0.00817775,0.00810176,1.5587e-05
3,1003,120,11860,0.00745615,0.00745615,0.00760726,0.00756534,8.88067e-06
3,1003,125,12350,0.00741491,0.00741491,0.00751902,0.00750528,6.72464e-06
3,1003,130,12840,0.00740072,0.00740072,0.00748329,0.00745893,4.85139e-06
3,1003,135,13330,0.00739866,0.00739866,0.00742002,0.00741774,2.91771e-06
3,1003,140,13820,0.00739812,0.00739812,0.00740975,0.0074061,2.16343e-06
3,1003,145,14310,0.00739665,0.00739665,0.00740093,0.00739978,1.3632e-06
3,1003,150,14800,0.00739632,0.00739632,0.00739752,0.00739719,6.13735e-07
3,1003,155,15290,0.0073961,0.0073961,0.00739657,0.00739645,4.59198e-07
3,1003,160,15780,0.0073961,0.0073961,0.00739634,0.0073963,3.51879e-07
3,1003,165,16270,0.00739607,0.00739607,0.00739621,0.00739619,2.30594e-07
3,1003,170,16760,0.00739605,0.00739605,0.00739612,0.00739611,1.58782e-07
3,1003,175,17250,0.00739604,0.00739604,0.00739607,0.00739607,9.80385e-08
3,1003,180,17740,0.00739604,0.00739604,0.00739606,0.00739605,7.81775e-08
3,1003,185,18230,0.00739604,0.00739604,0.00739605,0.00739605,5.14321e-08
3,1003,190,18720,0.00739604,0.00739604,0.00739604,0.00739604,2.75394e-08
3,1003,195,19210,0.00739604,0.00739604,0.00739604,0.00739604,1.62668e-08
3,1003,200,19700,0.00739604,0.00739604,0.00739604,0.00739604,1.13117e-08
3,1003,205,20190,0.00739604,0.00739604,0.00739604,0.00739604,8.15845e-09
3,1003,210,20680,0.00739604,0.00739604,0.00739604,0.00739604,6.21389e-09
3,1003,215,21170,0.00739604,0.00739604,0.00739604,0.00739604,3.18406e-09
3,1003,220,21660,0.00739604,0.00739604,0.00739604,0.00739604,2.28519e-09
3,1003,225,22150,0.00739604,0.00739604,0.00739604,0.00739604,1.90807e-09
3,1003,230,22640,0.00739604,0.00739604,0.00739604,0.00739604,1.40955e-09
3,1003,235,23130,0.00739604,0.00739604,0.00739604,0.00739604,1.20263e-09
3,1003,240,23620,0.00739604,0.00739604,0.00739604,0.00739604,1.16979e-09
3,1003,245,24110,0.00739604,0.00739604,0.00739604,0.00739604,1.14267e-09
3,1003,250,24600,0.00739604,0.00739604,0.00739604,0.00739604,1.14065e-09
3,1003,255,25090,0.00739604,0.00739604,0.00739604,0.00739604,1.19074e-09
3,1003,260,25580,0.00739604,0.00739604,0.00739604,0.00739604,1.29518e-09
3,1003,265,26070,0.00739604,0.00739604,0.00739604,0.00739604,1.12257e-09
3,1003,270,26560,0.00739604,0.00739604,0.00739604,0.00739604,1.13289e-09
3,1003,275,27050,0.00739604,0.00739604,0.00739604,0.00739604,1.17327e-09
3,1003,280,27540,0.00739604,0.00739604,0.00739604,0.00739604,1.08482e-09
3,1003,285,28030,0.00739604,0.00739604,0.00739604,0.00739604,1.13784e-09
3,1003,290,28520,0.00739604,0.00739604,0.00739604,0.00739604,1.13987e-09
3,1003,295,29010,0.00739604,0.00739604,0.00739604,0.00739604,1.09701e-09
3,1003,300,29500,0.00739604,0.00739604,0.00739604,0.00739604,1.16739e-09
3,1003,305,29990,0.00739604,0.00739604,0.00739604,0.00739604,1.14969e-09
3,1003,310,30480,0.00739604,0.00739604,0.00739604,0.00739604,1.18759e-09
3,1003,315,30970,0.00739604,0.00739604,0.00739604,0.00739604,1.31888e-09
3,1003,320,31460,0.00739604,0.00739604,0.00739604,0.00739604,1.17229e-09
3,1003,325,31950,0.00739604,0.00739604,0.00739604,0.00739604,1.13849e-09
3,1003,330,32440,0.00739604,0.00739604,0.00739604,0.00739604,1.18422e-09
3,1003,335,32930,0.00739604,0.00739604,0.00739604,0.00739604,1.08087e-09
3,1003,340,33420,0.00739604,0.00739604,0.00739604,0.00739604,1.19385e-09
3,1003,345,33910,0.00739604,0.00739604,0.00739604,0.00739604,1.24145e-09
3,1003,350,34400,0.00739604,0.00739604,0.00739604,0.00739604,1.16196e-09
3,1003,355,34890,0.00739604,0.00739604,0.00739604,0.00739604,1.33022e-09
3,1003,360,35380,0.00739604,0.00739604,0.00739604,0.00739604,1.23831e-09
3,1003,365,35870,0.00739604,0.00739604,0.00739604,0.00739604,1.2353e-09
3,1003,370,36360,0.00739604,0.00739604,0.00739604,0.00739604,1.28674e-09
3,1003,375,36850,0.00739604,0.00739604,0.00739604,0.00739604,1.14944e-09
3,1003,380,37340,0.00739604,0.00739604,0.00739604,0.00739604,1.24385e-09
3,1003,385,37830,0.00739604,0.00739604,0.00739604,0.00739604,1.23764e-09
3,1003,390,38320,0.00739604,0.00739604,0.00739604,0.00739604,1.21478e-09
3,1003,395,38810,0.00739604,0.00739604,0.00739604,0.00739604,1.11071e-09
3,1003,400,39300,0.00739604,0.00739604,0.00739604,0.00739604,1.31113e-09
3,1003,405,39790,0.00739604,0.00739604,0.00739604,0.00739604,1.47366e-09
3,1003,410,40280,0.00739604,0.00739604,0.00739604,0.00739604,1.18794e-09
3,1003,415,40770,0.00739604,0.00739604,0.00739604,0.00739604,1.27649e-09
3,1003,420,41260,0.00739604,0.00739604,0.00739604,0.00739604,1.19217e-09
3,1003,425,41750,0.00739604,0.00739604,0.00739604,0.00739604,1.21516e-09
3,1003,430,42240,0.00739604,0.00739604,0.00739604,0.00739604,1.32969e-09
3,1003,435,42730,0.00739604,0.00739604,0.00739604,0.00739604,1.45229e-09
3,1003,440,43220,0.00739604,0.00739604,0.00739604,0.00739604,1.29011e-09
3,1003,445,43710,0.00739604,0.00739604,0.00739604,0.00739604,1.2186e-09
3,1003,450,44200,0.00739604,0.00739604,0.00739604,0.00739604,1.27685e-09
3,1003,455,44690,0.00739604,0.00739604,0.00739604,0.00739604,1.15491e-09
3,1003,460,45180,0.00739604,0.00739604,0.00739604,0.00739604,1.39845e-09
3,1003,465,45670,0.00739604,0.00739604,0.00739604,0.00739604,1.19622e-09
3,1003,470,46160,0.00739604,0.00739604,0.00739604,0.00739604,1.33676e-09
3,1003,475,46650,0.00739604,0.00739604,0.00739604,0.00739604,1.25568e-09
3,1003,480,47140,0.00739604,0.00739604,0.00739604,0.00739604,1.40038e-09
3,1003,485,47630,0.00739604,0.00739604,0.00739604,0.00739604,1.3015e-09
3,1003,490,48120,0.00739604,0.00739604,0.00739604,0.00739604,1.22197e-09
3,1003,495,48610,0.00739604,0.00739604,0.00739604,0.00739604,1.27306e-09
3,1003,500,49100,0.00739604,0.00739604,0.00739604,0.00739604,1.22018e-09
3,1003,505,49590,0.00739604,0.00739604,0.00739604,0.00739604,1.08661e-09
3,1003,510,50000,0.00739604,0.00739604,0.00739604,0.00739604,1.16716e-09
4,1004,0,100,87.1399,87.1399,304.782,309.677,0.01
4,1004,5,590,18.5169,18.5169,72.6607,68.4846,0.00937884
4,1004,10,1080,3.10616,3.10616,12.5475,11.5178,0.0094296
4,1004,15,1570,1.23772,1.23772,2.99349,2.78108,0.0110152
4,1004,20,2060,1.08048,1.08048,1.53438,1.51312,0.00917617
4,1004,25,2550,0.784878,0.784878,1.26383,1.23862,0.00698438
4,1004,30,3040,0.784878,0.784878,1.15196,1.14643,0.00434279
4,1004,35,3530,0.784878,0.784878,1.08624,1.08199,0.0035118
4,1004,40,4020,0.784878,0.784878,1.07021,1.06233,0.00294615
4,1004,45,4510,0.68286,0.68286,1.05736,1.0452,0.00239339
4,1004,50,5000,0.68286,0.68286,1.03786,1.04045,0.00178698
4,1004,55,5490,0.68286,0.68286,1.0198,1.02846,0.00144676
4,1004,60,5980,0.59392,0.59392,1.01612,1.02637,0.00133216
4,1004,65,6470,0.368655,0.368655,1.0241,1.03104,0.00122218
4,1004,70,6960,0.348402,0.348402,1.0092,1.02605,0.00133035
4,1004,75,7450,0.348402,0.348402,1.0241,1.02504,0.0013419
4,1004,80,7940,0.319653,0.319653,1.01756,1.02926,0.000964777
4,1004,85,8430,0.251957,0.251957,1.01835,1.0356,0.000867891
4,1004,90,8920,0.251957,0.251957,1.02228,1.04675,0.000839988
4,1004,95,9410,0.251957,0.251957,1.00534,1.03889,0.000722849
4,1004,100,9900,0.251957,0.251957,1.02302,1.03643,0.000635164
4,1004,105,10390,0.229999,0.229999,1.01845,1.04826,0.000580792
4,1004,110,10880,0.229999,0.229999,1.02226,1.0559,0.00052388
4,1004,115,11370,0.229999,0.229999,0.929255,0.977152,0.000536248
4,1004,120,11860,0.185019,0.185019,0.56105,0.49638,0.000349122
4,1004,125,12350,0.13105,0.13105,0.257936,0.242542,0.000200784
4,1004,130,12840,0.0946871,0.0946871,0.139126,0.133294,0.000107415
4,1004,135,13330,0.0876255,0.0876255,0.106217,0.101803,7.72671e-05
4,1004,140,13820,0.0855055,0.0855055,0.0933871,0.0919753,4.41785e-05
4,1004,145,14310,0.0841599,0.0841599,0.0865996,0.0861956,3.5064e-05
4,1004,150,14800,0.0837958,0.0837958,0.0849107,0.0846573,2.59802e-05
4,1004,155,15290,0.083776,0.083776,0.0843827,0.084263,1.84351e-05
4,1004,160,15780,0.0836915,0.0836915,0.0841343,0.0840351,1.50313e-05
4,1004,165,16270,0.083653,0.083653,0.0838839,0.0838173,1.03172e-05
4,1004,170,16760,0.0836375,0.0836375,0.0837231,0.0836981,6.41736e-06
4,1004,175,17250,0.0836319,0.0836319,0.0836686,0.0836574,3.28255e-06
4,1004,180,17740,0.0836275,0.0836275,0.0836384,0.0836365,2.03038e-06
4,1004,185,18230,0.0836269,0.0836269,0.0836312,0.0836299,1.45773e-06
4,1004,190,18720,0.0836264,0.0836264,0.083628,0.0836275,8.67644e-07
4,1004,195,19210,0.0836262,0.0836262,0.0836268,0.0836267,4.96964e-07
4,1004,200,19700,0.0836261,0.0836261,0.0836264,0.0836263,3.0729e-07
4,1004,205,20190,0.0836261,0.0836261,0.0836262,0.0836261,2.25586e-07
4,1004,210,20680,0.0836261,0.0836261,0.0836261,0.0836261,1.75065e-07
4,1004,215,21170,0.0836261,0.0836261,0.0836261,0.0836261,1.2136e-07
4,1004,220,21660,0.0836261,0.0836261,0.0836261,0.0836261,1.00981e-07
4,1004,225,22150,0.0836261,0.0836261,0.0836261,0.0836261,6.17996e-08
4,1004,230,22640,0.0836261,0.0836261,0.0836261,0.0836261,4.58156e-08
4,1004,235,23130,0.0836261,0.0836261,0.0836261,0.0836261,2.696e-08
4,1004,240,23620,0.0836261,0.0836261,0.0836261,0.0836261,1.36028e-08
4,1004,245,24110,0.0836261,0.0836261,0.0836261,0.0836261,7.08514e-09
4,1004,250,24600,0.0836261,0.0836261,0.0836261,0.0836261,6.99674e-09
4,1004,255,25090,0.0836261,0.0836261,0.0836261,0.0836261,5.08751e-09
4,1004,260,25580,0.0836261,0.0836261,0.0836261,0.0836261,3.35371e-09
4,1004,265,26070,0.0836261,0.0836261,0.0836261,0.0836261,2.73695e-09
4,1004,270,26560,0.0836261,0.0836261,0.0836261,0.0836261,1.75824e-09
4,1004,275,27050,0.0836261,0.0836261,0.0836261,0.0836261,1.1268e-09
4,1004,280,27540,0.0836261,0.0836261,0.0836261,0.0836261,1.14282e-09
4,1004,285,28030,0.0836261,0.0836261,0.0836261,0.0836261,1.2708e-09
4,1004,290,28520,0.0836261,0.0836261,0.0836261,0.0836261,1.29106e-09
4,1004,295,29010,0.0836261,0.0836261,0.0836261,0.0836261,1.25499e-09
4,1004,300,29500,0.0836261,0.0836261,0.0836261,0.0836261,1.24206e-09
4,1004,305,29990,0.0836261,0.0836261,0.0836261,0.0836261,1.21526e-09
4,1004,310,30480,0.0836261,0.0836261,0.0836261,0.0836261,1.23476e-09
4,1004,315,30970,0.0836261,0.0836261,0.0836261,0.0836261,1.53084e-09
4,1004,320,31460,0.0836261,0.0836261,0.0836261,0.0836261,1.27799e-09
4,1004,325,31950,0.0836261,0.0836261,0.0836261,0.0836261,1.28006e-09
4,1004,330,32440,0.0836261,0.0836261,0.0836261,0.0836261,1.17962e-09
4,1004,335,32930,0.0836261,0.0836261,0.0836261,0.0836261,1.13131e-09
4,1004,340,33420,0.0836261,0.0836261,0.0836261,0.0836261,1.26305e-09
4,1004,345,33910,0.0836261,0.0836261,0.0836261,0.0836261,1.2061e-09
4,1004,350,34400,0.0836261,0.0836261,0.0836261,0.0836261,1.17342e-09
4,1004,355,34890,0.0836261,0.0836261,0.0836261,0.0836261,1.28423e-09
4,1004,360,35380,0.0836261,0.0836261,0.0836261,0.0836261,1.27307e-09
4,1004,365,35870,0.0836261,0.0836261,0.0836261,0.0836261,1.32126e-09
4,1004,370,36360,0.0836261,0.0836261,0.0836261,0.0836261,1.22401e-09
4,1004,375,36850,0.0836261,0.0836261,0.0836261,0.0836261,1.2262e-09
4,1004,380,37340,0.0836261,0.0836261,0.0836261,0.0836261,1.30346e-09
4,1004,385,37830,0.0836261,0.0836261,0.0836261,0.0836261,1.22872e-09
4,1004,390,38320,0.0836261,0.0836261,0.0836261,0.0836261,1.20133e-09
4,1004,395,38810,0.0836261,0.0836261,0.0836261,0.0836261,1.14459e-09
4,1004,400,39300,0.0836261,0.0836261,0.0836261,0.0836261,1.1622e-09
4,1004,405,39790,0.0836261,0.0836261,0.0836261,0.0836261,1.31666e-09
4,1004,410,40280,0.0836261,0.0836261,0.0836261,0.0836261,1.2671e-09
4,1004,415,40770,0.0836261,0.0836261,0.0836261,0.0836261,1.22356e-09
4,1004,420,41260,0.0836261,0.0836261,0.0836261,0.0836261,1.29598e-09
4,1004,425,41750,0.0836261,0.0836261,0.0836261,0.0836261,1.29249e-09
4,1004,430,42240,0.0836261,0.0836261,0.0836261,0.0836261,1.03209e-09
4,1004,435,42730,0.0836261,0.0836261,0.0836261,0.0836261,1.2479e-09
4,1004,440,43220,0.0836261,0.0836261,0.0836261,0.0836261,1.09335e-09
4,1004,445,43710,0.0836261,0.0836261,0.0836261,0.0836261,1.27408e-09
4,1004,450,44200,0.0836261,0.0836261,0.0836261,0.0836261,1.17414e-09
4,1004,455,44690,0.0836261,0.0836261,0.0836261,0.0836261,1.15335e-09
4,1004,460,45180,0.0836261,0.0836261,0.0836261,0.0836261,1.12178e-09
4,1004,465,45670,0.0836261,0.0836261,0.0836261,0.0836261,1.19248e-09
4,1004,470,46160,0.0836261,0.0836261,0.0836261,0.0836261,1.15187e-09
4,1004,475,46650,0.0836261,0.0836261,0.0836261,0.0836261,1.31011e-09
4,1004,480,47140,0.0836261,0.0836261,0.0836261,0.0836261,1.17098e-09
4,1004,485,47630,0.0836261,0.0836261,0.0836261,0.0836261,1.17947e-09
4,1004,490,48120,0.0836261,0.0836261,0.0836261,0.0836261,1.092e-09
4,1004,495,48610,0.0836261,0.0836261,0.0836261,0.0836261,1.15612e-09
4,1004,500,49100,0.0836261,0.0836261,0.0836261,0.0836261,1.30889e-09
4,1004,505,49590,0.0836261,0.0836261,0.0836261,0.0836261,1.15045e-09
4,1004,510,50000,0.0836261,0.0836261,0.0836261,0.0836261,1.01167e-09
5,1005,0,100,145.688,145.688,300.842,297.848,0.01
5,1005,5,590,8.94288,8.94288,51.5699,50.2979,0.013384
5,1005,10,1080,2.52019,2.52019,10.0472,9.16177,0.0101736
5,1005,15,1570,1.38029,1.38029,2.92332,2.69321,0.00736459
5,1005,20,2060,1.10678,1.10678,1.44681,1.38502,0.00553485
5,1005,25,2550,0.940164,0.940164,1.1023,1.09421,0.00359684
5,1005,30,3040,0.596282,0.596282,1.05347,1.0577,0.00251532
5,1005,35,3530,0.596282,0.596282,1.0339,1.03579,0.00194777
5,1005,40,4020,0.572523,0.572523,1.03563,1.02982,0.00158921
5,1005,45,4510,0.488188,0.488188,1.02385,1.02255,0.00121676
5,1005,50,5000,0.401778,0.401778,0.981844,1.0148,0.000996442
5,1005,55,5490,0.139226,0.139226,0.852914,0.961854,0.000647406
5,1005,60,5980,0.0527509,0.0527509,0.503927,0.496242,0.00051778
5,1005,65,6470,0.036231,0.036231,0.274352,0.234613,0.000361768
5,1005,70,6960,0.0153109,0.0153109,0.133707,0.0983099,0.000236281
5,1005,75,7450,0.00844841,0.00844841,0.0521574,0.0409446,0.000122664
5,1005,80,7940,0.00197314,0.00197314,0.0179701,0.0138329,7.08435e-05
5,1005,85,8430,0.00121155,0.00121155,0.00663079,0.00514539,4.49357e-05
5,1005,90,8920,0.000406714,0.000406714,0.0020417,0.00152706,2.60233e-05
5,1005,95,9410,0.00013822,0.00013822,0.000709478,0.000517564,1.49922e-05
5,1005,100,9900,6.62984e-05,6.62984e-05,0.000335336,0.000225684,1.10869e-05
5,1005,105,10390,1.88896e-05,1.88896e-05,0.000168481,0.000143765,8.08101e-06
5,1005,110,10880,6.61407e-06,6.61407e-06,4.85499e-05,4.13343e-05,3.95706e-06
5,1005,115,11370,1.64554e-06,1.64554e-06,1.8361e-05,1.4694e-05,2.70475e-06
5,1005,120,11860,8.87828e-07,8.87828e-07,7.18159e-06,6.07141e-06,1.62591e-06
5,1005,125,12350,3.75364e-07,3.75364e-07,2.91952e-06,2.13012e-06,1.1314e-06
5,1005,130,12840,9.34849e-08,9.34849e-08,9.29233e-07,8.28953e-07,5.95529e-07
5,1005,135,13330,8.49786e-08,8.49786e-08,4.02811e-07,2.93227e-07,3.93637e-07
5,1005,140,13820,2.74398e-08,2.74398e-08,1.88844e-07,1.4575e-07,2.69217e-07
5,1005,145,14310,1.44086e-08,1.44086e-08,9.60202e-08,7.51765e-08,1.89737e-07
5,1005,150,14800,6.94961e-09,6.94961e-09,5.19057e-08,4.40366e-08,1.46386e-07
5,1005,155,15290,2.71516e-09,2.71516e-09,2.28934e-08,1.94536e-08,1.16943e-07
5,1005,160,15780,2.03685e-09,2.03685e-09,1.37723e-08,1.10314e-08,7.47404e-08
5,1005,165,16270,5.72836e-10,5.72836e-10,7.41388e-09,5.76157e-09,5.99702e-08
5,1005,170,16760,3.11422e-10,3.11422e-10,2.88904e-09,2.11588e-09,3.03331e-08
5,1005,175,17250,2.45195e-10,2.45195e-10,1.42744e-09,1.17732e-09,2.38439e-08
5,1005,180,17740,9.2174e-11,9.2174e-11,5.39215e-10,4.17751e-10,1.39234e-08
5,1005,185,18230,3.09314e-11,3.09314e-11,3.81208e-10,3.04169e-10,1.41551e-08
5,1005,190,18720,3.09314e-11,3.09314e-11,2.46555e-10,2.03981e-10,1.03035e-08
5,1005,195,19210,2.03008e-11,2.03008e-11,1.12185e-10,9.03293e-11,5.24147e-09
5,1005,200,19700,9.46532e-12,9.46532e-12,4.30378e-11,3.86506e-11,3.01797e-09
5,1005,205,20190,2.92177e-12,2.92177e-12,1.81802e-11,1.40757e-11,2.34854e-09
5,1005,210,20680,1.3417e-12,1.3417e-12,8.90278e-12,6.90403e-12,1.72562e-09
5,1005,215,21170,4.13558e-13,4.13558e-13,4.91397e-12,4.12176e-12,1.33885e-09
5,1005,220,21660,3.42282e-13,3.42282e-13,2.61495e-12,2.17276e-12,1.20764e-09
5,1005,225,22150,1.56652e-13,1.56652e-13,2.68506e-12,2.04414e-12,1.11822e-09
5,1005,230,22640,1.56652e-13,1.56652e-13,2.01544e-12,1.71729e-12,1.21398e-09
5,1005,235,23130,1.56652e-13,1.56652e-13,2.06902e-12,1.64452e-12,1.05192e-09
5,1005,240,23620,1.44107e-13,1.44107e-13,1.68545e-12,1.31406e-12,1.18128e-09
5,1005,245,24110,1.43663e-13,1.43663e-13,2.59491e-12,1.57507e-12,1.35685e-09
5,1005,250,24600,1.43663e-13,1.43663e-13,2.59389e-12,1.88216e-12,1.31277e-09
5,1005,255,25090,1.43663e-13,1.43663e-13,2.47718e-12,1.83997e-12,1.24419e-09
5,1005,260,25580,1.1291e-13,1.1291e-13,2.63496e-12,2.12569e-12,1.25891e-09
5,1005,265,26070,1.1291e-13,1.1291e-13,3.22945e-12,1.70164e-12,1.20623e-09
5,1005,270,26560,1.1291e-13,1.1291e-13,2.34679e-12,1.95033e-12,1.2854e-09
5,1005,275,27050,9.69225e-14,9.69225e-14,1.98586e-12,1.83392e-12,1.20971e-09
5,1005,280,27540,9.69225e-14,9.69225e-14,2.17935e-12,1.78885e-12,1.24019e-09
5,1005,285,28030,9.49241e-14,9.49241e-14,2.39072e-12,1.45722e-12,1.18513e-09
5,1005,290,28520,9.49241e-14,9.49241e-14,2.78563e-12,1.95827e-12,1.22153e-09
5,1005,295,29010,9.49241e-14,9.49241e-14,2.76716e-12,1.99984e-12,1.165e-09
5,1005,300,29500,9.49241e-14,9.49241e-14,2.74978e-12,1.93051e-12,1.29115e-09
5,1005,305,29990,5.79536e-14,5.79536e-14,2.94319e-12,2.49434e-12,1.35293e-09
5,1005,310,30480,2.95319e-14,2.95319e-14,2.48489e-12,1.85812e-12,1.2491e-09
5,1005,315,30970,2.95319e-14,2.95319e-14,2.42243e-12,1.72884e-12,1.27681e-09
5,1005,320,31460,2.95319e-14,2.95319e-14,2.1883e-12,1.87411e-12,1.09831e-09
5,1005,325,31950,2.95319e-14,2.95319e-14,1.76433e-12,1.38589e-12,1.20619e-09
5,1005,330,32440,2.95319e-14,2.95319e-14,2.47235e-12,1.79723e-12,1.1729e-09
5,1005,335,32930,2.95319e-14,2.95319e-14,2.83936e-12,1.83686e-12,1.28892e-09
5,1005,340,33420,2.95319e-14,2.95319e-14,2.45828e-12,1.90092e-12,1.17043e-09
5,1005,345,33910,2.95319e-14,2.95319e-14,1.86623e-12,1.44273e-12,1.16253e-09
5,1005,350,34400,2.95319e-14,2.95319e-14,2.69332e-12,1.51729e-12,1.20096e-09
5,1005,355,34890,2.67564e-14,2.67564e-14,1.93591e-12,1.5048e-12,1.10775e-09
5,1005,360,35380,2.67564e-14,2.67564e-14,2.07214e-12,1.54754e-12,1.24469e-09
5,1005,365,35870,2.67564e-14,2.67564e-14,2.35825e-12,1.61127e-12,1.22682e-09
5,1005,370,36360,2.66454e-14,2.66454e-14,2.41966e-12,1.73728e-12,1.17173e-09
5,1005,375,36850,2.66454e-14,2.66454e-14,2.30538e-12,1.63525e-12,1.22223e-09
5,1005,380,37340,2.66454e-14,2.66454e-14,2.14367e-12,1.35852e-12,1.05242e-09
5,1005,385,37830,2.66454e-14,2.66454e-14,2.23311e-12,1.33665e-12,1.25574e-09
5,1005,390,38320,2.63123e-14,2.63123e-14,2.22751e-12,1.64557e-12,1.15856e-09
5,1005,395,38810,2.14273e-14,2.14273e-14,2.05708e-12,1.36607e-12,1.18268e-09
5,1005,400,39300,2.14273e-14,2.14273e-14,1.81297e-12,1.28453e-12,1.14566e-09
5,1005,405,39790,2.14273e-14,2.14273e-14,2.04632e-12,1.48137e-12,1.18932e-09
5,1005,410,40280,2.14273e-14,2.14273e-14,2.13097e-12,1.59783e-12,1.14294e-09
5,1005,415,40770,2.14273e-14,2.14273e-14,1.9656e-12,1.42131e-12,1.19404e-09
5,1005,420,41260,2.14273e-14,2.14273e-14,1.73304e-12,1.39067e-12,1.12009e-09
5,1005,425,41750,2.14273e-14,2.14273e-14,2.18171e-12,1.43524e-12,1.2631e-09
5,1005,430,42240,2.14273e-14,2.14273e-14,2.27064e-12,1.64946e-12,1.2609e-09
5,1005,435,42730,2.14273e-14,2.14273e-14,2.11367e-12,1.53283e-12,1.162e-09
5,1005,440,43220,2.14273e-14,2.14273e-14,2.02907e-12,1.57374e-12,1.12936e-09
5,1005,445,43710,2.14273e-14,2.14273e-14,2.29855e-12,1.65601e-12,1.21085e-09
5,1005,450,44200,2.14273e-14,2.14273e-14,2.42144e-12,2.01766e-12,1.24238e-09
5,1005,455,44690,2.14273e-14,2.14273e-14,2.66387e-12,1.61532e-12,1.17206e-09
5,1005,460,45180,2.14273e-14,2.14273e-14,2.71966e-12,1.43441e-12,1.13071e-09
5,1005,465,45670,2.14273e-14,2.14273e-14,2.04134e-12,1.38001e-12,1.16824e-09
5,1005,470,46160,2.14273e-14,2.14273e-14,2.82877e-12,1.8941e-12,1.42399e-09
5,1005,475,46650,2.14273e-14,2.14273e-14,2.15279e-12,1.76958e-12,1.25756e-09
5,1005,480,47140,2.14273e-14,2.14273e-14,2.66518e-12,1.71396e-12,1.32388e-09
5,1005,485,47630,1.92069e-14,1.92069e-14,2.17233e-12,1.51235e-12,1.31449e-09
5,1005,490,48120,1.92069e-14,1.92069e-14,2.01323e-12,1.6363e-12,1.15568e-09
5,1005,495,48610,1.92069e-14,1.92069e-14,2.40373e-12,1.86329e-12,1.16674e-09
5,1005,500,49100,1.92069e-14,1.92069e-14,1.97513e-12,1.49958e-12,1.19404e-09
5,1005,505,49590,1.92069e-14,1.92069e-14,2.56659e-12,1.80944e-12,1.16627e-09
5,1005,510,50000,1.92069e-14,1.92069e-14,2.02711e-12,1.82787e-12,1.11096e-09
6,1006,0,100,113.529,113.529,299.95,290.41,0.01
6,1006,5,590,12.2667,12.2667,50.2527,45.5342,0.0101968
6,1006,10,1080,4.24857,4.24857,9.59228,8.8531,0.00902481
6,1006,15,1570,1.29434,1.29434,3.2278,2.95452,0.00836215
6,1006,20,2060,1.09049,1.09049,1.42781,1.40875,0.00595143
6,1006,25,2550,0.944138,0.944138,1.17662,1.14961,0.00427508
6,1006,30,3040,0.823302,0.823302,1.07239,1.07143,0.00282815
6,1006,35,3530,0.754322,0.754322,1.03543,1.03444,0.00173881
6,1006,40,4020,0.552661,0.552661,1.02938,1.02729,0.00109021
6,1006,45,4510,0.410519,0.410519,0.977583,1.01499,0.000795481
6,1006,50,5000,0.218046,0.218046,0.943315,1.01466,0.000680949
6,1006,55,5490,0.0911624,0.0911624,0.525648,0.469078,0.000433899
6,1006,60,5980,0.0272226,0.0272226,0.220427,0.17451,0.000284958
6,1006,65,6470,0.0134786,0.0134786,0.0610032,0.0563435,0.000177125
6,1006,70,6960,0.00693437,0.00693437,0.0297389,0.0268635,9.26132e-05
6,1006,75,7450,0.00279304,0.00279304,0.0138162,0.0124163,5.27273e-05
6,1006,80,7940,0.00102373,0.00102373,0.00500144,0.00439013,3.80904e-05
6,1006,85,8430,0.000270759,0.000270759,0.00146524,0.00119206,1.86292e-05
6,1006,90,8920,7.44707e-05,7.44707e-05,0.000523913,0.000418934,1.41683e-05
6,1006,95,9410,2.72494e-05,2.72494e-05,0.000211984,0.000177862,8.28972e-06
6,1006,100,9900,1.48172e-05,1.48172e-05,9.02868e-05,7.3682e-05,6.01469e-06
6,1006,105,10390,5.27865e-06,5.27865e-06,4.09452e-05,3.42575e-05,3.84503e-06
6,1006,110,10880,2.16091e-06,2.16091e-06,1.70792e-05,1.264e-05,2.64909e-06
6,1006,115,11370,1.21504e-06,1.21504e-06,5.46103e-06,4.63094e-06,1.49195e-06
6,1006,120,11860,3.31842e-07,3.31842e-07,1.93673e-06,1.66206e-06,7.38457e-07
6,1006,125,12350,2.06826e-07,2.06826e-07,9.24974e-07,7.95561e-07,5.14413e-07
6,1006,130,12840,1.00448e-07,1.00448e-07,4.73001e-07,3.94987e-07,4.30351e-07
6,1006,135,13330,1.68207e-08,1.68207e-08,1.91483e-07,1.46865e-07,2.78763e-07
6,1006,140,13820,1.39291e-08,1.39291e-08,6.03296e-08,5.063e-08,1.43721e-07
6,1006,145,14310,1.58098e-09,1.58098e-09,1.47859e-08,1.24894e-08,5.23472e-08
6,1006,150,14800,6.29213e-10,6.29213e-10,4.25061e-09,3.61101e-09,3.57351e-08
6,1006,155,15290,2.26189e-10,2.26189e-10,1.49111e-09,1.10398e-09,2.58851e-08
6,1006,160,15780,1.0149e-10,1.0149e-10,6.23852e-10,5.4942e-10,1.35997e-08
6,1006,165,16270,3.27536e-11,3.27536e-11,2.34831e-10,1.82214e-10,1.02063e-08
6,1006,170,16760,1.28006e-11,1.28006e-11,1.41821e-10,1.08454e-10,7.43387e-09
6,1006,175,17250,7.22444e-12,7.22444e-12,7.77616e-11,6.11902e-11,6.14619e-09
6,1006,180,17740,5.19951e-12,5.19951e-12,4.31811e-11,3.67784e-11,3.49601e-09
6,1006,185,18230,3.07621e-12,3.07621e-12,1.61779e-11,1.26208e-11,2.33657e-09
6,1006,190,18720,1.04838e-12,1.04838e-12,9.21873e-12,7.76551e-12,1.77713e-09
6,1006,195,19210,6.36269e-13,6.36269e-13,4.72684e-12,3.6165e-12,1.42457e-09
6,1006,200,19700,4.86833e-13,4.86833e-13,3.72365e-12,2.83035e-12,1.26097e-09
6,1006,205,20190,1.65312e-13,1.65312e-13,2.81274e-12,2.19441e-12,1.27919e-09
6,1006,210,20680,1.65312e-13,1.65312e-13,3.45685e-12,2.43988e-12,1.39649e-09
6,1006,215,21170,1.65312e-13,1.65312e-13,3.44768e-12,2.50455e-12,1.51166e-09
6,1006,220,21660,1.65312e-13,1.65312e-13,2.95678e-12,2.04659e-12,1.28021e-09
6,1006,225,22150,1.65312e-13,1.65312e-13,3.5735e-12,2.4542e-12,1.3581e-09
6,1006,230,22640,1.16462e-13,1.16462e-13,2.72712e-12,2.2875e-12,1.27263e-09
6,1006,235,23130,1.16462e-13,1.16462e-13,3.06283e-12,2.2925e-12,1.2577e-09
6,1006,240,23620,1.16462e-13,1.16462e-13,2.43405e-12,1.95671e-12,1.24099e-09
6,1006,245,24110,1.16462e-13,1.16462e-13,3.27381e-12,2.39098e-12,1.24007e-09
6,1006,250,24600,1.16462e-13,1.16462e-13,2.2109e-12,1.65062e-12,1.21286e-09
6,1006,255,25090,1.16462e-13,1.16462e-13,2.92162e-12,1.68737e-12,1.31348e-09
6,1006,260,25580,8.11573e-14,8.11573e-14,2.66066e-12,1.71846e-12,1.21165e-09
6,1006,265,26070,6.85008e-14,6.85008e-14,2.27724e-12,1.60727e-12,1.09675e-09
6,1006,270,26560,6.85008e-14,6.85008e-14,2.46706e-12,1.54893e-12,1.23538e-09
6,1006,275,27050,5.02931e-14,5.02931e-14,2.67991e-12,1.88499e-12,1.25044e-09
6,1006,280,27540,5.02931e-14,5.02931e-14,2.24752e-12,1.59117e-12,1.14837e-09
6,1006,285,28030,5.02931e-14,5.02931e-14,2.61615e-12,2.16971e-12,1.42097e-09
6,1006,290,28520,5.02931e-14,5.02931e-14,2.67409e-12,1.99418e-12,1.30109e-09
6,1006,295,29010,5.02931e-14,5.02931e-14,2.70672e-12,2.14423e-12,1.17371e-09
6,1006,300,29500,5.02931e-14,5.02931e-14,2.78487e-12,1.82637e-12,1.09554e-09
6,1006,305,29990,5.02931e-14,5.02931e-14,2.29405e-12,1.50085e-12,1.25678e-09
6,1006,310,30480,5.02931e-14,5.02931e-14,2.45426e-12,1.94994e-12,1.15215e-09
6,1006,315,30970,5.02931e-14,5.02931e-14,2.57747e-12,1.8876e-12,1.17457e-09
6,1006,320,31460,5.02931e-14,5.02931e-14,2.50253e-12,1.7481e-12,1.225e-09
6,1006,325,31950,5.02931e-14,5.02931e-14,2.12941e-12,1.57691e-12,1.18406e-09
6,1006,330,32440,5.02931e-14,5.02931e-14,2.08111e-12,1.61909e-12,1.25573e-09
6,1006,335,32930,5.02931e-14,5.02931e-14,2.38316e-12,1.99479e-12,1.09267e-09
6,1006,340,33420,5.02931e-14,5.02931e-14,2.33511e-12,1.61571e-12,1.10174e-09
6,1006,345,33910,5.02931e-14,5.02931e-14,2.23124e-12,1.5889e-12,1.22732e-09
6,1006,350,34400,4.75175e-14,4.75175e-14,2.28778e-12,1.8951e-12,1.22923e-09
6,1006,355,34890,4.75175e-14,4.75175e-14,2.12969e-12,1.43319e-12,1.23751e-09
6,1006,360,35380,4.75175e-14,4.75175e-14,2.39601e-12,1.82865e-12,1.29011e-09
6,1006,365,35870,4.75175e-14,4.75175e-14,2.35186e-12,1.5869e-12,1.23937e-09
6,1006,370,36360,4.75175e-14,4.75175e-14,2.5246e-12,2.03149e-12,1.35307e-09
6,1006,375,36850,4.75175e-14,4.75175e-14,3.46012e-12,2.8943e-12,1.476e-09
6,1006,380,37340,4.75175e-14,4.75175e-14,2.44304e-12,1.66522e-12,1.33818e-09
6,1006,385,37830,4.75175e-14,4.75175e-14,2.30926e-12,1.64163e-12,1.38135e-09
6,1006,390,38320,4.75175e-14,4.75175e-14,3.19802e-12,2.11003e-12,1.46669e-09
6,1006,395,38810,4.75175e-14,4.75175e-14,2.33769e-12,1.80872e-12,1.32158e-09
6,1006,400,39300,4.75175e-14,4.75175e-14,2.40529e-12,1.84586e-12,1.23395e-09
6,1006,405,39790,4.75175e-14,4.75175e-14,2.75384e-12,1.94073e-12,1.3493e-09
6,1006,410,40280,4.75175e-14,4.75175e-14,2.50007e-12,1.98719e-12,1.28726e-09
6,1006,415,40770,4.75175e-14,4.75175e-14,3.59805e-12,2.52676e-12,1.22389e-09
6,1006,420,41260,3.4639e-14,3.4639e-14,2.7715e-12,1.86695e-12,1.24442e-09
6,1006,425,41750,3.4639e-14,3.4639e-14,2.64866e-12,1.9994e-12,1.29411e-09
6,1006,430,42240,3.4639e-14,3.4639e-14,2.86629e-12,1.51879e-12,1.43502e-09
6,1006,435,42730,3.4639e-14,3.4639e-14,2.15632e-12,1.85968e-12,1.20296e-09
6,1006,440,43220,3.4639e-14,3.4639e-14,2.3859e-12,1.7879e-12,1.32474e-09
6,1006,445,43710,3.4639e-14,3.4639e-14,2.36692e-12,1.44112e-12,1.18382e-09
6,1006,450,44200,3.4639e-14,3.4639e-14,2.38702e-12,1.93473e-12,1.19621e-09
6,1006,455,44690,3.4639e-14,3.4639e-14,3.22465e-12,2.07129e-12,1.35531e-09
6,1006,460,45180,3.4639e-14,3.4639e-14,2.95606e-12,2.02643e-12,1.36033e-09
6,1006,465,45670,3.4639e-14,3.4639e-14,3.06644e-12,2.25125e-12,1.18898e-09
6,1006,470,46160,2.9865e-14,2.9865e-14,3.0819e-12,2.2215e-12,1.27154e-09
6,1006,475,46650,2.9865e-14,2.9865e-14,2.79616e-12,1.86612e-12,1.34169e-09
6,1006,480,47140,2.9865e-14,2.9865e-14,2.52627e-12,1.77525e-12,1.30314e-09
6,1006,485,47630,2.9865e-14,2.9865e-14,2.95264e-12,1.98563e-12,1.24465e-09
6,1006,490,48120,2.9865e-14,2.9865e-14,2.25762e-12,1.71063e-12,1.28642e-09
6,1006,495,48610,2.16493e-14,2.16493e-14,2.57181e-12,1.93801e-12,1.37556e-09
6,1006,500,49100,2.16493e-14,2.16493e-14,2.33006e-12,1.85235e-12,1.23428e-09
6,1006,505,49590,2.16493e-14,2.16493e-14,2.57272e-12,2.0744e-12,1.22502e-09
6,1006,510,50000,2.16493e-14,2.16493e-14,2.64587e-12,1.61138e-12,1.17739e-09
7,1007,0,100,124.327,124.327,294.892,287.17,0.01
7,1007,5,590,13.2888,13.2888,63.9364,61.6217,0.00806089
7,1007,10,1080,5.88813,5.88813,13.3964,12.2117,0.00436117
7,1007,15,1570,1.71026,1.71026,3.88472,3.85746,0.00440409
7,1007,20,2060,1.00468,1.00468,1.45919,1.42588,0.00365464
7,1007,25,2550,0.781429,0.781429,1.12823,1.11548,0.00323502
7,1007,30,3040,0.781429,0.781429,1.07334,1.0692,0.00307478
7,1007,35,3530,0.723208,0.723208,1.05066,1.04435,0.0018958
7,1007,40,4020,0.525423,0.525423,1.02858,1.03471,0.00176874
7,1007,45,4510,0.525423,0.525423,1.0304,1.03453,0.00163494
7,1007,50,5000,0.358624,0.358624,1.02094,1.03076,0.00142345
7,1007,55,5490,0.358624,0.358624,1.03189,1.03189,0.00114226
7,1007,60,5980,0.30906,0.30906,1.03875,1.02974,0.000840001
7,1007,65,6470,0.294326,0.294326,0.984731,1.02362,0.000743488
7,1007,70,6960,0.281033,0.281033,0.974903,1.02345,0.000563146
7,1007,75,7450,0.281033,0.281033,0.893847,0.93156,0.000457076
7,1007,80,7940,0.145694,0.145694,0.591967,0.548268,0.000314834
7,1007,85,8430,0.0513961,0.0513961,0.230637,0.208879,0.000233302
7,1007,90,8920,0.0451574,0.0451574,0.111256,0.0935829,0.000149575
7,1007,95,9410,0.0368591,0.0368591,0.0605722,0.0559471,0.000101848
7,1007,100,9900,0.0337677,0.0337677,0.0475189,0.0435853,7.67864e-05
7,1007,105,10390,0.0329074,0.0329074,0.0410148,0.038774,6.3316e-05
7,1007,110,10880,0.0327833,0.0327833,0.0367418,0.0359321,5.11481e-05
7,1007,115,11370,0.0323991,0.0323991,0.0339428,0.0335523,2.61367e-05
7,1007,120,11860,0.0321745,0.0321745,0.0328638,0.0327257,1.61367e-05
7,1007,125,12350,0.0320467,0.0320467,0.032273,0.0322511,7.86762e-06
7,1007,130,12840,0.0320284,0.0320284,0.0320879,0.0320766,4.97639e-06
7,1007,135,13330,0.0320202,0.0320202,0.0320431,0.0320371,2.87079e-06
7,1007,140,13820,0.0320148,0.0320148,0.0320227,0.0320218,1.54926e-06
7,1007,145,14310,0.032014,0.032014,0.0320163,0.0320157,9.85279e-07
7,1007,150,14800,0.0320136,0.0320136,0.0320147,0.0320145,6.11738e-07
7,1007,155,15290,0.0320135,0.0320135,0.0320139,0.0320138,4.20224e-07
7,1007,160,15780,0.0320135,0.0320135,0.0320137,0.0320136,3.10088e-07
7,1007,165,16270,0.0320134,0.0320134,0.0320136,0.0320135,2.28691e-07
7,1007,170,16760,0.0320134,0.0320134,0.0320135,0.0320135,1.49589e-07
7,1007,175,17250,0.0320134,0.0320134,0.0320135,0.0320135,1.11814e-07
7,1007,180,17740,0.0320134,0.0320134,0.0320134,0.0320134,9.67498e-08
7,1007,185,18230,0.0320134,0.0320134,0.0320134,0.0320134,5.87932e-08
7,1007,190,18720,0.0320134,0.0320134,0.0320134,0.0320134,3.91371e-08
7,1007,195,19210,0.0320134,0.0320134,0.0320134,0.0320134,2.3249e-08
7,1007,200,19700,0.0320134,0.0320134,0.0320134,0.0320134,1.43871e-08
7,1007,205,20190,0.0320134,0.0320134,0.0320134,0.0320134,7.45147e-09
7,1007,210,20680,0.0320134,0.0320134,0.0320134,0.0320134,6.58539e-09
7,1007,215,21170,0.0320134,0.0320134,0.0320134,0.0320134,4.62163e-09
7,1007,220,21660,0.0320134,0.0320134,0.0320134,0.0320134,2.10239e-09
7,1007,225,22150,0.0320134,0.0320134,0.0320134,0.0320134,1.29762e-09
7,1007,230,22640,0.0320134,0.0320134,0.0320134,0.0320134,1.22129e-09
7,1007,235,23130,0.0320134,0.0320134,0.0320134,0.0320134,1.48051e-09
7,1007,240,23620,0.0320134,0.0320134,0.0320134,0.0320134,1.38591e-09
7,1007,245,24110,0.0320134,0.0320134,0.0320134,0.0320134,1.21099e-09
7,1007,250,24600,0.0320134,0.0320134,0.0320134,0.0320134,1.1836e-09
7,1007,255,25090,0.0320134,0.0320134,0.0320134,0.0320134,1.11533e-09
7,1007,260,25580,0.0320134,0.0320134,0.0320134,0.0320134,1.24835e-09
7,1007,265,26070,0.0320134,0.0320134,0.0320134,0.0320134,1.10131e-09
7,1007,270,26560,0.0320134,0.0320134,0.0320134,0.0320134,1.25347e-09
7,1007,275,27050,0.0320134,0.0320134,0.0320134,0.0320134,1.2644e-09
7,1007,280,27540,0.0320134,0.0320134,0.0320134,0.0320134,1.32676e-09
7,1007,285,28030,0.0320134,0.0320134,0.0320134,0.0320134,1.21484e-09
7,1007,290,28520,0.0320134,0.0320134,0.0320134,0.0320134,1.19148e-09
7,1007,295,29010,0.0320134,0.0320134,0.0320134,0.0320134,1.19777e-09
7,1007,300,29500,0.0320134,0.0320134,0.0320134,0.0320134,1.30996e-09
7,1007,305,29990,0.0320134,0.0320134,0.0320134,0.0320134,1.16832e-09
7,1007,310,30480,0.0320134,0.0320134,0.0320134,0.0320134,1.14905e-09
7,1007,315,30970,0.0320134,0.0320134,0.0320134,0.0320134,1.19379e-09
7,1007,320,31460,0.0320134,0.0320134,0.0320134,0.0320134,1.21092e-09
7,1007,325,31950,0.0320134,0.0320134,0.0320134,0.0320134,1.23964e-09
7,1007,330,32440,0.0320134,0.0320134,0.0320134,0.0320134,1.0745e-09
7,1007,335,32930,0.0320134,0.0320134,0.0320134,0.0320134,1.11474e-09
7,1007,340,33420,0.0320134,0.0320134,0.0320134,0.0320134,1.13546e-09
7,1007,345,33910,0.0320134,0.0320134,0.0320134,0.0320134,1.16195e-09
7,1007,350,34400,0.0320134,0.0320134,0.0320134,0.0320134,1.06736e-09
7,1007,355,34890,0.0320134,0.0320134,0.0320134,0.0320134,1.11103e-09
7,1007,360,35380,0.0320134,0.0320134,0.0320134,0.0320134,1.4728e-09
7,1007,365,35870,0.0320134,0.0320134,0.0320134,0.0320134,1.17452e-09
7,1007,370,36360,0.0320134,0.0320134,0.0320134,0.0320134,1.23164e-09
7,1007,375,36850,0.0320134,0.0320134,0.0320134,0.0320134,1.14674e-09
7,1007,380,37340,0.0320134,0.0320134,0.0320134,0.0320134,1.11761e-09
7,1007,385,37830,0.0320134,0.0320134,0.0320134,0.0320134,1.14248e-09
7,1007,390,38320,0.0320134,0.0320134,0.0320134,0.0320134,1.20716e-09
7,1007,395,38810,0.0320134,0.0320134,0.0320134,0.0320134,1.15392e-09
7,1007,400,39300,0.0320134,0.0320134,0.0320134,0.0320134,1.26281e-09
7,1007,405,39790,0.0320134,0.0320134,0.0320134,0.0320134,1.2984e-09
7,1007,410,40280,0.0320134,0.0320134,0.0320134,0.0320134,1.16342e-09
7,1007,415,40770,0.0320134,0.0320134,0.0320134,0.0320134,1.12824e-09
7,1007,420,41260,0.0320134,0.0320134,0.0320134,0.0320134,1.26444e-09
7,1007,425,41750,0.0320134,0.0320134,0.0320134,0.0320134,1.15786e-09
7,1007,430,42240,0.0320134,0.0320134,0.0320134,0.0320134,1.1739e-09
7,1007,435,42730,0.0320134,0.0320134,0.0320134,0.0320134,1.17231e-09
7,1007,440,43220,0.0320134,0.0320134,0.0320134,0.0320134,1.14384e-09
7,1007,445,43710,0.0320134,0.0320134,0.0320134,0.0320134,1.11407e-09
7,1007,450,44200,0.0320134,0.0320134,0.0320134,0.0320134,1.15744e-09
7,1007,455,44690,0.0320134,0.0320134,0.0320134,0.0320134,1.17682e-09
7,1007,460,45180,0.0320134,0.0320134,0.0320134,0.0320134,1.13544e-09
7,1007,465,45670,0.0320134,0.0320134,0.0320134,0.0320134,1.15827e-09
7,1007,470,46160,0.0320134,0.0320134,0.0320134,0.0320134,1.18444e-09
7,1007,475,46650,0.0320134,0.0320134,0.0320134,0.0320134,1.06106e-09
7,1007,480,47140,0.0320134,0.0320134,0.0320134,0.0320134,1.11208e-09
7,1007,485,47630,0.0320134,0.0320134,0.0320134,0.0320134,1.09915e-09
7,1007,490,48120,0.0320134,0.0320134,0.0320134,0.0320134,1.11075e-09
7,1007,495,48610,0.0320134,0.0320134,0.0320134,0.0320134,1.16963e-09
7,1007,500,49100,0.0320134,0.0320134,0.0320134,0.0320134,1.28476e-09
7,1007,505,49590,0.0320134,0.0320134,0.0320134,0.0320134,1.16126e-09
7,1007,510,50000,0.0320134,0.0320134,0.0320134,0.0320134,1.23241e-09
8,1008,0,100,76.6344,76.6344,289.998,277.601,0.01
8,1008,5,590,18.6661,18.6661,62.7697,59.2034,0.00856229
8,1008,10,1080,2.57438,2.57438,13.0511,11.7765,0.00735113
8,1008,15,1570,1.26716,1.26716,2.57669,2.40897,0.00862289
8,1008,20,2060,1.09248,1.09248,1.43818,1.42148,0.00702765
8,1008,25,2550,0.733904,0.733904,1.13638,1.11071,0.00452968
8,1008,30,3040,0.697093,0.697093,1.09456,1.08637,0.00337994
8,1008,35,3530,0.633228,0.633228,1.0582,1.05473,0.00287924
8,1008,40,4020,0.633228,0.633228,1.02858,1.03285,0.0017275
8,1008,45,4510,0.517183,0.517183,1.02589,1.02884,0.00133264
8,1008,50,5000,0.517183,0.517183,1.02112,1.02758,0.000948639
8,1008,55,5490,0.517183,0.517183,1.00726,1.0216,0.000746315
8,1008,60,5980,0.496737,0.496737,1.0046,1.02527,0.000957738
8,1008,65,6470,0.496737,0.496737,1.03363,1.02727,0.000921782
8,1008,70,6960,0.359476,0.359476,1.01551,1.0292,0.00101942
8,1008,75,7450,0.359476,0.359476,1.01307,1.02721,0.00107495
8,1008,80,7940,0.359476,0.359476,1.01186,1.03536,0.000878053
8,1008,85,8430,0.359476,0.359476,0.999046,1.02434,0.00098922
8,1008,90,8920,0.298695,0.298695,0.994927,1.01631,0.000769221
8,1008,95,9410,0.226762,0.226762,0.80665,0.870315,0.000590534
8,1008,100,9900,0.089545,0.089545,0.423242,0.376751,0.000397666
8,1008,105,10390,0.0343781,0.0343781,0.159099,0.122855,0.000211654
8,1008,110,10880,0.0143697,0.0143697,0.0798945,0.0625031,0.000161614
8,1008,115,11370,0.00784586,0.00784586,0.0343524,0.0280473,0.0001052
8,1008,120,11860,0.00229714,0.00229714,0.0141346,0.0115798,6.34027e-05
8,1008,125,12350,0.000632593,0.000632593,0.00556653,0.00471707,4.1897e-05
8,1008,130,12840,0.000277613,0.000277613,0.00215822,0.00184039,2.97825e-05
8,1008,135,13330,5.4534e-05,5.4534e-05,0.00121853,0.000925577,1.82684e-05
8,1008,140,13820,4.32529e-05,4.32529e-05,0.000282661,0.000221593,1.10251e-05
8,1008,145,14310,1.85651e-05,1.85651e-05,0.000111501,8.92364e-05,5.93545e-06
8,1008,150,14800,4.98176e-06,4.98176e-06,4.5347e-05,3.81906e-05,4.34591e-06
8,1008,155,15290,3.24501e-06,3.24501e-06,2.65634e-05,2.20702e-05,3.63036e-06
8,1008,160,15780,6.97443e-07,6.97443e-07,8.88004e-06,7.31396e-06,1.79045e-06
8,1008,165,16270,5.43196e-07,5.43196e-07,3.38425e-06,2.78798e-06,1.09671e-06
8,1008,170,16760,2.26236e-07,2.26236e-07,1.05579e-06,9.21479e-07,6.21065e-07
8,1008,175,17250,1.18634e-07,1.18634e-07,4.49995e-07,3.82366e-07,3.47976e-07
8,1008,180,17740,2.26166e-08,2.26166e-08,1.54985e-07,1.23366e-07,2.11124e-07
8,1008,185,18230,9.45744e-09,9.45744e-09,5.63564e-08,4.63424e-08,1.44428e-07
8,1008,190,18720,2.31603e-09,2.31603e-09,1.57757e-08,1.35424e-08,7.0168e-08
8,1008,195,19210,9.72884e-10,9.72884e-10,6.22771e-09,5.06356e-09,4.91877e-08
8,1008,200,19700,2.50573e-10,2.50573e-10,1.96024e-09,1.53276e-09,2.72308e-08
8,1008,205,20190,6.86665e-11,6.86665e-11,7.48437e-10,5.62234e-10,1.89776e-08
8,1008,210,20680,5.1029e-11,5.1029e-11,5.58322e-10,3.63574e-10,1.31351e-08
8,1008,215,21170,2.21203e-11,2.21203e-11,2.25828e-10,1.87158e-10,9.82172e-09
8,1008,220,21660,6.8906e-12,6.8906e-12,7.43908e-11,6.01516e-11,4.92662e-09
8,1008,225,22150,5.13112e-12,5.13112e-12,4.12903e-11,3.2821e-11,3.59613e-09
8,1008,230,22640,2.04636e-12,2.04636e-12,1.68868e-11,1.39809e-11,2.2376e-09
8,1008,235,23130,4.76286e-13,4.76286e-13,4.99936e-12,3.93913e-12,1.38265e-09
8,1008,240,23620,3.65263e-13,3.65263e-13,2.99664e-12,2.19907e-12,1.04908e-09
8,1008,245,24110,3.02758e-13,3.02758e-13,2.84129e-12,2.10115e-12,1.19489e-09
8,1008,250,24600,1.91624e-13,1.91624e-13,2.56889e-12,1.74438e-12,1.21193e-09
8,1008,255,25090,1.91624e-13,1.91624e-13,3.28102e-12,2.23527e-12,1.22638e-09
8,1008,260,25580,1.91624e-13,1.91624e-13,2.76042e-12,2.08061e-12,1.17339e-09
8,1008,265,26070,1.56208e-13,1.56208e-13,2.76675e-12,2.05813e-12,1.19682e-09
8,1008,270,26560,1.27898e-13,1.27898e-13,2.68141e-12,1.94761e-12,1.2136e-09
8,1008,275,27050,1.27898e-13,1.27898e-13,2.4628e-12,1.92502e-12,1.25722e-09
8,1008,280,27540,1.27898e-13,1.27898e-13,2.40814e-12,1.84674e-12,1.1635e-09
8,1008,285,28030,1.27898e-13,1.27898e-13,2.34541e-12,1.81344e-12,1.33324e-09
8,1008,290,28520,1.27898e-13,1.27898e-13,2.59435e-12,1.93212e-12,1.27874e-09
8,1008,295,29010,1.27898e-13,1.27898e-13,2.25775e-12,1.73023e-12,1.20038e-09
8,1008,300,29500,1.25455e-13,1.25455e-13,2.36903e-12,1.80672e-12,1.17942e-09
8,1008,305,29990,9.12603e-14,9.12603e-14,2.67631e-12,1.97237e-12,1.25372e-09
8,1008,310,30480,9.12603e-14,9.12603e-14,1.79368e-12,1.46472e-12,1.12191e-09
8,1008,315,30970,9.12603e-14,9.12603e-14,2.52815e-12,1.9556e-12,1.14413e-09
8,1008,320,31460,9.12603e-14,9.12603e-14,2.13245e-12,1.56641e-12,1.16202e-09
8,1008,325,31950,9.12603e-14,9.12603e-14,1.99411e-12,1.661e-12,1.17882e-09
8,1008,330,32440,9.12603e-14,9.12603e-14,2.63325e-12,1.83376e-12,1.18849e-09
8,1008,335,32930,9.12603e-14,9.12603e-14,2.32307e-12,1.80805e-12,1.14737e-09
8,1008,340,33420,9.12603e-14,9.12603e-14,2.07385e-12,1.7204e-12,1.2243e-09
8,1008,345,33910,9.12603e-14,9.12603e-14,2.78084e-12,1.85424e-12,1.19587e-09
8,1008,350,34400,9.12603e-14,9.12603e-14,2.4203e-12,1.71746e-12,1.13785e-09
8,1008,355,34890,9.11493e-14,9.11493e-14,2.08406e-12,1.69853e-12,1.29261e-09
8,1008,360,35380,9.11493e-14,9.11493e-14,2.00362e-12,1.78219e-12,1.20254e-09
8,1008,365,35870,9.11493e-14,9.11493e-14,2.28267e-12,1.50452e-12,1.23061e-09
8,1008,370,36360,9.11493e-14,9.11493e-14,2.05908e-12,1.52217e-12,1.13436e-09
8,1008,375,36850,9.11493e-14,9.11493e-14,2.51768e-12,1.95116e-12,1.18918e-09
8,1008,380,37340,9.11493e-14,9.11493e-14,2.27744e-12,1.81727e-12,1.26367e-09
8,1008,385,37830,6.82787e-14,6.82787e-14,2.61134e-12,1.61621e-12,1.20605e-09
8,1008,390,38320,6.82787e-14,6.82787e-14,2.63242e-12,1.53549e-12,1.33719e-09
8,1008,395,38810,6.82787e-14,6.82787e-14,3.19185e-12,2.0372e-12,1.34875e-09
8,1008,400,39300,6.82787e-14,6.82787e-14,3.07409e-12,2.29017e-12,1.28892e-09
8,1008,405,39790,6.82787e-14,6.82787e-14,3.17966e-12,2.02638e-12,1.31038e-09
8,1008,410,40280,6.82787e-14,6.82787e-14,3.20216e-12,1.79035e-12,1.21314e-09
8,1008,415,40770,6.82787e-14,6.82787e-14,3.69405e-12,2.16499e-12,1.55277e-09
8,1008,420,41260,6.82787e-14,6.82787e-14,3.36411e-12,2.55601e-12,1.40235e-09
8,1008,425,41750,5.4956e-14,5.4956e-14,3.49756e-12,2.74963e-12,1.37096e-09
8,1008,430,42240,5.4956e-14,5.4956e-14,2.56314e-12,2.01245e-12,1.32638e-09
8,1008,435,42730,5.4956e-14,5.4956e-14,3.26922e-12,2.24853e-12,1.37309e-09
8,1008,440,43220,5.4956e-14,5.4956e-14,2.09641e-12,1.49414e-12,1.30197e-09
8,1008,445,43710,5.4956e-14,5.4956e-14,2.77979e-12,1.82049e-12,1.1749e-09
8,1008,450,44200,5.4956e-14,5.4956e-14,2.88111e-12,1.7974e-12,1.45148e-09
8,1008,455,44690,5.4956e-14,5.4956e-14,2.55488e-12,1.85296e-12,1.4007e-09
8,1008,460,45180,5.4956e-14,5.4956e-14,2.24582e-12,1.55426e-12,1.40621e-09
8,1008,465,45670,5.4956e-14,5.4956e-14,2.1395e-12,1.69031e-12,1.29337e-09
8,1008,470,46160,5.4956e-14,5.4956e-14,2.68303e-12,1.89671e-12,1.20592e-09
8,1008,475,46650,5.4956e-14,5.4956e-14,3.27938e-12,2.04914e-12,1.26878e-09
8,1008,480,47140,5.4956e-14,5.4956e-14,2.91827e-12,2.30305e-12,1.24118e-09
8,1008,485,47630,5.4956e-14,5.4956e-14,2.42477e-12,2.01278e-12,1.3207e-09
8,1008,490,48120,5.4956e-14,5.4956e-14,2.10238e-12,1.64158e-12,1.24908e-09
8,1008,495,48610,5.4956e-14,5.4956e-14,2.45685e-12,1.59267e-12,1.1565e-09
8,1008,500,49100,5.4956e-14,5.4956e-14,3.08529e-12,2.10942e-12,1.3767e-09
8,1008,505,49590,5.4956e-14,5.4956e-14,2.39841e-12,1.71396e-12,1.15016e-09
8,1008,510,50000,5.4956e-14,5.4956e-14,2.24037e-12,2.14878e-12,1.16656e-09
9,1009,0,100,121.784,121.784,301.293,292.281,0.01
9,1009,5,590,17.1897,17.1897,69.7933,65.8248,0.00936402
9,1009,10,1080,2.63075,2.63075,9.36422,8.49178,0.00796391
9,1009,15,1570,1.45798,1.45798,2.47224,2.41063,0.00759691
9,1009,20,2060,0.870562,0.870562,1.37867,1.35302,0.0066004
9,1009,25,2550,0.870562,0.870562,1.16542,1.14564,0.00464086
9,1009,30,3040,0.823854,0.823854,1.07441,1.07694,0.00294001
9,1009,35,3530,0.787467,0.787467,1.04907,1.04463,0.00170811
9,1009,40,4020,0.672221,0.672221,1.02051,1.02451,0.00139057
9,1009,45,4510,0.672221,0.672221,1.01805,1.02067,0.000993885
9,1009,50,5000,0.564978,0.564978,0.999701,1.02221,0.000791417
9,1009,55,5490,0.564978,0.564978,1.00447,1.01624,0.000704779
9,1009,60,5980,0.428668,0.428668,0.964512,1.00916,0.000660357
9,1009,65,6470,0.348345,0.348345,0.980416,1.01904,0.000560874
9,1009,70,6960,0.289393,0.289393,0.942679,0.98306,0.000626632
9,1009,75,7450,0.214748,0.214748,0.613598,0.580754,0.000545056
9,1009,80,7940,0.0817886,0.0817886,0.345369,0.294647,0.000400263
9,1009,85,8430,0.0463697,0.0463697,0.218155,0.176356,0.000294687
9,1009,90,8920,0.0281712,0.0281712,0.12832,0.103964,0.000183312
9,1009,95,9410,0.0235084,0.0235084,0.0793899,0.0567487,0.000162802
9,1009,100,9900,0.0165609,0.0165609,0.0434346,0.0375907,0.000111335
9,1009,105,10390,0.0141865,0.0141865,0.0301057,0.0259647,9.14413e-05
9,1009,110,10880,0.0138692,0.0138692,0.0214191,0.0197867,5.83001e-05
9,1009,115,11370,0.0128074,0.0128074,0.0165467,0.0157815,3.43801e-05
9,1009,120,11860,0.0126296,0.0126296,0.0138942,0.0136216,1.8297e-05
9,1009,125,12350,0.0123852,0.0123852,0.0127576,0.0126694,9.85033e-06
9,1009,130,12840,0.0123453,0.0123453,0.0124716,0.0124512,6.10664e-06
9,1009,135,13330,0.0123225,0.0123225,0.0123611,0.0123512,3.55123e-06
9,1009,140,13820,0.0123193,0.0123193,0.0123332,0.0123285,2.52021e-06
9,1009,145,14310,0.0123173,0.0123173,0.012324,0.0123223,1.57113e-06
9,1009,150,14800,0.0123166,0.0123166,0.012319,0.0123182,9.68697e-07
9,1009,155,15290,0.0123163,0.0123163,0.0123171,0.0123169,5.8254e-07
9,1009,160,15780,0.0123161,0.0123161,0.0123165,0.0123164,3.76795e-07
9,1009,165,16270,0.0123161,0.0123161,0.0123163,0.0123162,2.5087e-07
9,1009,170,16760,0.0123161,0.0123161,0.0123161,0.0123161,1.40672e-07
9,1009,175,17250,0.0123161,0.0123161,0.0123161,0.0123161,8.48875e-08
9,1009,180,17740,0.0123161,0.0123161,0.0123161,0.0123161,5.51683e-08
9,1009,185,18230,0.0123161,0.0123161,0.0123161,0.0123161,3.5212e-08
9,1009,190,18720,0.0123161,0.0123161,0.0123161,0.0123161,2.23661e-08
9,1009,195,19210,0.0123161,0.0123161,0.0123161,0.0123161,1.21462e-08
9,1009,200,19700,0.0123161,0.0123161,0.0123161,0.0123161,1.04326e-08
9,1009,205,20190,0.0123161,0.0123161,0.0123161,0.0123161,5.27058e-09
9,1009,210,20680,0.0123161,0.0123161,0.0123161,0.0123161,2.62577e-09
9,1009,215,21170,0.0123161,0.0123161,0.0123161,0.0123161,1.96064e-09
9,1009,220,21660,0.0123161,0.0123161,0.0123161,0.0123161,2.03079e-09
9,1009,225,22150,0.0123161,0.0123161,0.0123161,0.0123161,1.72887e-09
9,1009,230,22640,0.0123161,0.0123161,0.0123161,0.0123161,1.3298e-09
9,1009,235,23130,0.0123161,0.0123161,0.0123161,0.0123161,1.54883e-09
9,1009,240,23620,0.0123161,0.0123161,0.0123161,0.0123161,1.40736e-09
9,1009,245,24110,0.0123161,0.0123161,0.0123161,0.0123161,1.2195e-09
9,1009,250,24600,0.0123161,0.0123161,0.0123161,0.0123161,1.16995e-09
9,1009,255,25090,0.0123161,0.0123161,0.0123161,0.0123161,1.1826e-09
9,1009,260,25580,0.0123161,0.0123161,0.0123161,0.0123161,1.04395e-09
9,1009,265,26070,0.0123161,0.0123161,0.0123161,0.0123161,1.3795e-09
9,1009,270,26560,0.0123161,0.0123161,0.0123161,0.0123161,1.40172e-09
9,1009,275,27050,0.0123161,0.0123161,0.0123161,0.0123161,1.24941e-09
9,1009,280,27540,0.0123161,0.0123161,0.0123161,0.0123161,1.32523e-09
9,1009,285,28030,0.0123161,0.0123161,0.0123161,0.0123161,1.27471e-09
9,1009,290,28520,0.0123161,0.0123161,0.0123161,0.0123161,1.27759e-09
9,1009,295,29010,0.0123161,0.0123161,0.0123161,0.0123161,1.43772e-09
9,1009,300,29500,0.0123161,0.0123161,0.0123161,0.0123161,1.18343e-09
9,1009,305,29990,0.0123161,0.0123161,0.0123161,0.0123161,1.25173e-09
9,1009,310,30480,0.0123161,0.0123161,0.0123161,0.0123161,1.23557e-09
9,1009,315,30970,0.0123161,0.0123161,0.0123161,0.0123161,1.13314e-09
9,1009,320,31460,0.0123161,0.0123161,0.0123161,0.0123161,1.0854e-09
9,1009,325,31950,0.0123161,0.0123161,0.0123161,0.0123161,1.25097e-09
9,1009,330,32440,0.0123161,0.0123161,0.0123161,0.0123161,1.22761e-09
9,1009,335,32930,0.0123161,0.0123161,0.0123161,0.0123161,1.19437e-09
9,1009,340,33420,0.0123161,0.0123161,0.0123161,0.0123161,1.20421e-09
9,1009,345,33910,0.0123161,0.0123161,0.0123161,0.0123161,1.13637e-09
9,1009,350,34400,0.0123161,0.0123161,0.0123161,0.0123161,1.19949e-09
9,1009,355,34890,0.0123161,0.0123161,0.0123161,0.0123161,1.22212e-09
9,1009,360,35380,0.0123161,0.0123161,0.0123161,0.0123161,1.15728e-09
9,1009,365,35870,0.0123161,0.0123161,0.0123161,0.0123161,1.30765e-09
9,1009,370,36360,0.0123161,0.0123161,0.0123161,0.0123161,1.33919e-09
9,1009,375,36850,0.0123161,0.0123161,0.0123161,0.0123161,1.28436e-09
9,1009,380,37340,0.0123161,0.0123161,0.0123161,0.0123161,1.18946e-09
9,1009,385,37830,0.0123161,0.0123161,0.0123161,0.0123161,1.12678e-09
9,1009,390,38320,0.0123161,0.0123161,0.0123161,0.0123161,1.27506e-09
9,1009,395,38810,0.0123161,0.0123161,0.0123161,0.0123161,1.23339e-09
9,1009,400,39300,0.0123161,0.0123161,0.0123161,0.0123161,1.14985e-09
9,1009,405,39790,0.0123161,0.0123161,0.0123161,0.0123161,1.15656e-09
9,1009,410,40280,0.0123161,0.0123161,0.0123161,0.0123161,1.24526e-09
9,1009,415,40770,0.0123161,0.0123161,0.0123161,0.0123161,1.25242e-09
9,1009,420,41260,0.0123161,0.0123161,0.0123161,0.0123161,1.139e-09
9,1009,425,41750,0.0123161,0.0123161,0.0123161,0.0123161,1.11617e-09
9,1009,430,42240,0.0123161,0.0123161,0.0123161,0.0123161,1.22032e-09
9,1009,435,42730,0.0123161,0.0123161,0.0123161,0.0123161,1.24868e-09
9,1009,440,43220,0.0123161,0.0123161,0.0123161,0.0123161,1.18469e-09
9,1009,445,43710,0.0123161,0.0123161,0.0123161,0.0123161,1.19528e-09
9,1009,450,44200,0.0123161,0.0123161,0.0123161,0.0123161,1.14491e-09
9,1009,455,44690,0.0123161,0.0123161,0.0123161,0.0123161,1.14552e-09
9,1009,460,45180,0.0123161,0.0123161,0.0123161,0.0123161,1.24373e-09
9,1009,465,45670,0.0123161,0.0123161,0.0123161,0.0123161,1.07198e-09
9,1009,470,46160,0.0123161,0.0123161,0.0123161,0.0123161,1.13453e-09
9,1009,475,46650,0.0123161,0.0123161,0.0123161,0.0123161,1.10325e-09
9,1009,480,47140,0.0123161,0.0123161,0.0123161,0.0123161,1.1828e-09
9,1009,485,47630,0.0123161,0.0123161,0.0123161,0.0123161,1.14808e-09
9,1009,490,48120,0.0123161,0.0123161,0.0123161,0.0123161,1.28186e-09
9,1009,495,48610,0.0123161,0.0123161,0.0123161,0.0123161,1.23249e-09
9,1009,500,49100,0.0123161,0.0123161,0.0123161,0.0123161,1.1757e-09
9,1009,505,49590,0.0123161,0.0123161,0.0123161,0.0123161,1.10298e-09
9,1009,510,50000,0.0123161,0.0123161,0.0123161,0.0123161,1.21706e-09
10,1010,0,100,116.55,116.55,303.127,301.111,0.01
10,1010,5,590,12.1231,12.1231,53.9008,52.8595,0.0150503
10,1010,10,1080,2.98302,2.98302,8.89644,8.46521,0.0142497
10,1010,15,1570,1.2891,1.2891,2.34469,2.19895,0.0107476
10,1010,20,2060,1.10087,1.10087,1.47991,1.44844,0.00710397
10,1010,25,2550,1.04084,1.04084,1.16188,1.15223,0.00436104
10,1010,30,3040,0.906928,0.906928,1.07782,1.06885,0.00320058
10,1010,35,3530,0.836002,0.836002,1.05778,1.05453,0.00219216
10,1010,40,4020,0.836002,0.836002,1.03183,1.03351,0.00143903
10,1010,45,4510,0.718692,0.718692,1.03099,1.03322,0.00144835
10,1010,50,5000,0.561262,0.561262,1.01755,1.02229,0.00123191
10,1010,55,5490,0.430501,0.430501,0.98118,1.01352,0.00107121
10,1010,60,5980,0.320204,0.320204,0.924966,0.99443,0.000820995
10,1010,65,6470,0.0724359,0.0724359,0.39114,0.360171,0.000390425
10,1010,70,6960,0.0389405,0.0389405,0.212449,0.168487,0.00030012
10,1010,75,7450,0.00886689,0.00886689,0.106371,0.0867194,0.000209467
10,1010,80,7940,0.00815577,0.00815577,0.0485468,0.0375315,0.00013338
10,1010,85,8430,0.00376199,0.00376199,0.0288064,0.0260505,8.59617e-05
10,1010,90,8920,0.00186466,0.00186466,0.00996579,0.00836897,5.56089e-05
10,1010,95,9410,0.000587623,0.000587623,0.00406894,0.00369928,3.60876e-05
10,1010,100,9900,0.000150131,0.000150131,0.00154288,0.00127439,2.5056e-05
10,1010,105,10390,5.92186e-05,5.92186e-05,0.000680485,0.000530818,1.72012e-05
10,1010,110,10880,5.92186e-05,5.92186e-05,0.000290099,0.000224077,8.74658e-06
10,1010,115,11370,2.84533e-05,2.84533e-05,0.000104864,8.69006e-05,6.5427e-06
10,1010,120,11860,9.19374e-06,9.19374e-06,4.05824e-05,3.18387e-05,3.164e-06
10,1010,125,12350,2.41635e-06,2.41635e-06,1.71943e-05,1.54753e-05,2.02539e-06
10,1010,130,12840,1.21262e-06,1.21262e-06,5.78894e-06,4.43897e-06,1.25435e-06
10,1010,135,13330,1.90248e-07,1.90248e-07,1.69685e-06,1.23581e-06,6.39873e-07
10,1010,140,13820,1.11593e-07,1.11593e-07,6.06343e-07,4.75269e-07,4.28218e-07
10,1010,145,14310,5.25055e-08,5.25055e-08,2.10156e-07,1.75118e-07,2.17289e-07
10,1010,150,14800,1.92578e-08,1.92578e-08,9.77777e-08,7.99977e-08,1.75242e-07
10,1010,155,15290,3.14736e-09,3.14736e-09,3.00527e-08,2.20942e-08,1.01213e-07
10,1010,160,15780,1.72812e-09,1.72812e-09,1.02852e-08,8.02795e-09,5.90928e-08
10,1010,165,16270,6.31437e-10,6.31437e-10,3.0432e-09,2.59106e-09,3.50404e-08
10,1010,170,16760,2.95824e-10,2.95824e-10,1.56738e-09,1.25683e-09,1.9667e-08
10,1010,175,17250,1.2391e-10,1.2391e-10,5.8581e-10,4.7098e-10,1.24137e-08
10,1010,180,17740,3.81838e-11,3.81838e-11,2.17024e-10,1.74821e-10,8.68343e-09
10,1010,185,18230,2.00715e-11,2.00715e-11,9.75659e-11,7.97664e-11,5.50392e-09
10,1010,190,18720,8.12195e-12,8.12195e-12,4.74093e-11,3.57595e-11,4.48667e-09
10,1010,195,19210,3.61566e-12,3.61566e-12,3.02739e-11,2.13777e-11,2.96813e-09
10,1010,200,19700,6.7879e-13,6.7879e-13,7.24543e-12,5.70316e-12,1.63157e-09
10,1010,205,20190,6.48703e-13,6.48703e-13,6.27498e-12,3.48904e-12,1.54923e-09
10,1010,210,20680,3.89244e-13,3.89244e-13,3.42257e-12,2.51249e-12,1.36408e-09
10,1010,215,21170,3.09419e-13,3.09419e-13,2.78847e-12,2.12425e-12,1.25036e-09
10,1010,220,21660,1.37557e-13,1.37557e-13,2.35996e-12,1.64824e-12,1.18434e-09
10,1010,225,22150,1.32561e-13,1.32561e-13,2.54357e-12,1.54099e-12,1.08617e-09
10,1010,230,22640,1.32561e-13,1.32561e-13,1.95583e-12,1.65279e-12,1.18572e-09
10,1010,235,23130,1.32561e-13,1.32561e-13,2.77199e-12,2.20107e-12,1.18507e-09
10,1010,240,23620,1.20459e-13,1.20459e-13,2.34846e-12,1.62781e-12,1.13728e-09
10,1010,245,24110,1.20459e-13,1.20459e-13,2.39785e-12,1.6514e-12,1.16412e-09
10,1010,250,24600,1.20459e-13,1.20459e-13,2.18354e-12,1.39788e-12,1.14095e-09
10,1010,255,25090,9.57012e-14,9.57012e-14,2.19979e-12,1.51534e-12,1.17976e-09
10,1010,260,25580,9.57012e-14,9.57012e-14,3.40877e-12,2.13041e-12,1.24294e-09
10,1010,265,26070,9.57012e-14,9.57012e-14,2.35118e-12,1.61654e-12,1.15892e-09
10,1010,270,26560,9.57012e-14,9.57012e-14,2.11978e-12,1.55848e-12,1.14242e-09
10,1010,275,27050,5.22915e-14,5.22915e-14,2.67129e-12,2.09566e-12,1.14972e-09
10,1010,280,27540,5.22915e-14,5.22915e-14,1.85642e-12,1.50807e-12,1.21345e-09
10,1010,285,28030,5.22915e-14,5.22915e-14,2.17541e-12,1.41204e-12,1.13725e-09
10,1010,290,28520,5.22915e-14,5.22915e-14,2.24039e-12,1.4731e-12,1.12662e-09
10,1010,295,29010,5.22915e-14,5.22915e-14,1.79463e-12,1.31689e-12,1.12726e-09
10,1010,300,29500,5.22915e-14,5.22915e-14,2.17922e-12,1.63902e-12,1.09233e-09
10,1010,305,29990,5.22915e-14,5.22915e-14,2.44485e-12,1.69492e-12,1.19156e-09
10,1010,310,30480,4.81837e-14,4.81837e-14,2.15397e-12,1.61116e-12,1.16785e-09
10,1010,315,30970,2.57572e-14,2.57572e-14,2.07e-12,1.5361e-12,1.09099e-09
10,1010,320,31460,2.57572e-14,2.57572e-14,3.51427e-12,1.83858e-12,1.32207e-09
10,1010,325,31950,2.57572e-14,2.57572e-14,2.90035e-12,2.26913e-12,1.22526e-09
10,1010,330,32440,2.57572e-14,2.57572e-14,2.81303e-12,1.87728e-12,1.29321e-09
10,1010,335,32930,2.57572e-14,2.57572e-14,2.43905e-12,1.63664e-12,1.30743e-09
10,1010,340,33420,2.57572e-14,2.57572e-14,2.97953e-12,1.86995e-12,1.28932e-09
10,1010,345,33910,2.57572e-14,2.57572e-14,2.90387e-12,1.99657e-12,1.31603e-09
10,1010,350,34400,2.57572e-14,2.57572e-14,2.56188e-12,1.73506e-12,1.33246e-09
10,1010,355,34890,2.4758e-14,2.4758e-14,2.84844e-12,1.89437e-12,1.40913e-09
10,1010,360,35380,2.4758e-14,2.4758e-14,2.49641e-12,1.47249e-12,1.27747e-09
10,1010,365,35870,2.4758e-14,2.4758e-14,2.40408e-12,1.60222e-12,1.28676e-09
10,1010,370,36360,2.4758e-14,2.4758e-14,2.45449e-12,1.63997e-12,1.24595e-09
10,1010,375,36850,2.4758e-14,2.4758e-14,1.99734e-12,1.45761e-12,1.14443e-09
10,1010,380,37340,2.4758e-14,2.4758e-14,1.99066e-12,1.42497e-12,1.16968e-09
10,1010,385,37830,2.4758e-14,2.4758e-14,2.1426e-12,1.64635e-12,1.39149e-09
10,1010,390,38320,2.4758e-14,2.4758e-14,2.16808e-12,1.75493e-12,1.33974e-09
10,1010,395,38810,2.43139e-14,2.43139e-14,2.51174e-12,1.90858e-12,1.11779e-09
10,1010,400,39300,2.43139e-14,2.43139e-14,2.16017e-12,1.61376e-12,1.15603e-09
10,1010,405,39790,2.43139e-14,2.43139e-14,1.9845e-12,1.32411e-12,1.15608e-09
10,1010,410,40280,2.43139e-14,2.43139e-14,1.96545e-12,1.37224e-12,1.15006e-09
10,1010,415,40770,2.43139e-14,2.43139e-14,2.69706e-12,1.58429e-12,1.21898e-09
10,1010,420,41260,2.43139e-14,2.43139e-14,2.07802e-12,1.48936e-12,1.26825e-09
10,1010,425,41750,2.43139e-14,2.43139e-14,1.77881e-12,1.27909e-12,1.1412e-09
10,1010,430,42240,7.43849e-15,7.43849e-15,2.43312e-12,1.61904e-12,1.27342e-09
10,1010,435,42730,7.43849e-15,7.43849e-15,3.08247e-12,2.17637e-12,1.21668e-09
10,1010,440,43220,7.43849e-15,7.43849e-15,2.42308e-12,1.79495e-12,1.203e-09
10,1010,445,43710,7.43849e-15,7.43849e-15,2.08421e-12,1.69537e-12,1.17852e-09
10,1010,450,44200,7.43849e-15,7.43849e-15,1.90526e-12,1.23557e-12,1.16051e-09
10,1010,455,44690,7.43849e-15,7.43849e-15,2.4275e-12,1.7446e-12,1.12092e-09
10,1010,460,45180,7.43849e-15,7.43849e-15,1.95984e-12,1.23923e-12,1.09095e-09
10,1010,465,45670,7.43849e-15,7.43849e-15,2.42059e-12,1.70536e-12,1.18869e-09
10,1010,470,46160,7.43849e-15,7.43849e-15,2.8379e-12,2.13407e-12,1.17307e-09
10,1010,475,46650,7.43849e-15,7.43849e-15,2.30463e-12,1.59334e-12,1.1693e-09
10,1010,480,47140,7.43849e-15,7.43849e-15,1.88499e-12,1.27132e-12,1.13626e-09
10,1010,485,47630,7.43849e-15,7.43849e-15,2.35194e-12,1.65745e-12,1.36426e-09
10,1010,490,48120,7.43849e-15,7.43849e-15,2.78476e-12,1.77319e-12,1.25191e-09
10,1010,495,48610,7.43849e-15,7.43849e-15,2.15755e-12,1.73006e-12,1.09488e-09
10,1010,500,49100,7.43849e-15,7.43849e-15,2.20502e-12,1.4802e-12,1.25628e-09
10,1010,505,49590,7.43849e-15,7.43849e-15,2.51811e-12,1.63669e-12,1.26937e-09
10,1010,510,50000,7.43849e-15,7.43849e-15,2.287e-12,1.73406e-12,1.15342e-09
11,1011,0,100,115.384,115.384,290.399,296.728,0.01
11,1011,5,590,13.9087,13.9087,39.9992,36.5745,0.0110608
11,1011,10,1080,1.71935,1.71935,5.63551,5.22405,0.0101622
11,1011,15,1570,1.30481,1.30481,2.02892,1.88098,0.00737459
11,1011,20,2060,1.03462,1.03462,1.3397,1.30742,0.00585999
11,1011,25,2550,0.810686,0.810686,1.18664,1.1573,0.00571009
11,1011,30,3040,0.747226,0.747226,1.0789,1.07041,0.00408759
11,1011,35,3530,0.744224,0.744224,1.05801,1.05706,0.00271081
11,1011,40,4020,0.744224,0.744224,1.03574,1.03806,0.00221203
11,1011,45,4510,0.696277,0.696277,1.03299,1.03748,0.00179699
11,1011,50,5000,0.648319,0.648319,1.02155,1.02291,0.00118403
11,1011,55,5490,0.549937,0.549937,0.999434,1.01134,0.000849404
11,1011,60,5980,0.458605,0.458605,0.963604,1.0119,0.000790925
11,1011,65,6470,0.274507,0.274507,0.777687,0.793273,0.000441196
11,1011,70,6960,0.0697934,0.0697934,0.281427,0.272303,0.000250131
11,1011,75,7450,0.0163657,0.0163657,0.110261,0.0974259,0.000182868
11,1011,80,7940,0.0129497,0.0129497,0.0415909,0.0380539,0.000122278
11,1011,85,8430,0.011481,0.011481,0.0295784,0.0245761,0.000101
11,1011,90,8920,0.00844696,0.00844696,0.0187587,0.014956,6.05327e-05
11,1011,95,9410,0.00783089,0.00783089,0.0117918,0.0112215,4.43031e-05
11,1011,100,9900,0.00761089,0.00761089,0.00905135,0.00873353,2.49181e-05
11,1011,105,10390,0.00749911,0.00749911,0.00799491,0.00785809,1.35099e-05
11,1011,110,10880,0.00743077,0.00743077,0.0076034,0.00757298,8.83653e-06
11,1011,115,11370,0.0074152,0.0074152,0.0074795,0.00746688,5.65083e-06
11,1011,120,11860,0.0074054,0.0074054,0.007443,0.00743214,3.61505e-06
11,1011,125,12350,0.00739847,0.00739847,0.00741743,0.00741551,2.15039e-06
11,1011,130,12840,0.00739641,0.00739641,0.00740262,0.00740041,1.4233e-06
11,1011,135,13330,0.00739641,0.00739641,0.00739867,0.00739825,9.83937e-07
11,1011,140,13820,0.00739624,0.00739624,0.00739719,0.00739699,6.89024e-07
11,1011,145,14310,0.00739611,0.00739611,0.00739669,0.00739655,5.05195e-07
11,1011,150,14800,0.00739608,0.00739608,0.00739641,0.0073963,3.95706e-07
11,1011,155,15290,0.00739606,0.00739606,0.0073962,0.00739616,2.49649e-07
11,1011,160,15780,0.00739605,0.00739605,0.00739611,0.00739609,1.70612e-07
11,1011,165,16270,0.00739604,0.00739604,0.00739607,0.00739606,1.05086e-07
11,1011,170,16760,0.00739604,0.00739604,0.00739605,0.00739605,5.19042e-08
11,1011,175,17250,0.00739604,0.00739604,0.00739604,0.00739604,3.83261e-08
11,1011,180,17740,0.00739604,0.00739604,0.00739604,0.00739604,2.06215e-08
11,1011,185,18230,0.00739604,0.00739604,0.00739604,0.00739604,1.63662e-08
11,1011,190,18720,0.00739604,0.00739604,0.00739604,0.00739604,1.34002e-08
11,1011,195,19210,0.00739604,0.00739604,0.00739604,0.00739604,8.42829e-09
11,1011,200,19700,0.00739604,0.00739604,0.00739604,0.00739604,7.13148e-09
11,1011,205,20190,0.00739604,0.00739604,0.00739604,0.00739604,4.76325e-09
11,1011,210,20680,0.00739604,0.00739604,0.00739604,0.00739604,2.44276e-09
11,1011,215,21170,0.00739604,0.00739604,0.00739604,0.00739604,1.7078e-09
11,1011,220,21660,0.00739604,0.00739604,0.00739604,0.00739604,1.35925e-09
11,1011,225,22150,0.00739604,0.00739604,0.00739604,0.00739604,1.50931e-09
11,1011,230,22640,0.00739604,0.00739604,0.00739604,0.00739604,1.36268e-09
11,1011,235,23130,0.00739604,0.00739604,0.00739604,0.00739604,1.36667e-09
11,1011,240,23620,0.00739604,0.00739604,0.00739604,0.00739604,1.23088e-09
11,1011,245,24110,0.00739604,0.00739604,0.00739604,0.00739604,1.23997e-09
11,1011,250,24600,0.00739604,0.00739604,0.00739604,0.00739604,1.25743e-09
11,1011,255,25090,0.00739604,0.00739604,0.00739604,0.00739604,1.27274e-09
11,1011,260,25580,0.00739604,0.00739604,0.00739604,0.00739604,1.20212e-09
11,1011,265,26070,0.00739604,0.00739604,0.00739604,0.00739604,1.27299e-09
11,1011,270,26560,0.00739604,0.00739604,0.00739604,0.00739604,1.21424e-09
11,1011,275,27050,0.00739604,0.00739604,0.00739604,0.00739604,1.31395e-09
11,1011,280,27540,0.00739604,0.00739604,0.00739604,0.00739604,1.43492e-09
11,1011,285,28030,0.00739604,0.00739604,0.00739604,0.00739604,1.13036e-09
11,1011,290,28520,0.00739604,0.00739604,0.00739604,0.00739604,1.20336e-09
11,1011,295,29010,0.00739604,0.00739604,0.00739604,0.00739604,1.41036e-09
11,1011,300,29500,0.00739604,0.00739604,0.00739604,0.00739604,1.18108e-09
11,1011,305,29990,0.00739604,0.00739604,0.00739604,0.00739604,1.19644e-09
11,1011,310,30480,0.00739604,0.00739604,0.00739604,0.00739604,1.25295e-09
11,1011,315,30970,0.00739604,0.00739604,0.00739604,0.00739604,1.24346e-09
11,1011,320,31460,0.00739604,0.00739604,0.00739604,0.00739604,1.37303e-09
11,1011,325,31950,0.00739604,0.00739604,0.00739604,0.00739604,1.16773e-09
11,1011,330,32440,0.00739604,0.00739604,0.00739604,0.00739604,1.29377e-09
11,1011,335,32930,0.00739604,0.00739604,0.00739604,0.00739604,1.21146e-09
11,1011,340,33420,0.00739604,0.00739604,0.00739604,0.00739604,1.13281e-09
11,1011,345,33910,0.00739604,0.00739604,0.00739604,0.00739604,1.39755e-09
11,1011,350,34400,0.00739604,0.00739604,0.00739604,0.00739604,1.18636e-09
11,1011,355,34890,0.00739604,0.00739604,0.00739604,0.00739604,1.10072e-09
11,1011,360,35380,0.00739604,0.00739604,0.00739604,0.00739604,1.25371e-09
11,1011,365,35870,0.00739604,0.00739604,0.00739604,0.00739604,1.15321e-09
11,1011,370,36360,0.00739604,0.00739604,0.00739604,0.00739604,1.09062e-09
11,1011,375,36850,0.00739604,0.00739604,0.00739604,0.00739604,1.17582e-09
11,1011,380,37340,0.00739604,0.00739604,0.00739604,0.00739604,1.31454e-09
11,1011,385,37830,0.00739604,0.00739604,0.00739604,0.00739604,1.20655e-09
11,1011,390,38320,0.00739604,0.00739604,0.00739604,0.00739604,1.10571e-09
11,1011,395,38810,0.00739604,0.00739604,0.00739604,0.00739604,1.30705e-09
11,1011,400,39300,0.00739604,0.00739604,0.00739604,0.00739604,1.25848e-09
11,1011,405,39790,0.00739604,0.00739604,0.00739604,0.00739604,1.24565e-09
11,1011,410,40280,0.00739604,0.00739604,0.00739604,0.00739604,1.23307e-09
11,1011,415,40770,0.00739604,0.00739604,0.00739604,0.00739604,1.13156e-09
11,1011,420,41260,0.00739604,0.00739604,0.00739604,0.00739604,1.29811e-09
11,1011,425,41750,0.00739604,0.00739604,0.00739604,0.00739604,1.40533e-09
11,1011,430,42240,0.00739604,0.00739604,0.00739604,0.00739604,1.36382e-09
11,1011,435,42730,0.00739604,0.00739604,0.00739604,0.00739604,1.31897e-09
11,1011,440,43220,0.00739604,0.00739604,0.00739604,0.00739604,1.29534e-09
11,1011,445,43710,0.00739604,0.00739604,0.00739604,0.00739604,1.24967e-09
11,1011,450,44200,0.00739604,0.00739604,0.00739604,0.00739604,1.25381e-09
11,1011,455,44690,0.00739604,0.00739604,0.00739604,0.00739604,1.20108e-09
11,1011,460,45180,0.00739604,0.00739604,0.00739604,0.00739604,1.37103e-09
11,1011,465,45670,0.00739604,0.00739604,0.00739604,0.00739604,1.31817e-09
11,1011,470,46160,0.00739604,0.00739604,0.00739604,0.00739604,1.30752e-09
11,1011,475,46650,0.00739604,0.00739604,0.00739604,0.00739604,1.3033e-09
11,1011,480,47140,0.00739604,0.00739604,0.00739604,0.00739604,1.27438e-09
11,1011,485,47630,0.00739604,0.00739604,0.00739604,0.00739604,1.18891e-09
11,1011,490,48120,0.00739604,0.00739604,0.00739604,0.00739604,1.34487e-09
11,1011,495,48610,0.00739604,0.00739604,0.00739604,0.00739604,1.28537e-09
11,1011,500,49100,0.00739604,0.00739604,0.00739604,0.00739604,1.27441e-09
11,1011,505,49590,0.00739604,0.00739604,0.00739604,0.00739604,1.18792e-09
11,1011,510,50000,0.00739604,0.00739604,0.00739604,0.00739604,1.23703e-09
12,1012,0,100,156.439,156.439,301.49,293.989,0.01
12,1012,5,590,13.7115,13.7115,71.9266,66.8269,0.00921348
12,1012,10,1080,3.68036,3.68036,13.462,12.4771,0.0076601
12,1012,15,1570,2.05785,2.05785,4.28849,4.03881,0.00673489
12,1012,20,2060,1.04237,1.04237,1.44123,1.34769,0.00393626
12,1012,25,2550,0.959975,0.959975,1.11369,1.08752,0.00308314
12,1012,30,3040,0.873952,0.873952,1.0615,1.05219,0.00232409
12,1012,35,3530,0.77993,0.77993,1.04295,1.04363,0.00216014
12,1012,40,4020,0.77993,0.77993,1.02208,1.02142,0.00158316
12,1012,45,4510,0.615406,0.615406,1.0114,1.01755,0.00157124
12,1012,50,5000,0.493924,0.493924,1.00332,1.01708,0.00111324
12,1012,55,5490,0.41579,0.41579,1.0098,1.02171,0.00121468
12,1012,60,5980,0.41579,0.41579,1.00418,1.0148,0.000890074
12,1012,65,6470,0.238489,0.238489,1.00003,1.01748,0.000617647
12,1012,70,6960,0.219004,0.219004,1.01758,1.0175,0.00043116
12,1012,75,7450,0.177419,0.177419,0.876616,0.891655,0.000340012
12,1012,80,7940,0.10801,0.10801,0.772503,0.621953,0.000267088
12,1012,85,8430,0.052978,0.052978,0.191522,0.179289,0.000264858
12,1012,90,8920,0.0367975,0.0367975,0.1184,0.105715,0.000196342
12,1012,95,9410,0.0220509,0.0220509,0.0624385,0.0590003,0.000129587
12,1012,100,9900,0.0203568,0.0203568,0.0384493,0.0348329,0.000108339
12,1012,105,10390,0.0191205,0.0191205,0.0336679,0.0300966,9.22474e-05
12,1012,110,10880,0.018396,0.018396,0.0290106,0.0263213,8.09368e-05
12,1012,115,11370,0.0183051,0.0183051,0.0245071,0.0233639,5.32315e-05
12,1012,120,11860,0.0175479,0.0175479,0.0201506,0.01944,3.47204e-05
12,1012,125,12350,0.0173238,0.0173238,0.0182342,0.018059,1.80049e-05
12,1012,130,12840,0.0172822,0.0172822,0.0174776,0.0174286,8.85431e-06
12,1012,135,13330,0.0172595,0.0172595,0.0173636,0.0173439,6.90442e-06
12,1012,140,13820,0.0172514,0.0172514,0.0172968,0.0172799,4.09975e-06
12,1012,145,14310,0.0172439,0.0172439,0.0172641,0.0172605,2.88326e-06
12,1012,150,14800,0.0172424,0.0172424,0.0172564,0.0172515,2.60516e-06
12,1012,155,15290,0.0172416,0.0172416,0.0172464,0.0172455,1.53722e-06
12,1012,160,15780,0.0172413,0.0172413,0.0172427,0.0172425,7.02607e-07
12,1012,165,16270,0.0172411,0.0172411,0.0172417,0.0172415,4.90371e-07
12,1012,170,16760,0.017241,0.017241,0.0172412,0.0172412,2.32359e-07
12,1012,175,17250,0.017241,0.017241,0.0172411,0.0172411,1.36095e-07
12,1012,180,17740,0.017241,0.017241,0.017241,0.017241,6.41863e-08
12,1012,185,18230,0.017241,0.017241,0.017241,0.017241,3.11096e-08
12,1012,190,18720,0.017241,0.017241,0.017241,0.017241,2.82215e-08
12,1012,195,19210,0.017241,0.017241,0.017241,0.017241,1.51145e-08
12,1012,200,19700,0.017241,0.017241,0.017241,0.017241,8.56033e-09
12,1012,205,20190,0.017241,0.017241,0.017241,0.017241,5.70693e-09
12,1012,210,20680,0.017241,0.017241,0.017241,0.017241,4.07042e-09
12,1012,215,21170,0.017241,0.017241,0.017241,0.017241,2.0031e-09
12,1012,220,21660,0.017241,0.017241,0.017241,0.017241,1.6995e-09
12,1012,225,22150,0.017241,0.017241,0.017241,0.017241,1.36468e-09
12,1012,230,22640,0.017241,0.017241,0.017241,0.017241,1.06145e-09
12,1012,235,23130,0.017241,0.017241,0.017241,0.017241,1.35455e-09
12,1012,240,23620,0.017241,0.017241,0.017241,0.017241,1.33729e-09
12,1012,245,24110,0.017241,0.017241,0.017241,0.017241,1.19077e-09
12,1012,250,24600,0.017241,0.017241,0.017241,0.017241,1.24803e-09
12,1012,255,25090,0.017241,0.017241,0.017241,0.017241,1.2547e-09
12,1012,260,25580,0.017241,0.017241,0.017241,0.017241,1.37817e-09
12,1012,265,26070,0.017241,0.017241,0.017241,0.017241,1.36944e-09
12,1012,270,26560,0.017241,0.017241,0.017241,0.017241,1.18808e-09
12,1012,275,27050,0.017241,0.017241,0.017241,0.017241,1.14065e-09
12,1012,280,27540,0.017241,0.017241,0.017241,0.017241,1.37276e-09
12,1012,285,28030,0.017241,0.017241,0.017241,0.017241,1.25686e-09
12,1012,290,28520,0.017241,0.017241,0.017241,0.017241,1.14257e-09
12,1012,295,29010,0.017241,0.017241,0.017241,0.017241,1.08036e-09
12,1012,300,29500,0.017241,0.017241,0.017241,0.017241,1.18522e-09
12,1012,305,29990,0.017241,0.017241,0.017241,0.017241,1.24266e-09
12,1012,310,30480,0.017241,0.017241,0.017241,0.017241,1.24449e-09
12,1012,315,30970,0.017241,0.017241,0.017241,0.017241,1.3477e-09
12,1012,320,31460,0.017241,0.017241,0.017241,0.017241,1.36042e-09
12,1012,325,31950,0.017241,0.017241,0.017241,0.017241,1.1905e-09
12,1012,330,32440,0.017241,0.017241,0.017241,0.017241,1.06637e-09
12,1012,335,32930,0.017241,0.017241,0.017241,0.017241,1.31197e-09
12,1012,340,33420,0.017241,0.017241,0.017241,0.017241,1.26718e-09
12,1012,345,33910,0.017241,0.017241,0.017241,0.017241,1.33053e-09
12,1012,350,34400,0.017241,0.017241,0.017241,0.017241,1.24529e-09
12,1012,355,34890,0.017241,0.017241,0.017241,0.017241,1.33034e-09
12,1012,360,35380,0.017241,0.017241,0.017241,0.017241,1.14401e-09
12,1012,365,35870,0.017241,0.017241,0.017241,0.017241,1.10393e-09
12,1012,370,36360,0.017241,0.017241,0.017241,0.017241,1.11062e-09
12,1012,375,36850,0.017241,0.017241,0.017241,0.017241,1.14939e-09
12,1012,380,37340,0.017241,0.017241,0.017241,0.017241,1.23897e-09
12,1012,385,37830,0.017241,0.017241,0.017241,0.017241,1.15553e-09
12,1012,390,38320,0.017241,0.017241,0.017241,0.017241,1.08809e-09
12,1012,395,38810,0.017241,0.017241,0.017241,0.017241,1.19723e-09
12,1012,400,39300,0.017241,0.017241,0.017241,0.017241,1.21373e-09
12,1012,405,39790,0.017241,0.017241,0.017241,0.017241,1.10524e-09
12,1012,410,40280,0.017241,0.017241,0.017241,0.017241,1.18757e-09
12,1012,415,40770,0.017241,0.017241,0.017241,0.017241,1.06628e-09
12,1012,420,41260,0.017241,0.017241,0.017241,0.017241,1.08706e-09
12,1012,425,41750,0.017241,0.017241,0.017241,0.017241,1.34265e-09
12,1012,430,42240,0.017241,0.017241,0.017241,0.017241,1.07979e-09
12,1012,435,42730,0.017241,0.017241,0.017241,0.017241,1.19485e-09
12,1012,440,43220,0.017241,0.017241,0.017241,0.017241,1.20944e-09
12,1012,445,43710,0.017241,0.017241,0.017241,0.017241,1.16843e-09
12,1012,450,44200,0.017241,0.017241,0.017241,0.017241,1.161e-09
12,1012,455,44690,0.017241,0.017241,0.017241,0.017241,1.31793e-09
12,1012,460,45180,0.017241,0.017241,0.017241,0.017241,1.22815e-09
12,1012,465,45670,0.017241,0.017241,0.017241,0.017241,1.20488e-09
12,1012,470,46160,0.017241,0.017241,0.017241,0.017241,1.1023e-09
12,1012,475,46650,0.017241,0.017241,0.017241,0.017241,1.10292e-09
12,1012,480,47140,0.017241,0.017241,0.017241,0.017241,1.306e-09
12,1012,485,47630,0.017241,0.017241,0.017241,0.017241,1.22065e-09
12,1012,490,48120,0.017241,0.017241,0.017241,0.017241,1.06767e-09
12,1012,495,48610,0.017241,0.017241,0.017241,0.017241,1.23101e-09
12,1012,500,49100,0.017241,0.017241,0.017241,0.017241,1.39762e-09
12,1012,505,49590,0.017241,0.017241,0.017241,0.017241,1.26048e-09
12,1012,510,50000,0.017241,0.017241,0.017241,0.017241,1.35054e-09
13,1013,0,100,134.402,134.402,306.098,308.206,0.01
13,1013,5,590,20.7875,20.7875,83.0426,73.2124,0.00800868
13,1013,10,1080,2.27792,2.27792,13.2949,12.4317,0.00886395
13,1013,15,1570,1.24582,1.24582,2.35559,2.20625,0.00647335
13,1013,20,2060,1.07465,1.07465,1.30397,1.27865,0.00501125
13,1013,25,2550,1.01638,1.01638,1.11712,1.10666,0.00421588
13,1013,30,3040,0.938753,0.938753,1.05527,1.05155,0.00264045
13,1013,35,3530,0.938753,0.938753,1.04781,1.03356,0.0020584
13,1013,40,4020,0.831604,0.831604,1.04279,1.04149,0.00205986
13,1013,45,4510,0.462385,0.462385,1.02968,1.03198,0.00168938
13,1013,50,5000,0.462385,0.462385,1.02338,1.02723,0.00115386
13,1013,55,5490,0.462385,0.462385,1.00713,1.02316,0.0010102
13,1013,60,5980,0.243552,0.243552,0.965438,1.01501,0.000771624
13,1013,65,6470,0.161627,0.161627,0.692114,0.665964,0.000576145
13,1013,70,6960,0.0883671,0.0883671,0.399786,0.353541,0.000448913
13,1013,75,7450,0.0746744,0.0746744,0.181964,0.169914,0.000226965
13,1013,80,7940,0.0500411,0.0500411,0.10379,0.0912795,0.000144234
13,1013,85,8430,0.0374225,0.0374225,0.0612055,0.0550603,8.39121e-05
13,1013,90,8920,0.0336714,0.0336714,0.0419989,0.0405643,5.23897e-05
13,1013,95,9410,0.0327282,0.0327282,0.0364662,0.0358135,3.60957e-05
13,1013,100,9900,0.0324635,0.0324635,0.0336682,0.0333534,2.04729e-05
13,1013,105,10390,0.0320868,0.0320868,0.0324542,0.0323971,1.17735e-05
13,1013,110,10880,0.0320344,0.0320344,0.0322603,0.0321974,9.93231e-06
13,1013,115,11370,0.032017,0.032017,0.0320875,0.032069,5.37615e-06
13,1013,120,11860,0.0320117,0.0320117,0.0320422,0.0320382,4.1373e-06
13,1013,125,12350,0.0320082,0.0320082,0.032019,0.032017,2.26378e-06
13,1013,130,12840,0.032007,0.032007,0.0320108,0.0320098,1.21127e-06
13,1013,135,13330,0.0320065,0.0320065,0.0320084,0.0320081,9.10594e-07
13,1013,140,13820,0.0320062,0.0320062,0.0320069,0.0320067,4.73188e-07
13,1013,145,14310,0.0320061,0.0320061,0.0320064,0.0320064,3.67729e-07
13,1013,150,14800,0.0320061,0.0320061,0.0320062,0.0320062,2.3821e-07
13,1013,155,15290,0.0320061,0.0320061,0.0320061,0.0320061,1.46735e-07
13,1013,160,15780,0.0320061,0.0320061,0.0320061,0.0320061,1.04179e-07
13,1013,165,16270,0.0320061,0.0320061,0.0320061,0.0320061,7.35961e-08
13,1013,170,16760,0.0320061,0.0320061,0.0320061,0.0320061,5.26379e-08
13,1013,175,17250,0.0320061,0.0320061,0.0320061,0.0320061,3.17342e-08
13,1013,180,17740,0.0320061,0.0320061,0.0320061,0.0320061,2.36182e-08
13,1013,185,18230,0.0320061,0.0320061,0.0320061,0.0320061,1.95503e-08
13,1013,190,18720,0.0320061,0.0320061,0.0320061,0.0320061,1.40934e-08
13,1013,195,19210,0.0320061,0.0320061,0.0320061,0.0320061,8.79887e-09
13,1013,200,19700,0.0320061,0.0320061,0.0320061,0.0320061,5.0891e-09
13,1013,205,20190,0.0320061,0.0320061,0.0320061,0.0320061,3.15455e-09
13,1013,210,20680,0.0320061,0.0320061,0.0320061,0.0320061,1.82858e-09
13,1013,215,21170,0.0320061,0.0320061,0.0320061,0.0320061,1.29497e-09
13,1013,220,21660,0.0320061,0.0320061,0.0320061,0.0320061,1.4437e-09
13,1013,225,22150,0.0320061,0.0320061,0.0320061,0.0320061,1.1424e-09
13,1013,230,22640,0.0320061,0.0320061,0.0320061,0.0320061,1.31675e-09
13,1013,235,23130,0.0320061,0.0320061,0.0320061,0.0320061,1.1932e-09
13,1013,240,23620,0.0320061,0.0320061,0.0320061,0.0320061,1.19284e-09
13,1013,245,24110,0.0320061,0.0320061,0.0320061,0.0320061,1.26746e-09
13,1013,250,24600,0.0320061,0.0320061,0.0320061,0.0320061,1.23196e-09
13,1013,255,25090,0.0320061,0.0320061,0.0320061,0.0320061,1.10181e-09
13,1013,260,25580,0.0320061,0.0320061,0.0320061,0.0320061,1.25292e-09
13,1013,265,26070,0.0320061,0.0320061,0.0320061,0.0320061,1.3763e-09
13,1013,270,26560,0.0320061,0.0320061,0.0320061,0.0320061,1.16925e-09
13,1013,275,27050,0.0320061,0.0320061,0.0320061,0.0320061,1.1982e-09
13,1013,280,27540,0.0320061,0.0320061,0.0320061,0.0320061,1.2727e-09
13,1013,285,28030,0.0320061,0.0320061,0.0320061,0.0320061,1.19848e-09
13,1013,290,28520,0.0320061,0.0320061,0.0320061,0.0320061,1.29042e-09
13,1013,295,29010,0.0320061,0.0320061,0.0320061,0.0320061,1.2561e-09
13,1013,300,29500,0.0320061,0.0320061,0.0320061,0.0320061,1.31756e-09
13,1013,305,29990,0.0320061,0.0320061,0.0320061,0.0320061,1.44471e-09
13,1013,310,30480,0.0320061,0.0320061,0.0320061,0.0320061,1.20951e-09
13,1013,315,30970,0.0320061,0.0320061,0.0320061,0.0320061,1.22215e-09
13,1013,320,31460,0.0320061,0.0320061,0.0320061,0.0320061,1.19548e-09
13,1013,325,31950,0.0320061,0.0320061,0.0320061,0.0320061,1.16745e-09
13,1013,330,32440,0.0320061,0.0320061,0.0320061,0.0320061,1.19295e-09
13,1013,335,32930,0.0320061,0.0320061,0.0320061,0.0320061,1.18726e-09
13,1013,340,33420,0.0320061,0.0320061,0.0320061,0.0320061,1.1107e-09
13,1013,345,33910,0.0320061,0.0320061,0.0320061,0.0320061,1.21304e-09
13,1013,350,34400,0.0320061,0.0320061,0.0320061,0.0320061,1.29106e-09
13,1013,355,34890,0.0320061,0.0320061,0.0320061,0.0320061,1.42837e-09
13,1013,360,35380,0.0320061,0.0320061,0.0320061,0.0320061,1.21801e-09
13,1013,365,35870,0.0320061,0.0320061,0.0320061,0.0320061,1.30199e-09
13,1013,370,36360,0.0320061,0.0320061,0.0320061,0.0320061,1.31174e-09
13,1013,375,36850,0.0320061,0.0320061,0.0320061,0.0320061,1.30853e-09
13,1013,380,37340,0.0320061,0.0320061,0.0320061,0.0320061,1.25638e-09
13,1013,385,37830,0.0320061,0.0320061,0.0320061,0.0320061,1.28612e-09
13,1013,390,38320,0.0320061,0.0320061,0.0320061,0.0320061,1.31837e-09
13,1013,395,38810,0.0320061,0.0320061,0.0320061,0.0320061,1.15236e-09
13,1013,400,39300,0.0320061,0.0320061,0.0320061,0.0320061,1.18923e-09
13,1013,405,39790,0.0320061,0.0320061,0.0320061,0.0320061,1.26312e-09
13,1013,410,40280,0.0320061,0.0320061,0.0320061,0.0320061,1.14684e-09
13,1013,415,40770,0.0320061,0.0320061,0.0320061,0.0320061,1.17459e-09
13,1013,420,41260,0.0320061,0.0320061,0.0320061,0.0320061,1.2526e-09
13,1013,425,41750,0.0320061,0.0320061,0.0320061,0.0320061,1.27705e-09
13,1013,430,42240,0.0320061,0.0320061,0.0320061,0.0320061,1.34415e-09
13,1013,435,42730,0.0320061,0.0320061,0.0320061,0.0320061,1.26596e-09
13,1013,440,43220,0.0320061,0.0320061,0.0320061,0.0320061,1.34522e-09
13,1013,445,43710,0.0320061,0.0320061,0.0320061,0.0320061,1.17583e-09
13,1013,450,44200,0.0320061,0.0320061,0.0320061,0.0320061,1.26765e-09
13,1013,455,44690,0.0320061,0.0320061,0.0320061,0.0320061,1.16642e-09
13,1013,460,45180,0.0320061,0.0320061,0.0320061,0.0320061,1.21888e-09
13,1013,465,45670,0.0320061,0.0320061,0.0320061,0.0320061,1.34749e-09
13,1013,470,46160,0.0320061,0.0320061,0.0320061,0.0320061,1.3248e-09
13,1013,475,46650,0.0320061,0.0320061,0.0320061,0.0320061,1.27669e-09
13,1013,480,47140,0.0320061,0.0320061,0.0320061,0.0320061,1.08547e-09
13,1013,485,47630,0.0320061,0.0320061,0.0320061,0.0320061,1.18128e-09
13,1013,490,48120,0.0320061,0.0320061,0.0320061,0.0320061,1.10957e-09
13,1013,495,48610,0.0320061,0.0320061,0.0320061,0.0320061,1.22794e-09
13,1013,500,49100,0.0320061,0.0320061,0.0320061,0.0320061,1.25208e-09
13,1013,505,49590,0.0320061,0.0320061,0.0320061,0.0320061,1.2293e-09
13,1013,510,50000,0.0320061,0.0320061,0.0320061,0.0320061,1.18632e-09
14,1014,0,100,73.2356,73.2356,295.156,295.8,0.01
14,1014,5,590,14.919,14.919,66.8076,61.3311,0.010558
14,1014,10,1080,3.76101,3.76101,12.8383,12.8645,0.0103756
14,1014,15,1570,1.40403,1.40403,2.8882,2.71795,0.00810641
14,1014,20,2060,1.14753,1.14753,1.43267,1.38192,0.00594519
14,1014,25,2550,0.784491,0.784491,1.16299,1.13624,0.00408303
14,1014,30,3040,0.784491,0.784491,1.07357,1.07068,0.00279831
14,1014,35,3530,0.760383,0.760383,1.05201,1.04669,0.00197689
14,1014,40,4020,0.522116,0.522116,1.01699,1.0252,0.00163475
14,1014,45,4510,0.49451,0.49451,1.00769,1.0219,0.00136982
14,1014,50,5000,0.232386,0.232386,1.01472,1.02534,0.000919293
14,1014,55,5490,0.232386,0.232386,0.879726,0.91651,0.000646741
14,1014,60,5980,0.161724,0.161724,0.499319,0.454526,0.000482928
14,1014,65,6470,0.0777795,0.0777795,0.34279,0.317923,0.000357608
14,1014,70,6960,0.0323207,0.0323207,0.140038,0.117323,0.000229706
14,1014,75,7450,0.0182248,0.0182248,0.0657318,0.0543284,0.000162071
14,1014,80,7940,0.014924,0.014924,0.0370312,0.0327892,9.9425e-05
14,1014,85,8430,0.0113499,0.0113499,0.0223363,0.0197552,6.78019e-05
14,1014,90,8920,0.0106522,0.0106522,0.0161233,0.0146136,5.39697e-05
14,1014,95,9410,0.0102858,0.0102858,0.013188,0.0122626,2.93477e-05
14,1014,100,9900,0.0100272,0.0100272,0.0106065,0.0104932,1.70261e-05
14,1014,105,10390,0.00992552,0.00992552,0.0102361,0.0101691,1.12992e-05
14,1014,110,10880,0.00988073,0.00988073,0.0101038,0.0100245,1.07292e-05
14,1014,115,11370,0.00986596,0.00986596,0.00996856,0.0099444,6.33354e-06
14,1014,120,11860,0.00986317,0.00986317,0.00989759,0.00988609,3.27631e-06
14,1014,125,12350,0.00986029,0.00986029,0.00987335,0.00987028,2.67384e-06
14,1014,130,12840,0.00985805,0.00985805,0.00986409,0.00986211,1.59223e-06
14,1014,135,13330,0.00985772,0.00985772,0.00986046,0.00985974,1.0037e-06
14,1014,140,13820,0.00985742,0.00985742,0.00985846,0.00985819,6.01114e-07
14,1014,145,14310,0.00985735,0.00985735,0.00985786,0.00985776,4.84501e-07
14,1014,150,14800,0.00985732,0.00985732,0.00985751,0.00985747,2.49779e-07
14,1014,155,15290,0.0098573,0.0098573,0.00985737,0.00985735,2.27786e-07
14,1014,160,15780,0.00985729,0.00985729,0.00985737,0.00985735,1.95081e-07
14,1014,165,16270,0.00985729,0.00985729,0.00985733,0.00985731,1.20788e-07
14,1014,170,16760,0.00985729,0.00985729,0.0098573,0.0098573,6.63881e-08
14,1014,175,17250,0.00985729,0.00985729,0.00985729,0.00985729,4.9998e-08
14,1014,180,17740,0.00985729,0.00985729,0.00985729,0.00985729,2.49242e-08
14,1014,185,18230,0.00985728,0.00985728,0.00985729,0.00985729,1.43497e-08
14,1014,190,18720,0.00985728,0.00985728,0.00985729,0.00985728,1.2095e-08
14,1014,195,19210,0.00985728,0.00985728,0.00985728,0.00985728,5.78081e-09
14,1014,200,19700,0.00985728,0.00985728,0.00985728,0.00985728,3.59718e-09
14,1014,205,20190,0.00985728,0.00985728,0.00985728,0.00985728,2.00432e-09
14,1014,210,20680,0.00985728,0.00985728,0.00985728,0.00985728,1.47638e-09
14,1014,215,21170,0.00985728,0.00985728,0.00985728,0.00985728,1.36313e-09
14,1014,220,21660,0.00985728,0.00985728,0.00985728,0.00985728,1.25315e-09
14,1014,225,22150,0.00985728,0.00985728,0.00985728,0.00985728,1.25029e-09
14,1014,230,22640,0.00985728,0.00985728,0.00985728,0.00985728,1.21088e-09
14,1014,235,23130,0.00985728,0.00985728,0.00985728,0.00985728,1.25781e-09
14,1014,240,23620,0.00985728,0.00985728,0.00985728,0.00985728,1.24257e-09
14,1014,245,24110,0.00985728,0.00985728,0.00985728,0.00985728,1.26029e-09
14,1014,250,24600,0.00985728,0.00985728,0.00985728,0.00985728,1.27792e-09
14,1014,255,25090,0.00985728,0.00985728,0.00985728,0.00985728,1.24836e-09
14,1014,260,25580,0.00985728,0.00985728,0.00985728,0.00985728,1.1996e-09
14,1014,265,26070,0.00985728,0.00985728,0.00985728,0.00985728,1.2652e-09
14,1014,270,26560,0.00985728,0.00985728,0.00985728,0.00985728,1.38181e-09
14,1014,275,27050,0.00985728,0.00985728,0.00985728,0.00985728,1.31792e-09
14,1014,280,27540,0.00985728,0.00985728,0.00985728,0.00985728,1.23327e-09
14,1014,285,28030,0.00985728,0.00985728,0.00985728,0.00985728,1.17321e-09
14,1014,290,28520,0.00985728,0.00985728,0.00985728,0.00985728,1.13562e-09
14,1014,295,29010,0.00985728,0.00985728,0.00985728,0.00985728,1.24777e-09
14,1014,300,29500,0.00985728,0.00985728,0.00985728,0.00985728,1.31023e-09
14,1014,305,29990,0.00985728,0.00985728,0.00985728,0.00985728,1.08222e-09
14,1014,310,30480,0.00985728,0.00985728,0.00985728,0.00985728,1.17363e-09
14,1014,315,30970,0.00985728,0.00985728,0.00985728,0.00985728,1.33006e-09
14,1014,320,31460,0.00985728,0.00985728,0.00985728,0.00985728,1.22161e-09
14,1014,325,31950,0.00985728,0.00985728,0.00985728,0.00985728,1.11276e-09
14,1014,330,32440,0.00985728,0.00985728,0.00985728,0.00985728,1.25801e-09
14,1014,335,32930,0.00985728,0.00985728,0.00985728,0.00985728,1.27482e-09
14,1014,340,33420,0.00985728,0.00985728,0.00985728,0.00985728,1.08826e-09
14,1014,345,33910,0.00985728,0.00985728,0.00985728,0.00985728,1.24204e-09
14,1014,350,34400,0.00985728,0.00985728,0.00985728,0.00985728,1.19681e-09
14,1014,355,34890,0.00985728,0.00985728,0.00985728,0.00985728,1.15182e-09
14,1014,360,35380,0.00985728,0.00985728,0.00985728,0.00985728,1.18517e-09
14,1014,365,35870,0.00985728,0.00985728,0.00985728,0.00985728,1.28061e-09
14,1014,370,36360,0.00985728,0.00985728,0.00985728,0.00985728,1.09867e-09
14,1014,375,36850,0.00985728,0.00985728,0.00985728,0.00985728,1.22709e-09
14,1014,380,37340,0.00985728,0.00985728,0.00985728,0.00985728,1.21481e-09
14,1014,385,37830,0.00985728,0.00985728,0.00985728,0.00985728,1.2761e-09
14,1014,390,38320,0.00985728,0.00985728,0.00985728,0.00985728,1.26754e-09
14,1014,395,38810,0.00985728,0.00985728,0.00985728,0.00985728,1.21155e-09
14,1014,400,39300,0.00985728,0.00985728,0.00985728,0.00985728,1.31434e-09
14,1014,405,39790,0.00985728,0.00985728,0.00985728,0.00985728,1.20185e-09
14,1014,410,40280,0.00985728,0.00985728,0.00985728,0.00985728,1.11148e-09
14,1014,415,40770,0.00985728,0.00985728,0.00985728,0.00985728,1.21081e-09
14,1014,420,41260,0.00985728,0.00985728,0.00985728,0.00985728,1.20508e-09
14,1014,425,41750,0.00985728,0.00985728,0.00985728,0.00985728,1.31695e-09
14,1014,430,42240,0.00985728,0.00985728,0.00985728,0.00985728,1.55194e-09
14,1014,435,42730,0.00985728,0.00985728,0.00985728,0.00985728,1.20131e-09
14,1014,440,43220,0.00985728,0.00985728,0.00985728,0.00985728,1.16182e-09
14,1014,445,43710,0.00985728,0.00985728,0.00985728,0.00985728,1.2204e-09
14,1014,450,44200,0.00985728,0.00985728,0.00985728,0.00985728,1.26491e-09
14,1014,455,44690,0.00985728,0.00985728,0.00985728,0.00985728,1.28639e-09
14,1014,460,45180,0.00985728,0.00985728,0.00985728,0.00985728,1.37026e-09
14,1014,465,45670,0.00985728,0.00985728,0.00985728,0.00985728,1.25542e-09
14,1014,470,46160,0.00985728,0.00985728,0.00985728,0.00985728,1.20345e-09
14,1014,475,46650,0.00985728,0.00985728,0.00985728,0.00985728,1.21628e-09
14,1014,480,47140,0.00985728,0.00985728,0.00985728,0.00985728,1.23298e-09
14,1014,485,47630,0.00985728,0.00985728,0.00985728,0.00985728,1.16135e-09
14,1014,490,48120,0.00985728,0.00985728,0.00985728,0.00985728,1.29241e-09
14,1014,495,48610,0.00985728,0.00985728,0.00985728,0.00985728,1.18739e-09
14,1014,500,49100,0.00985728,0.00985728,0.00985728,0.00985728,1.35709e-09
14,1014,505,49590,0.00985728,0.00985728,0.00985728,0.00985728,1.15447e-09
14,1014,510,50000,0.00985728,0.00985728,0.00985728,0.00985728,1.23455e-09
15,1015,0,100,78.6302,78.6302,293.593,285.354,0.01
15,1015,5,590,19.6058,19.6058,69.8396,66.1791,0.00894811
15,1015,10,1080,4.17208,4.17208,13.1718,11.6156,0.00669365
15,1015,15,1570,1.44758,1.44758,3.42339,3.02157,0.00792472
15,1015,20,2060,1.11481,1.11481,1.41539,1.37973,0.00544062
15,1015,25,2550,0.883216,0.883216,1.1335,1.12153,0.00391471
15,1015,30,3040,0.608315,0.608315,1.07322,1.07785,0.0027664
15,1015,35,3530,0.608315,0.608315,1.03861,1.03454,0.0021895
15,1015,40,4020,0.608315,0.608315,1.03165,1.03218,0.00171769
15,1015,45,4510,0.44287,0.44287,1.02098,1.02824,0.00147302
15,1015,50,5000,0.44287,0.44287,0.998518,1.02493,0.00148311
15,1015,55,5490,0.375057,0.375057,0.926999,0.990653,0.000983774
15,1015,60,5980,0.153723,0.153723,0.51565,0.493264,0.00048023
15,1015,65,6470,0.0478196,0.0478196,0.282931,0.260658,0.00027265
15,1015,70,6960,0.0303995,0.0303995,0.102977,0.086175,0.000162902
15,1015,75,7450,0.00927271,0.00927271,0.0528551,0.04441,0.000116407
15,1015,80,7940,0.00360286,0.00360286,0.0201752,0.0175546,8.47323e-05
15,1015,85,8430,0.00185813,0.00185813,0.0094799,0.00786448,5.14752e-05
15,1015,90,8920,0.000572172,0.000572172,0.00358199,0.00253094,2.7428e-05
15,1015,95,9410,0.000147279,0.000147279,0.00105699,0.000902958,1.84996e-05
15,1015,100,9900,4.91237e-05,4.91237e-05,0.000553511,0.000490369,1.35899e-05
15,1015,105,10390,4.91237e-05,4.91237e-05,0.000307682,0.000248225,9.66937e-06
15,1015,110,10880,2.65915e-05,2.65915e-05,0.000146398,0.0001196,7.81419e-06
15,1015,115,11370,1.27809e-05,1.27809e-05,0.000102025,8.20261e-05,5.56787e-06
15,1015,120,11860,3.38187e-06,3.38187e-06,3.48328e-05,3.07678e-05,3.29415e-06
15,1015,125,12350,2.74212e-06,2.74212e-06,1.18572e-05,9.94289e-06,2.00015e-06
15,1015,130,12840,8.6228e-07,8.6228e-07,4.03392e-06,3.6425e-06,8.95897e-07
15,1015,135,13330,1.78115e-07,1.78115e-07,1.82403e-06,1.2935e-06,5.90687e-07
15,1015,140,13820,9.04293e-08,9.04293e-08,5.08744e-07,4.18928e-07,4.1934e-07
15,1015,145,14310,3.73621e-08,3.73621e-08,2.58491e-07,2.16043e-07,3.11031e-07
15,1015,150,14800,2.02547e-08,2.02547e-08,1.07102e-07,8.72132e-08,1.68779e-07
15,1015,155,15290,2.68518e-09,2.68518e-09,3.45041e-08,2.70207e-08,8.70398e-08
15,1015,160,15780,1.4809e-09,1.4809e-09,1.3371e-08,1.14827e-08,7.91638e-08
15,1015,165,16270,7.26568e-10,7.26568e-10,5.79643e-09,4.95813e-09,4.47992e-08
15,1015,170,16760,4.49215e-10,4.49215e-10,2.65503e-09,2.37966e-09,3.00751e-08
15,1015,175,17250,8.09229e-11,8.09229e-11,1.0718e-09,8.95547e-10,1.84167e-08
15,1015,180,17740,8.09229e-11,8.09229e-11,5.85687e-10,4.23014e-10,1.45955e-08
15,1015,185,18230,2.87371e-11,2.87371e-11,2.49833e-10,1.93939e-10,1.02444e-08
15,1015,190,18720,1.65381e-11,1.65381e-11,8.86538e-11,7.38556e-11,5.62158e-09
15,1015,195,19210,8.01836e-12,8.01836e-12,5.94695e-11,4.01102e-11,4.02206e-09
15,1015,200,19700,2.58826e-12,2.58826e-12,1.9384e-11,1.50908e-11,2.55735e-09
15,1015,205,20190,9.71778e-13,9.71778e-13,8.07638e-12,6.29352e-12,1.66311e-09
15,1015,210,20680,6.27831e-13,6.27831e-13,4.52603e-12,3.98165e-12,1.44966e-09
15,1015,215,21170,6.27831e-13,6.27831e-13,4.27549e-12,3.43564e-12,1.3204e-09
15,1015,220,21660,2.34479e-13,2.34479e-13,2.44394e-12,1.97337e-12,1.14441e-09
15,1015,225,22150,2.34479e-13,2.34479e-13,3.05254e-12,2.20413e-12,1.27125e-09
15,1015,230,22640,2.34479e-13,2.34479e-13,2.2101e-12,1.79462e-12,1.21542e-09
15,1015,235,23130,1.64757e-13,1.64757e-13,2.48747e-12,1.80472e-12,1.17036e-09
15,1015,240,23620,1.64757e-13,1.64757e-13,2.18585e-12,1.597e-12,1.19012e-09
15,1015,245,24110,1.64757e-13,1.64757e-13,2.13664e-12,1.62431e-12,1.20294e-09
15,1015,250,24600,1.37224e-13,1.37224e-13,2.87932e-12,2.09727e-12,1.22605e-09
15,1015,255,25090,1.37224e-13,1.37224e-13,2.91199e-12,2.18564e-12,1.27419e-09
15,1015,260,25580,1.32117e-13,1.32117e-13,2.57071e-12,1.64924e-12,1.31944e-09
15,1015,265,26070,1.32117e-13,1.32117e-13,3.8535e-12,2.34807e-12,1.65397e-09
15,1015,270,26560,1.32117e-13,1.32117e-13,2.95517e-12,2.26641e-12,1.35751e-09
15,1015,275,27050,1.32117e-13,1.32117e-13,3.30404e-12,2.64527e-12,1.4047e-09
15,1015,280,27540,1.32117e-13,1.32117e-13,2.35644e-12,1.54826e-12,1.31456e-09
15,1015,285,28030,1.23124e-13,1.23124e-13,3.80776e-12,2.56356e-12,1.54568e-09
15,1015,290,28520,1.23124e-13,1.23124e-13,2.91253e-12,2.13879e-12,1.24404e-09
15,1015,295,29010,1.23124e-13,1.23124e-13,3.42929e-12,2.29344e-12,1.34702e-09
15,1015,300,29500,1.23124e-13,1.23124e-13,3.32501e-12,2.33685e-12,1.51246e-09
15,1015,305,29990,1.23124e-13,1.23124e-13,3.52386e-12,2.35423e-12,1.50938e-09
15,1015,310,30480,1.23124e-13,1.23124e-13,3.68156e-12,2.66642e-12,1.63187e-09
15,1015,315,30970,1.23124e-13,1.23124e-13,3.11033e-12,2.46009e-12,1.54275e-09
15,1015,320,31460,1.23124e-13,1.23124e-13,4.13371e-12,2.55412e-12,1.52986e-09
15,1015,325,31950,1.16573e-13,1.16573e-13,4.0422e-12,2.95525e-12,1.53565e-09
15,1015,330,32440,1.16573e-13,1.16573e-13,3.96299e-12,2.87664e-12,1.46241e-09
15,1015,335,32930,1.16573e-13,1.16573e-13,3.62377e-12,2.77084e-12,1.34964e-09
15,1015,340,33420,1.16573e-13,1.16573e-13,3.20378e-12,2.32597e-12,1.69631e-09
15,1015,345,33910,1.00808e-13,1.00808e-13,3.82216e-12,2.42018e-12,1.60224e-09
15,1015,350,34400,8.21565e-14,8.21565e-14,2.66341e-12,2.07157e-12,1.27099e-09
15,1015,355,34890,8.21565e-14,8.21565e-14,2.42479e-12,1.9732e-12,1.20331e-09
15,1015,360,35380,8.21565e-14,8.21565e-14,2.27673e-12,1.51912e-12,1.27741e-09
15,1015,365,35870,8.21565e-14,8.21565e-14,3.12249e-12,2.53614e-12,1.40123e-09
15,1015,370,36360,8.21565e-14,8.21565e-14,3.5871e-12,2.1802e-12,1.35346e-09
15,1015,375,36850,3.06422e-14,3.06422e-14,2.61446e-12,1.74938e-12,1.38334e-09
15,1015,380,37340,3.06422e-14,3.06422e-14,4.02242e-12,2.27568e-12,1.33836e-09
15,1015,385,37830,3.06422e-14,3.06422e-14,2.73362e-12,1.94988e-12,1.4325e-09
15,1015,390,38320,3.06422e-14,3.06422e-14,3.10955e-12,2.50117e-12,1.40949e-09
15,1015,395,38810,3.06422e-14,3.06422e-14,2.30139e-12,1.45439e-12,1.18573e-09
15,1015,400,39300,3.06422e-14,3.06422e-14,3.11391e-12,2.03598e-12,1.20386e-09
15,1015,405,39790,3.06422e-14,3.06422e-14,2.51873e-12,1.92452e-12,1.21864e-09
15,1015,410,40280,3.06422e-14,3.06422e-14,2.57147e-12,1.53949e-12,1.25811e-09
15,1015,415,40770,3.06422e-14,3.06422e-14,2.2021e-12,1.72895e-12,1.21216e-09
15,1015,420,41260,3.06422e-14,3.06422e-14,2.64094e-12,1.84336e-12,1.25383e-09
15,1015,425,41750,3.06422e-14,3.06422e-14,2.1942e-12,1.75832e-12,1.21357e-09
15,1015,430,42240,3.06422e-14,3.06422e-14,2.61663e-12,1.78929e-12,1.25542e-09
15,1015,435,42730,3.06422e-14,3.06422e-14,2.25573e-12,1.74372e-12,1.18071e-09
15,1015,440,43220,3.06422e-14,3.06422e-14,2.63565e-12,2.12314e-12,1.22997e-09
15,1015,445,43710,3.06422e-14,3.06422e-14,2.51995e-12,1.92557e-12,1.28329e-09
15,1015,450,44200,3.06422e-14,3.06422e-14,2.87717e-12,2.17509e-12,1.24595e-09
15,1015,455,44690,3.06422e-14,3.06422e-14,3.0532e-12,1.93839e-12,1.25693e-09
15,1015,460,45180,3.06422e-14,3.06422e-14,3.39793e-12,2.08861e-12,1.33405e-09
15,1015,465,45670,3.06422e-14,3.06422e-14,3.11723e-12,1.89965e-12,1.2932e-09
15,1015,470,46160,3.06422e-14,3.06422e-14,2.91082e-12,2.41246e-12,1.28925e-09
15,1015,475,46650,2.72005e-14,2.72005e-14,2.96248e-12,1.79046e-12,1.37946e-09
15,1015,480,47140,2.44249e-14,2.44249e-14,2.37992e-12,1.59223e-12,1.19926e-09
15,1015,485,47630,2.44249e-14,2.44249e-14,3.3459e-12,2.47941e-12,1.36462e-09
15,1015,490,48120,2.44249e-14,2.44249e-14,3.09434e-12,2.3529e-12,1.29261e-09
15,1015,495,48610,2.44249e-14,2.44249e-14,2.73313e-12,1.99096e-12,1.36521e-09
15,1015,500,49100,2.44249e-14,2.44249e-14,2.97924e-12,2.09049e-12,1.46645e-09
15,1015,505,49590,2.44249e-14,2.44249e-14,2.59088e-12,1.88882e-12,1.52043e-09
15,1015,510,50000,2.44249e-14,2.44249e-14,2.18598e-12,1.59062e-12,1.5879e-09
16,1016,0,100,98.7541,98.7541,307.785,299.745,0.01
16,1016,5,590,21.8262,21.8262,78.3768,70.2411,0.0123446
16,1016,10,1080,3.6684,3.6684,12.0607,12.277,0.0138391
16,1016,15,1570,1.37441,1.37441,3.32156,3.071,0.0109616
16,1016,20,2060,1.0282,1.0282,1.68732,1.59782,0.0110901
16,1016,25,2550,0.741406,0.741406,1.24315,1.19017,0.0067087
16,1016,30,3040,0.741406,0.741406,1.09573,1.10147,0.00394701
16,1016,35,3530,0.741406,0.741406,1.05913,1.05528,0.00232889
16,1016,40,4020,0.741406,0.741406,1.04263,1.03577,0.00219552
16,1016,45,4510,0.638499,0.638499,1.02271,1.02651,0.00168067
16,1016,50,5000,0.638499,0.638499,1.01723,1.01797,0.00148787
16,1016,55,5490,0.489321,0.489321,1.01108,1.01684,0.00101167
16,1016,60,5980,0.489321,0.489321,1.01965,1.01455,0.00112458
16,1016,65,6470,0.436983,0.436983,1.00353,1.01813,0.00115325
16,1016,70,6960,0.379499,0.379499,0.944877,1.01102,0.000885487
16,1016,75,7450,0.0953964,0.0953964,0.560426,0.513528,0.000554874
16,1016,80,7940,0.0634504,0.0634504,0.333461,0.311957,0.00040461
16,1016,85,8430,0.0329628,0.0329628,0.148162,0.128341,0.000214172
16,1016,90,8920,0.0133528,0.0133528,0.0576055,0.0475436,0.000141083
16,1016,95,9410,0.0101819,0.0101819,0.023291,0.0188114,7.60453e-05
16,1016,100,9900,0.00837381,0.00837381,0.0152561,0.0135363,5.4716e-05
16,1016,105,10390,0.00765135,0.00765135,0.00998326,0.00955611,3.13181e-05
16,1016,110,10880,0.00749112,0.00749112,0.0083947,0.00822935,1.82767e-05
16,1016,115,11370,0.00745847,0.00745847,0.00778332,0.00766623,1.19129e-05
16,1016,120,11860,0.00742458,0.00742458,0.00753451,0.00751039,7.63185e-06
16,1016,125,12350,0.00740953,0.00740953,0.00750322,0.00747252,6.33927e-06
16,1016,130,12840,0.00740435,0.00740435,0.00744916,0.0074395,4.43581e-06
16,1016,135,13330,0.00739984,0.00739984,0.00741339,0.00741037,2.6426e-06
16,1016,140,13820,0.00739785,0.00739785,0.00740528,0.00740304,2.23202e-06
16,1016,145,14310,0.00739647,0.00739647,0.00740069,0.00739941,1.14062e-06
16,1016,150,14800,0.00739629,0.00739629,0.00739787,0.00739761,8.32689e-07
16,1016,155,15290,0.00739618,0.00739618,0.00739706,0.00739682,6.93513e-07
16,1016,160,15780,0.0073961,0.0073961,0.00739663,0.00739658,5.84347e-07
16,1016,165,16270,0.00739609,0.00739609,0.00739648,0.00739634,4.16715e-07
16,1016,170,16760,0.00739608,0.00739608,0.00739625,0.00739619,3.08758e-07
16,1016,175,17250,0.00739606,0.00739606,0.00739614,0.00739612,1.84377e-07
16,1016,180,17740,0.00739605,0.00739605,0.00739607,0.00739606,8.93529e-08
16,1016,185,18230,0.00739604,0.00739604,0.00739605,0.00739605,5.97184e-08
16,1016,190,18720,0.00739604,0.00739604,0.00739605,0.00739605,3.92113e-08
16,1016,195,19210,0.00739604,0.00739604,0.00739604,0.00739604,2.98569e-08
16,1016,200,19700,0.00739604,0.00739604,0.00739604,0.00739604,1.89491e-08
16,1016,205,20190,0.00739604,0.00739604,0.00739604,0.00739604,1.18086e-08
16,1016,210,20680,0.00739604,0.00739604,0.00739604,0.00739604,1.0139e-08
16,1016,215,21170,0.00739604,0.00739604,0.00739604,0.00739604,4.93858e-09
16,1016,220,21660,0.00739604,0.00739604,0.00739604,0.00739604,3.39968e-09
16,1016,225,22150,0.00739604,0.00739604,0.00739604,0.00739604,2.2283e-09
16,1016,230,22640,0.00739604,0.00739604,0.00739604,0.00739604,1.46848e-09
16,1016,235,23130,0.00739604,0.00739604,0.00739604,0.00739604,1.25444e-09
16,1016,240,23620,0.00739604,0.00739604,0.00739604,0.00739604,1.21075e-09
16,1016,245,24110,0.00739604,0.00739604,0.00739604,0.00739604,1.21804e-09
16,1016,250,24600,0.00739604,0.00739604,0.00739604,0.00739604,1.21098e-09
16,1016,255,25090,0.00739604,0.00739604,0.00739604,0.00739604,1.24405e-09
16,1016,260,25580,0.00739604,0.00739604,0.00739604,0.00739604,1.09916e-09
16,1016,265,26070,0.00739604,0.00739604,0.00739604,0.00739604,1.15264e-09
16,1016,270,26560,0.00739604,0.00739604,0.00739604,0.00739604,1.11381e-09
16,1016,275,27050,0.00739604,0.00739604,0.00739604,0.00739604,1.10086e-09
16,1016,280,27540,0.00739604,0.00739604,0.00739604,0.00739604,1.27606e-09
16,1016,285,28030,0.00739604,0.00739604,0.00739604,0.00739604,1.17382e-09
16,1016,290,28520,0.00739604,0.00739604,0.00739604,0.00739604,1.09706e-09
16,1016,295,29010,0.00739604,0.00739604,0.00739604,0.00739604,1.28186e-09
16,1016,300,29500,0.00739604,0.00739604,0.00739604,0.00739604,1.26819e-09
16,1016,305,29990,0.00739604,0.00739604,0.00739604,0.00739604,1.24666e-09
16,1016,310,30480,0.00739604,0.00739604,0.00739604,0.00739604,1.16755e-09
16,1016,315,30970,0.00739604,0.00739604,0.00739604,0.00739604,1.16943e-09
16,1016,320,31460,0.00739604,0.00739604,0.00739604,0.00739604,1.24601e-09
16,1016,325,31950,0.00739604,0.00739604,0.00739604,0.00739604,1.07381e-09
16,1016,330,32440,0.00739604,0.00739604,0.00739604,0.00739604,1.16952e-09
16,1016,335,32930,0.00739604,0.00739604,0.00739604,0.00739604,1.21768e-09
16,1016,340,33420,0.00739604,0.00739604,0.00739604,0.00739604,1.17172e-09
16,1016,345,33910,0.00739604,0.00739604,0.00739604,0.00739604,1.18176e-09
16,1016,350,34400,0.00739604,0.00739604,0.00739604,0.00739604,1.16125e-09
16,1016,355,34890,0.00739604,0.00739604,0.00739604,0.00739604,1.17635e-09
16,1016,360,35380,0.00739604,0.00739604,0.00739604,0.00739604,1.28054e-09
16,1016,365,35870,0.00739604,0.00739604,0.00739604,0.00739604,1.29926e-09
16,1016,370,36360,0.00739604,0.00739604,0.00739604,0.00739604,1.20048e-09
16,1016,375,36850,0.00739604,0.00739604,0.00739604,0.00739604,1.25984e-09
16,1016,380,37340,0.00739604,0.00739604,0.00739604,0.00739604,1.29573e-09
16,1016,385,37830,0.00739604,0.00739604,0.00739604,0.00739604,1.27878e-09
16,1016,390,38320,0.00739604,0.00739604,0.00739604,0.00739604,1.20694e-09
16,1016,395,38810,0.00739604,0.00739604,0.00739604,0.00739604,1.32824e-09
16,1016,400,39300,0.00739604,0.00739604,0.00739604,0.00739604,1.20105e-09
16,1016,405,39790,0.00739604,0.00739604,0.00739604,0.00739604,1.22797e-09
16,1016,410,40280,0.00739604,0.00739604,0.00739604,0.00739604,1.29098e-09
16,1016,415,40770,0.00739604,0.00739604,0.00739604,0.00739604,1.10938e-09
16,1016,420,41260,0.00739604,0.00739604,0.00739604,0.00739604,1.14337e-09
16,1016,425,41750,0.00739604,0.00739604,0.00739604,0.00739604,1.16263e-09
16,1016,430,42240,0.00739604,0.00739604,0.00739604,0.00739604,1.13136e-09
16,1016,435,42730,0.00739604,0.00739604,0.00739604,0.00739604,1.2219e-09
16,1016,440,43220,0.00739604,0.00739604,0.00739604,0.00739604,1.21421e-09
16,1016,445,43710,0.00739604,0.00739604,0.00739604,0.00739604,1.19091e-09
16,1016,450,44200,0.00739604,0.00739604,0.00739604,0.00739604,1.17349e-09
16,1016,455,44690,0.00739604,0.00739604,0.00739604,0.00739604,1.2563e-09
16,1016,460,45180,0.00739604,0.00739604,0.00739604,0.00739604,1.21153e-09
16,1016,465,45670,0.00739604,0.00739604,0.00739604,0.00739604,1.11628e-09
16,1016,470,46160,0.00739604,0.00739604,0.00739604,0.00739604,1.23304e-09
16,1016,475,46650,0.00739604,0.00739604,0.00739604,0.00739604,1.27789e-09
16,1016,480,47140,0.00739604,0.00739604,0.00739604,0.00739604,1.33349e-09
16,1016,485,47630,0.00739604,0.00739604,0.00739604,0.00739604,1.33675e-09
16,1016,490,48120,0.00739604,0.00739604,0.00739604,0.00739604,1.11454e-09
16,1016,495,48610,0.00739604,0.00739604,0.00739604,0.00739604,1.384e-09
16,1016,500,49100,0.00739604,0.00739604,0.00739604,0.00739604,1.45951e-09
16,1016,505,49590,0.00739604,0.00739604,0.00739604,0.00739604,1.26828e-09
16,1016,510,50000,0.00739604,0.00739604,0.00739604,0.00739604,1.42162e-09
17,1017,0,100,122.571,122.571,309.872,317.146,0.01
17,1017,5,590,26.84,26.84,82.5256,80.6292,0.0088829
17,1017,10,1080,4.65122,4.65122,16.9597,15.368,0.0108542
17,1017,15,1570,2.00767,2.00767,3.99353,3.65114,0.0110871
17,1017,20,2060,1.20801,1.20801,2.31725,2.21802,0.010034
17,1017,25,2550,1.05001,1.05001,1.48922,1.39384,0.00801139
17,1017,30,3040,0.803428,0.803428,1.20063,1.18497,0.0048494
17,1017,35,3530,0.785944,0.785944,1.09547,1.08656,0.00310578
17,1017,40,4020,0.656864,0.656864,1.06511,1.04666,0.0019998
17,1017,45,4510,0.656864,0.656864,1.03737,1.03599,0.00188906
17,1017,50,5000,0.656864,0.656864,1.03661,1.0347,0.00202947
17,1017,55,5490,0.656149,0.656149,1.03407,1.03089,0.00166675
17,1017,60,5980,0.553875,0.553875,1.03497,1.02726,0.00129978
17,1017,65,6470,0.553875,0.553875,1.01481,1.01922,0.00114539
17,1017,70,6960,0.553875,0.553875,1.01168,1.01989,0.00106398
17,1017,75,7450,0.352988,0.352988,0.877707,0.92231,0.000760667
17,1017,80,7940,0.134087,0.134087,0.617919,0.544151,0.000410578
17,1017,85,8430,0.0645509,0.0645509,0.310754,0.239798,0.000355752
17,1017,90,8920,0.045028,0.045028,0.148248,0.129981,0.000178304
17,1017,95,9410,0.0287541,0.0287541,0.0680103,0.0572346,0.000126022
17,1017,100,9900,0.019343,0.019343,0.0407103,0.0333029,0.000107797
17,1017,105,10390,0.0182851,0.0182851,0.0271958,0.0250893,7.34617e-05
17,1017,110,10880,0.0177207,0.0177207,0.0210613,0.0203502,4.27924e-05
17,1017,115,11370,0.0175057,0.0175057,0.0196952,0.0193296,2.67365e-05
17,1017,120,11860,0.0173662,0.0173662,0.0182979,0.0180547,1.94815e-05
17,1017,125,12350,0.0172855,0.0172855,0.0176829,0.0175862,1.47638e-05
17,1017,130,12840,0.017261,0.017261,0.0174702,0.017404,9.83574e-06
17,1017,135,13330,0.0172424,0.0172424,0.0173588,0.017334,6.99794e-06
17,1017,140,13820,0.0172348,0.0172348,0.0172726,0.0172583,3.78103e-06
17,1017,145,14310,0.0172292,0.0172292,0.017245,0.0172411,2.60963e-06
17,1017,150,14800,0.0172273,0.0172273,0.0172303,0.0172295,1.11587e-06
17,1017,155,15290,0.0172267,0.0172267,0.0172285,0.0172281,7.7462e-07
17,1017,160,15780,0.0172264,0.0172264,0.017227,0.0172269,4.44021e-07
17,1017,165,16270,0.0172263,0.0172263,0.0172266,0.0172265,3.53723e-07
17,1017,170,16760,0.0172263,0.0172263,0.0172264,0.0172264,1.99227e-07
17,1017,175,17250,0.0172263,0.0172263,0.0172263,0.0172263,1.30303e-07
17,1017,180,17740,0.0172263,0.0172263,0.0172263,0.0172263,6.68565e-08
17,1017,185,18230,0.0172263,0.0172263,0.0172263,0.0172263,3.30016e-08
17,1017,190,18720,0.0172263,0.0172263,0.0172263,0.0172263,2.5605e-08
17,1017,195,19210,0.0172263,0.0172263,0.0172263,0.0172263,1.86048e-08
17,1017,200,19700,0.0172263,0.0172263,0.0172263,0.0172263,1.42209e-08
17,1017,205,20190,0.0172263,0.0172263,0.0172263,0.0172263,9.84955e-09
17,1017,210,20680,0.0172263,0.0172263,0.0172263,0.0172263,9.46772e-09
17,1017,215,21170,0.0172263,0.0172263,0.0172263,0.0172263,7.0759e-09
17,1017,220,21660,0.0172263,0.0172263,0.0172263,0.0172263,4.72372e-09
17,1017,225,22150,0.0172263,0.0172263,0.0172263,0.0172263,3.30474e-09
17,1017,230,22640,0.0172263,0.0172263,0.0172263,0.0172263,1.69679e-09
17,1017,235,23130,0.0172263,0.0172263,0.0172263,0.0172263,1.26597e-09
17,1017,240,23620,0.0172263,0.0172263,0.0172263,0.0172263,1.23485e-09
17,1017,245,24110,0.0172263,0.0172263,0.0172263,0.0172263,1.17006e-09
17,1017,250,24600,0.0172263,0.0172263,0.0172263,0.0172263,1.19063e-09
17,1017,255,25090,0.0172263,0.0172263,0.0172263,0.0172263,1.1757e-09
17,1017,260,25580,0.0172263,0.0172263,0.0172263,0.0172263,1.1876e-09
17,1017,265,26070,0.0172263,0.0172263,0.0172263,0.0172263,1.30612e-09
17,1017,270,26560,0.0172263,0.0172263,0.0172263,0.0172263,1.4048e-09
17,1017,275,27050,0.0172263,0.0172263,0.0172263,0.0172263,1.32478e-09
17,1017,280,27540,0.0172263,0.0172263,0.0172263,0.0172263,1.20037e-09
17,1017,285,28030,0.0172263,0.0172263,0.0172263,0.0172263,1.31389e-09
17,1017,290,28520,0.0172263,0.0172263,0.0172263,0.0172263,1.20648e-09
17,1017,295,29010,0.0172263,0.0172263,0.0172263,0.0172263,1.23339e-09
17,1017,300,29500,0.0172263,0.0172263,0.0172263,0.0172263,1.17788e-09
17,1017,305,29990,0.0172263,0.0172263,0.0172263,0.0172263,1.19792e-09
17,1017,310,30480,0.0172263,0.0172263,0.0172263,0.0172263,1.25117e-09
17,1017,315,30970,0.0172263,0.0172263,0.0172263,0.0172263,1.32302e-09
17,1017,320,31460,0.0172263,0.0172263,0.0172263,0.0172263,1.38078e-09
17,1017,325,31950,0.0172263,0.0172263,0.0172263,0.0172263,1.33902e-09
17,1017,330,32440,0.0172263,0.0172263,0.0172263,0.0172263,1.10518e-09
17,1017,335,32930,0.0172263,0.0172263,0.0172263,0.0172263,1.2727e-09
17,1017,340,33420,0.0172263,0.0172263,0.0172263,0.0172263,1.21508e-09
17,1017,345,33910,0.0172263,0.0172263,0.0172263,0.0172263,1.23267e-09
17,1017,350,34400,0.0172263,0.0172263,0.0172263,0.0172263,1.15377e-09
17,1017,355,34890,0.0172263,0.0172263,0.0172263,0.0172263,1.23762e-09
17,1017,360,35380,0.0172263,0.0172263,0.0172263,0.0172263,1.0881e-09
17,1017,365,35870,0.0172263,0.0172263,0.0172263,0.0172263,1.15461e-09
17,1017,370,36360,0.0172263,0.0172263,0.0172263,0.0172263,1.24538e-09
17,1017,375,36850,0.0172263,0.0172263,0.0172263,0.0172263,1.2286e-09
17,1017,380,37340,0.0172263,0.0172263,0.0172263,0.0172263,1.16897e-09
17,1017,385,37830,0.0172263,0.0172263,0.0172263,0.0172263,1.14334e-09
17,1017,390,38320,0.0172263,0.0172263,0.0172263,0.0172263,1.03249e-09
17,1017,395,38810,0.0172263,0.0172263,0.0172263,0.0172263,1.16877e-09
17,1017,400,39300,0.0172263,0.0172263,0.0172263,0.0172263,1.1165e-09
17,1017,405,39790,0.0172263,0.0172263,0.0172263,0.0172263,1.29146e-09
17,1017,410,40280,0.0172263,0.0172263,0.0172263,0.0172263,1.14295e-09
17,1017,415,40770,0.0172263,0.0172263,0.0172263,0.0172263,1.14388e-09
17,1017,420,41260,0.0172263,0.0172263,0.0172263,0.0172263,1.13648e-09
17,1017,425,41750,0.0172263,0.0172263,0.0172263,0.0172263,1.15769e-09
17,1017,430,42240,0.0172263,0.0172263,0.0172263,0.0172263,1.05023e-09
17,1017,435,42730,0.0172263,0.0172263,0.0172263,0.0172263,1.15624e-09
17,1017,440,43220,0.0172263,0.0172263,0.0172263,0.0172263,1.13751e-09
17,1017,445,43710,0.0172263,0.0172263,0.0172263,0.0172263,1.16169e-09
17,1017,450,44200,0.0172263,0.0172263,0.0172263,0.0172263,1.19223e-09
17,1017,455,44690,0.0172263,0.0172263,0.0172263,0.0172263,1.36178e-09
17,1017,460,45180,0.0172263,0.0172263,0.0172263,0.0172263,1.21445e-09
17,1017,465,45670,0.0172263,0.0172263,0.0172263,0.0172263,1.23895e-09
17,1017,470,46160,0.0172263,0.0172263,0.0172263,0.0172263,1.2558e-09
17,1017,475,46650,0.0172263,0.0172263,0.0172263,0.0172263,1.16008e-09
17,1017,480,47140,0.0172263,0.0172263,0.0172263,0.0172263,1.1754e-09
17,1017,485,47630,0.0172263,0.0172263,0.0172263,0.0172263,1.10893e-09
17,1017,490,48120,0.0172263,0.0172263,0.0172263,0.0172263,1.36037e-09
17,1017,495,48610,0.0172263,0.0172263,0.0172263,0.0172263,1.3098e-09
17,1017,500,49100,0.0172263,0.0172263,0.0172263,0.0172263,1.50032e-09
17,1017,505,49590,0.0172263,0.0172263,0.0172263,0.0172263,1.30221e-09
17,1017,510,50000,0.0172263,0.0172263,0.0172263,0.0172263,1.48626e-09
18,1018,0,100,103.949,103.949,297.863,292.377,0.01
18,1018,5,590,13.0242,13.0242,80.7819,72.9373,0.0111318
18,1018,10,1080,4.49813,4.49813,14.5146,13.723,0.0106284
18,1018,15,1570,1.4294,1.4294,3.48453,3.20458,0.00877086
18,1018,20,2060,1.13133,1.13133,1.69313,1.61133,0.00690609
18,1018,25,2550,0.92874,0.92874,1.17953,1.1625,0.00447197
18,1018,30,3040,0.793178,0.793178,1.10497,1.09417,0.00406546
18,1018,35,3530,0.755129,0.755129,1.08137,1.06448,0.00316957
18,1018,40,4020,0.747043,0.747043,1.03709,1.03528,0.00203739
18,1018,45,4510,0.712308,0.712308,1.02136,1.03057,0.00164387
18,1018,50,5000,0.522243,0.522243,1.00853,1.02643,0.00147111
18,1018,55,5490,0.436766,0.436766,0.990592,1.01269,0.00107979
18,1018,60,5980,0.317906,0.317906,0.874573,0.921494,0.00101718
18,1018,65,6470,0.23266,0.23266,0.707949,0.734562,0.000624244
18,1018,70,6960,0.0616741,0.0616741,0.357116,0.323021,0.000409799
18,1018,75,7450,0.0150763,0.0150763,0.16432,0.141431,0.00026832
18,1018,80,7940,0.00799436,0.00799436,0.0722477,0.0657848,0.000162488
18,1018,85,8430,0.00513628,0.00513628,0.0277003,0.0216803,0.000110189
18,1018,90,8920,0.00307338,0.00307338,0.0166509,0.0146041,8.01451e-05
18,1018,95,9410,0.00114757,0.00114757,0.00746402,0.00632871,5.2668e-05
18,1018,100,9900,0.000653727,0.000653727,0.00438806,0.00336185,3.58469e-05
18,1018,105,10390,0.000203417,0.000203417,0.00103273,0.000808244,1.77539e-05
18,1018,110,10880,5.85287e-05,5.85287e-05,0.00040821,0.000321798,1.16355e-05
18,1018,115,11370,2.11323e-05,2.11323e-05,0.000155847,0.000127299,7.07836e-06
18,1018,120,11860,1.32481e-05,1.32481e-05,6.77426e-05,6.10394e-05,4.9963e-06
18,1018,125,12350,6.52089e-06,6.52089e-06,3.6223e-05,2.80118e-05,3.50967e-06
18,1018,130,12840,1.58178e-06,1.58178e-06,1.03624e-05,8.40388e-06,1.55673e-06
18,1018,135,13330,7.71481e-07,7.71481e-07,3.78164e-06,3.48176e-06,1.05261e-06
18,1018,140,13820,3.25262e-07,3.25262e-07,1.46303e-06,1.27253e-06,6.04056e-07
18,1018,145,14310,6.84861e-08,6.84861e-08,7.55957e-07,5.70147e-07,5.51933e-07
18,1018,150,14800,5.02612e-08,5.02612e-08,2.95671e-07,2.27028e-07,3.12389e-07
18,1018,155,15290,2.20585e-08,2.20585e-08,1.12565e-07,9.34885e-08,2.01471e-07
18,1018,160,15780,7.72696e-09,7.72696e-09,4.43251e-08,3.72719e-08,1.34325e-07
18,1018,165,16270,5.18751e-09,5.18751e-09,2.51617e-08,2.09037e-08,1.01325e-07
18,1018,170,16760,1.23478e-09,1.23478e-09,1.03614e-08,8.48637e-09,6.10057e-08
18,1018,175,17250,7.38675e-10,7.38675e-10,3.96001e-09,2.91866e-09,4.52717e-08
18,1018,180,17740,1.98478e-10,1.98478e-10,1.60217e-09,1.26761e-09,2.31491e-08
18,1018,185,18230,8.65467e-11,8.65467e-11,5.97906e-10,4.7551e-10,1.60544e-08
18,1018,190,18720,6.4905e-11,6.4905e-11,4.03742e-10,3.44666e-10,1.09777e-08
18,1018,195,19210,6.92457e-12,6.92457e-12,1.27026e-10,1.05631e-10,5.74803e-09
18,1018,200,19700,6.92457e-12,6.92457e-12,3.72979e-11,3.16632e-11,3.14711e-09
18,1018,205,20190,1.97109e-12,1.97109e-12,1.28974e-11,1.16034e-11,1.94463e-09
18,1018,210,20680,9.45688e-13,9.45688e-13,6.83835e-12,5.69489e-12,1.45682e-09
18,1018,215,21170,5.70988e-13,5.70988e-13,3.73625e-12,2.89097e-12,1.34884e-09
18,1018,220,21660,2.20823e-13,2.20823e-13,3.15427e-12,2.65166e-12,1.2559e-09
18,1018,225,22150,1.88627e-13,1.88627e-13,2.86451e-12,2.33519e-12,1.2494e-09
18,1018,230,22640,1.249e-13,1.249e-13,2.26008e-12,1.85374e-12,1.10311e-09
18,1018,235,23130,1.249e-13,1.249e-13,2.27592e-12,1.62964e-12,1.37815e-09
18,1018,240,23620,1.249e-13,1.249e-13,2.99099e-12,1.97836e-12,1.36694e-09
18,1018,245,24110,1.249e-13,1.249e-13,2.81166e-12,2.15539e-12,1.30551e-09
18,1018,250,24600,1.249e-13,1.249e-13,3.08421e-12,2.77722e-12,1.23909e-09
18,1018,255,25090,1.23124e-13,1.23124e-13,2.1541e-12,1.51712e-12,1.19358e-09
18,1018,260,25580,7.83817e-14,7.83817e-14,1.96432e-12,1.45006e-12,1.16294e-09
18,1018,265,26070,7.83817e-14,7.83817e-14,2.11843e-12,1.52922e-12,1.16534e-09
18,1018,270,26560,7.80487e-14,7.80487e-14,2.49869e-12,1.31772e-12,1.32004e-09
18,1018,275,27050,7.80487e-14,7.80487e-14,2.76464e-12,1.80245e-12,1.2614e-09
18,1018,280,27540,7.80487e-14,7.80487e-14,1.99325e-12,1.7123e-12,1.10166e-09
18,1018,285,28030,7.80487e-14,7.80487e-14,3.9147e-12,2.81775e-12,1.23114e-09
18,1018,290,28520,7.80487e-14,7.80487e-14,2.91856e-12,2.17842e-12,1.25022e-09
18,1018,295,29010,7.80487e-14,7.80487e-14,2.89424e-12,2.27801e-12,1.34117e-09
18,1018,300,29500,7.80487e-14,7.80487e-14,3.07386e-12,2.36322e-12,1.44354e-09
18,1018,305,29990,7.80487e-14,7.80487e-14,3.05627e-12,2.30888e-12,1.4104e-09
18,1018,310,30480,7.80487e-14,7.80487e-14,2.92788e-12,2.0961e-12,1.34935e-09
18,1018,315,30970,7.80487e-14,7.80487e-14,3.00368e-12,2.09383e-12,1.32637e-09
18,1018,320,31460,7.80487e-14,7.80487e-14,3.11293e-12,2.44732e-12,1.36364e-09
18,1018,325,31950,7.80487e-14,7.80487e-14,3.41636e-12,2.91839e-12,1.31661e-09
18,1018,330,32440,7.80487e-14,7.80487e-14,2.97636e-12,2.3444e-12,1.18279e-09
18,1018,335,32930,7.80487e-14,7.80487e-14,3.03024e-12,2.30915e-12,1.42835e-09
18,1018,340,33420,7.80487e-14,7.80487e-14,2.02083e-12,1.36863e-12,1.31895e-09
18,1018,345,33910,7.80487e-14,7.80487e-14,2.70141e-12,1.77874e-12,1.32879e-09
18,1018,350,34400,7.80487e-14,7.80487e-14,2.51295e-12,1.9359e-12,1.40315e-09
18,1018,355,34890,7.51621e-14,7.51621e-14,3.36938e-12,2.14329e-12,1.40965e-09
18,1018,360,35380,7.51621e-14,7.51621e-14,2.85382e-12,1.98835e-12,1.1974e-09
18,1018,365,35870,6.36158e-14,6.36158e-14,2.38064e-12,1.73228e-12,1.25427e-09
18,1018,370,36360,6.36158e-14,6.36158e-14,2.71246e-12,1.90764e-12,1.31446e-09
18,1018,375,36850,6.36158e-14,6.36158e-14,2.57952e-12,1.81194e-12,1.2857e-09
18,1018,380,37340,6.36158e-14,6.36158e-14,2.51354e-12,1.57863e-12,1.37248e-09
18,1018,385,37830,6.36158e-14,6.36158e-14,2.02785e-12,1.35514e-12,1.26818e-09
18,1018,390,38320,6.36158e-14,6.36158e-14,2.70831e-12,1.76181e-12,1.36677e-09
18,1018,395,38810,5.44009e-14,5.44009e-14,2.75485e-12,1.37251e-12,1.26162e-09
18,1018,400,39300,5.44009e-14,5.44009e-14,2.07528e-12,1.41614e-12,1.29581e-09
18,1018,405,39790,5.44009e-14,5.44009e-14,2.17594e-12,1.67072e-12,1.16788e-09
18,1018,410,40280,5.44009e-14,5.44009e-14,2.82138e-12,1.76359e-12,1.28304e-09
18,1018,415,40770,5.44009e-14,5.44009e-14,2.7082e-12,2.13968e-12,1.28947e-09
18,1018,420,41260,5.44009e-14,5.44009e-14,2.33508e-12,1.75565e-12,1.20891e-09
18,1018,425,41750,5.44009e-14,5.44009e-14,3.14957e-12,2.16127e-12,1.35197e-09
18,1018,430,42240,5.44009e-14,5.44009e-14,2.73321e-12,2.10204e-12,1.22859e-09
18,1018,435,42730,5.44009e-14,5.44009e-14,2.53126e-12,1.7974e-12,1.36639e-09
18,1018,440,43220,5.44009e-14,5.44009e-14,2.684e-12,1.91319e-12,1.20641e-09
18,1018,445,43710,5.44009e-14,5.44009e-14,2.5013e-12,1.89732e-12,1.3419e-09
18,1018,450,44200,5.44009e-14,5.44009e-14,3.23175e-12,1.88594e-12,1.34101e-09
18,1018,455,44690,5.44009e-14,5.44009e-14,3.38084e-12,2.53375e-12,1.47625e-09
18,1018,460,45180,5.44009e-14,5.44009e-14,2.90829e-12,2.23355e-12,1.37284e-09
18,1018,465,45670,5.44009e-14,5.44009e-14,2.69706e-12,2.02832e-12,1.40913e-09
18,1018,470,46160,5.44009e-14,5.44009e-14,2.50646e-12,2.06174e-12,1.24917e-09
18,1018,475,46650,5.44009e-14,5.44009e-14,2.69394e-12,2.10604e-12,1.30603e-09
18,1018,480,47140,5.44009e-14,5.44009e-14,2.30887e-12,1.73322e-12,1.0655e-09
18,1018,485,47630,5.44009e-14,5.44009e-14,2.74817e-12,1.79995e-12,1.2719e-09
18,1018,490,48120,5.44009e-14,5.44009e-14,2.82473e-12,1.85113e-12,1.36765e-09
18,1018,495,48610,5.44009e-14,5.44009e-14,2.30466e-12,1.67399e-12,1.23358e-09
18,1018,500,49100,5.44009e-14,5.44009e-14,2.49705e-12,1.7138e-12,1.24844e-09
18,1018,505,49590,5.44009e-14,5.44009e-14,2.75624e-12,2.21173e-12,1.23869e-09
18,1018,510,50000,5.44009e-14,5.44009e-14,1.71818e-12,1.32427e-12,1.11676e-09
19,1019,0,100,58.6172,58.6172,301.73,297.31,0.01
19,1019,5,590,14.8446,14.8446,64.0842,55.8029,0.0100228
19,1019,10,1080,5.11364,5.11364,12.2833,11.1219,0.0099857
19,1019,15,1570,1.37403,1.37403,3.42703,3.12455,0.0118565
19,1019,20,2060,1.20139,1.20139,1.87851,1.71281,0.00981756
19,1019,25,2550,1.04465,1.04465,1.40392,1.34345,0.00804729
19,1019,30,3040,0.950567,0.950567,1.14801,1.11501,0.00551022
19,1019,35,3530,0.742944,0.742944,1.10452,1.09782,0.0032665
19,1019,40,4020,0.509178,0.509178,1.05645,1.05651,0.00315515
19,1019,45,4510,0.482928,0.482928,1.04643,1.04606,0.00234889
19,1019,50,5000,0.433758,0.433758,1.02325,1.0354,0.0021916
19,1019,55,5490,0.433758,0.433758,1.01947,1.03097,0.00187014
19,1019,60,5980,0.368667,0.368667,1.00831,1.02285,0.00162058
19,1019,65,6470,0.368667,0.368667,0.990509,1.01994,0.0014459
19,1019,70,6960,0.317357,0.317357,0.923509,1.00181,0.000951558
19,1019,75,7450,0.196307,0.196307,0.68554,0.687562,0.000625055
19,1019,80,7940,0.0890444,0.0890444,0.403714,0.378036,0.000390888
19,1019,85,8430,0.0345619,0.0345619,0.221431,0.18755,0.000311629
19,1019,90,8920,0.0203518,0.0203518,0.093747,0.072026,0.000161708
19,1019,95,9410,0.01882,0.01882,0.059742,0.0399682,0.000135215
19,1019,100,9900,0.0145771,0.0145771,0.0282039,0.0241341,6.61717e-05
19,1019,105,10390,0.0136177,0.0136177,0.0169578,0.0165658,4.22623e-05
19,1019,110,10880,0.0127388,0.0127388,0.014784,0.0144948,2.97036e-05
19,1019,115,11370,0.0124966,0.0124966,0.0135013,0.0131567,1.71896e-05
19,1019,120,11860,0.0123734,0.0123734,0.012662,0.0126209,1.12638e-05
19,1019,125,12350,0.0123362,0.0123362,0.0124472,0.0124157,6.85575e-06
19,1019,130,12840,0.0123275,0.0123275,0.0123675,0.0123593,4.35222e-06
19,1019,135,13330,0.0123243,0.0123243,0.0123439,0.0123374,2.42528e-06
19,1019,140,13820,0.0123225,0.0123225,0.0123292,0.0123277,1.75789e-06
19,1019,145,14310,0.0123217,0.0123217,0.0123243,0.0123238,1.10957e-06
19,1019,150,14800,0.0123212,0.0123212,0.0123223,0.0123221,6.48921e-07
19,1019,155,15290,0.0123211,0.0123211,0.0123215,0.0123214,4.06485e-07
19,1019,160,15780,0.012321,0.012321,0.0123212,0.0123211,2.15176e-07
19,1019,165,16270,0.012321,0.012321,0.012321,0.012321,1.26517e-07
19,1019,170,16760,0.012321,0.012321,0.012321,0.012321,1.02861e-07
19,1019,175,17250,0.012321,0.012321,0.012321,0.012321,4.394e-08
19,1019,180,17740,0.012321,0.012321,0.012321,0.012321,2.7262e-08
19,1019,185,18230,0.012321,0.012321,0.012321,0.012321,1.88941e-08
19,1019,190,18720,0.012321,0.012321,0.012321,0.012321,1.45194e-08
19,1019,195,19210,0.012321,0.012321,0.012321,0.012321,9.01989e-09
19,1019,200,19700,0.012321,0.012321,0.012321,0.012321,5.69963e-09
19,1019,205,20190,0.012321,0.012321,0.012321,0.012321,2.64611e-09
19,1019,210,20680,0.012321,0.012321,0.012321,0.012321,2.43253e-09
19,1019,215,21170,0.012321,0.012321,0.012321,0.012321,1.27496e-09
19,1019,220,21660,0.012321,0.012321,0.012321,0.012321,1.21659e-09
19,1019,225,22150,0.012321,0.012321,0.012321,0.012321,1.26196e-09
19,1019,230,22640,0.012321,0.012321,0.012321,0.012321,1.24863e-09
19,1019,235,23130,0.012321,0.012321,0.012321,0.012321,1.44623e-09
19,1019,240,23620,0.012321,0.012321,0.012321,0.012321,1.2821e-09
19,1019,245,24110,0.012321,0.012321,0.012321,0.012321,1.46557e-09
19,1019,250,24600,0.012321,0.012321,0.012321,0.012321,1.2497e-09
19,1019,255,25090,0.012321,0.012321,0.012321,0.012321,1.25128e-09
19,1019,260,25580,0.012321,0.012321,0.012321,0.012321,1.25681e-09
19,1019,265,26070,0.012321,0.012321,0.012321,0.012321,1.35691e-09
19,1019,270,26560,0.012321,0.012321,0.012321,0.012321,1.39122e-09
19,1019,275,27050,0.012321,0.012321,0.012321,0.012321,1.24747e-09
19,1019,280,27540,0.012321,0.012321,0.012321,0.012321,1.39494e-09
19,1019,285,28030,0.012321,0.012321,0.012321,0.012321,1.21495e-09
19,1019,290,28520,0.012321,0.012321,0.012321,0.012321,1.31362e-09
19,1019,295,29010,0.012321,0.012321,0.012321,0.012321,1.11316e-09
19,1019,300,29500,0.012321,0.012321,0.012321,0.012321,1.17352e-09
19,1019,305,29990,0.012321,0.012321,0.012321,0.012321,1.13638e-09
19,1019,310,30480,0.012321,0.012321,0.012321,0.012321,1.1774e-09
19,1019,315,30970,0.012321,0.012321,0.012321,0.012321,1.17299e-09
19,1019,320,31460,0.012321,0.012321,0.012321,0.012321,1.14853e-09
19,1019,325,31950,0.012321,0.012321,0.012321,0.012321,1.23318e-09
19,1019,330,32440,0.012321,0.012321,0.012321,0.012321,1.15552e-09
19,1019,335,32930,0.012321,0.012321,0.012321,0.012321,1.32691e-09
19,1019,340,33420,0.012321,0.012321,0.012321,0.012321,1.20387e-09
19,1019,345,33910,0.012321,0.012321,0.012321,0.012321,1.25243e-09
19,1019,350,34400,0.012321,0.012321,0.012321,0.012321,1.13709e-09
19,1019,355,34890,0.012321,0.012321,0.012321,0.012321,1.11642e-09
19,1019,360,35380,0.012321,0.012321,0.012321,0.012321,1.21274e-09
19,1019,365,35870,0.012321,0.012321,0.012321,0.012321,1.20708e-09
19,1019,370,36360,0.012321,0.012321,0.012321,0.012321,1.03055e-09
19,1019,375,36850,0.012321,0.012321,0.012321,0.012321,1.13951e-09
19,1019,380,37340,0.012321,0.012321,0.012321,0.012321,1.28664e-09
19,1019,385,37830,0.012321,0.012321,0.012321,0.012321,1.24065e-09
19,1019,390,38320,0.012321,0.012321,0.012321,0.012321,1.27806e-09
19,1019,395,38810,0.012321,0.012321,0.012321,0.012321,1.23868e-09
19,1019,400,39300,0.012321,0.012321,0.012321,0.012321,1.18214e-09
19,1019,405,39790,0.012321,0.012321,0.012321,0.012321,1.13923e-09
19,1019,410,40280,0.012321,0.012321,0.012321,0.012321,1.23844e-09
19,1019,415,40770,0.012321,0.012321,0.012321,0.012321,1.28419e-09
19,1019,420,41260,0.012321,0.012321,0.012321,0.012321,1.2357e-09
19,1019,425,41750,0.012321,0.012321,0.012321,0.012321,1.14978e-09
19,1019,430,42240,0.012321,0.012321,0.012321,0.012321,1.15106e-09
19,1019,435,42730,0.012321,0.012321,0.012321,0.012321,1.40666e-09
19,1019,440,43220,0.012321,0.012321,0.012321,0.012321,1.19804e-09
19,1019,445,43710,0.012321,0.012321,0.012321,0.012321,1.17411e-09
19,1019,450,44200,0.012321,0.012321,0.012321,0.012321,1.21137e-09
19,1019,455,44690,0.012321,0.012321,0.012321,0.012321,1.21092e-09
19,1019,460,45180,0.012321,0.012321,0.012321,0.012321,1.24536e-09
19,1019,465,45670,0.012321,0.012321,0.012321,0.012321,1.22365e-09
19,1019,470,46160,0.012321,0.012321,0.012321,0.012321,1.16172e-09
19,1019,475,46650,0.012321,0.012321,0.012321,0.012321,1.21395e-09
19,1019,480,47140,0.012321,0.012321,0.012321,0.012321,1.18056e-09
19,1019,485,47630,0.012321,0.012321,0.012321,0.012321,1.34507e-09
19,1019,490,48120,0.012321,0.012321,0.012321,0.012321,1.13015e-09
19,1019,495,48610,0.012321,0.012321,0.012321,0.012321,1.05617e-09
19,1019,500,49100,0.012321,0.012321,0.012321,0.012321,1.14361e-09
19,1019,505,49590,0.012321,0.012321,0.012321,0.012321,1.1595e-09
19,1019,510,50000,0.012321,0.012321,0.012321,0.012321,1.27549e-09
