run,seed,gen,evals,best_so_far,pop_best,pop_mean,pop_median,sigma_med
0,1000,0,100,100.628,100.628,293.485,304.432,0.01
0,1000,5,590,14.9559,14.9559,62.5962,61.9671,0.01
0,1000,10,1080,5.05392,5.05392,13.6783,12.638,0.01
0,1000,15,1570,1.71444,1.71444,3.57431,3.45586,0.01
0,1000,20,2060,1.15919,1.15919,1.64519,1.60347,0.01
0,1000,25,2550,0.909435,0.909435,1.23377,1.18839,0.01
0,1000,30,3040,0.909435,0.909435,1.1723,1.13693,0.01
0,1000,35,3530,0.909435,0.909435,1.13501,1.12576,0.01
0,1000,40,4020,0.909435,0.909435,1.09686,1.06571,0.01
0,1000,45,4510,0.887617,0.887617,1.08224,1.06627,0.01
0,1000,50,5000,0.818604,0.818604,1.0838,1.07027,0.01
0,1000,55,5490,0.780263,0.780263,1.07221,1.0619,0.01
0,1000,60,5980,0.590469,0.590469,1.08495,1.06665,0.01
0,1000,65,6470,0.492044,0.492044,1.0457,1.04505,0.01
0,1000,70,6960,0.492044,0.492044,1.05664,1.04365,0.01
0,1000,75,7450,0.480961,0.480961,1.06623,1.04769,0.01
0,1000,80,7940,0.369254,0.369254,1.05788,1.04808,0.01
0,1000,85,8430,0.369254,0.369254,1.08192,1.06399,0.01
0,1000,90,8920,0.369254,0.369254,1.08831,1.06764,0.01
0,1000,95,9410,0.369254,0.369254,1.05263,1.05764,0.01
0,1000,100,9900,0.324117,0.324117,1.05538,1.05923,0.01
0,1000,105,10390,0.324117,0.324117,1.07302,1.07509,0.01
0,1000,110,10880,0.31113,0.31113,1.05478,1.05686,0.01
0,1000,115,11370,0.31113,0.31113,1.07936,1.07066,0.01
0,1000,120,11860,0.31113,0.31113,1.07171,1.06682,0.01
0,1000,125,12350,0.31113,0.31113,1.11557,1.0829,0.01
0,1000,130,12840,0.310982,0.310982,1.10063,1.08269,0.01
0,1000,135,13330,0.310982,0.310982,1.07603,1.08409,0.01
0,1000,140,13820,0.310982,0.310982,1.08058,1.08659,0.01
0,1000,145,14310,0.310982,0.310982,1.09506,1.09935,0.01
0,1000,150,14800,0.310982,0.310982,1.06104,1.0707,0.01
0,1000,155,15290,0.310982,0.310982,1.08511,1.07816,0.01
0,1000,160,15780,0.310982,0.310982,1.09529,1.08081,0.01
0,1000,165,16270,0.310982,0.310982,1.06886,1.07323,0.01
0,1000,170,16760,0.261131,0.261131,1.05543,1.06058,0.01
0,1000,175,17250,0.261131,0.261131,1.09788,1.07441,0.01
0,1000,180,17740,0.261131,0.261131,1.09459,1.07673,0.01
0,1000,185,18230,0.261131,0.261131,1.08484,1.07898,0.01
0,1000,190,18720,0.247629,0.247629,1.06233,1.06174,0.01
0,1000,195,19210,0.247629,0.247629,1.08842,1.07491,0.01
0,1000,200,19700,0.247629,0.247629,1.06541,1.06878,0.01
0,1000,205,20190,0.247629,0.247629,1.06771,1.0586,0.01
0,1000,210,20680,0.247629,0.247629,1.09515,1.07953,0.01
0,1000,215,21170,0.247629,0.247629,1.08729,1.07661,0.01
0,1000,220,21660,0.247629,0.247629,1.08172,1.0884,0.01
0,1000,225,22150,0.247629,0.247629,1.09534,1.10371,0.01
0,1000,230,22640,0.247629,0.247629,1.09622,1.08671,0.01
0,1000,235,23130,0.247629,0.247629,1.07047,1.0761,0.01
0,1000,240,23620,0.247629,0.247629,1.08766,1.08518,0.01
0,1000,245,24110,0.247629,0.247629,1.11007,1.09382,0.01
0,1000,250,24600,0.247629,0.247629,1.06225,1.05246,0.01
0,1000,255,25090,0.247629,0.247629,1.0725,1.06871,0.01
0,1000,260,25580,0.247629,0.247629,1.07324,1.07114,0.01
0,1000,265,26070,0.247629,0.247629,1.04507,1.05877,0.01
0,1000,270,26560,0.247629,0.247629,1.08251,1.08615,0.01
0,1000,275,27050,0.247629,0.247629,1.09519,1.08212,0.01
0,1000,280,27540,0.247629,0.247629,1.09933,1.06941,0.01
0,1000,285,28030,0.247629,0.247629,1.08883,1.07069,0.01
0,1000,290,28520,0.247629,0.247629,1.06772,1.06868,0.01
0,1000,295,29010,0.210883,0.210883,1.07333,1.07721,0.01
0,1000,300,29500,0.210883,0.210883,1.11563,1.10598,0.01
0,1000,305,29990,0.210883,0.210883,1.07372,1.079,0.01
0,1000,310,30480,0.210883,0.210883,1.0801,1.07979,0.01
0,1000,315,30970,0.210883,0.210883,1.07118,1.067,0.01
0,1000,320,31460,0.210883,0.210883,1.11591,1.09557,0.01
0,1000,325,31950,0.210883,0.210883,1.07339,1.08554,0.01
0,1000,330,32440,0.210883,0.210883,1.09098,1.07938,0.01
0,1000,335,32930,0.210883,0.210883,1.0342,1.04959,0.01
0,1000,340,33420,0.210883,0.210883,1.06258,1.0655,0.01
0,1000,345,33910,0.210883,0.210883,1.09198,1.10458,0.01
0,1000,350,34400,0.210883,0.210883,1.07936,1.08335,0.01
0,1000,355,34890,0.210883,0.210883,1.08562,1.08126,0.01
0,1000,360,35380,0.210862,0.210862,1.10561,1.08057,0.01
0,1000,365,35870,0.210862,0.210862,1.07174,1.08427,0.01
0,1000,370,36360,0.210862,0.210862,1.05533,1.05362,0.01
0,1000,375,36850,0.210862,0.210862,1.08319,1.07184,0.01
0,1000,380,37340,0.197744,0.197744,1.08885,1.09072,0.01
0,1000,385,37830,0.197744,0.197744,1.09648,1.06842,0.01
0,1000,390,38320,0.197744,0.197744,1.0717,1.07471,0.01
0,1000,395,38810,0.197744,0.197744,1.07015,1.05861,0.01
0,1000,400,39300,0.197744,0.197744,1.09031,1.08585,0.01
0,1000,405,39790,0.197744,0.197744,1.08134,1.07525,0.01
0,1000,410,40280,0.197744,0.197744,1.08633,1.07477,0.01
0,1000,415,40770,0.197744,0.197744,1.04325,1.05825,0.01
0,1000,420,41260,0.197744,0.197744,1.07763,1.05861,0.01
0,1000,425,41750,0.197744,0.197744,1.06126,1.06003,0.01
0,1000,430,42240,0.197744,0.197744,1.07281,1.06293,0.01
0,1000,435,42730,0.197744,0.197744,1.10543,1.1048,0.01
0,1000,440,43220,0.19606,0.19606,1.10225,1.10106,0.01
0,1000,445,43710,0.19606,0.19606,1.10263,1.09814,0.01
0,1000,450,44200,0.19606,0.19606,1.06288,1.06885,0.01
0,1000,455,44690,0.19606,0.19606,1.08169,1.08675,0.01
0,1000,460,45180,0.19606,0.19606,1.07476,1.0687,0.01
0,1000,465,45670,0.19606,0.19606,1.06228,1.07487,0.01
0,1000,470,46160,0.195864,0.195864,1.0767,1.07957,0.01
0,1000,475,46650,0.195864,0.195864,1.08501,1.07317,0.01
0,1000,480,47140,0.19586,0.19586,1.06892,1.07437,0.01
0,1000,485,47630,0.19586,0.19586,1.07989,1.07459,0.01
0,1000,490,48120,0.19586,0.19586,1.06434,1.06807,0.01
0,1000,495,48610,0.19586,0.19586,1.08566,1.07921,0.01
0,1000,500,49100,0.19586,0.19586,1.08469,1.10743,0.01
0,1000,505,49590,0.19586,0.19586,1.08749,1.08874,0.01
0,1000,510,50000,0.19586,0.19586,1.04543,1.08697,0.01
1,1001,0,100,108.37,108.37,295.742,290.623,0.01
1,1001,5,590,20.8981,20.8981,64.5654,60.7351,0.01
1,1001,10,1080,5.05817,5.05817,16.5011,15.4475,0.01
1,1001,15,1570,2.35346,2.35346,4.6081,4.53497,0.01
1,1001,20,2060,1.39118,1.39118,1.99165,1.98947,0.01
1,1001,25,2550,1.07474,1.07474,1.39456,1.34449,0.01
1,1001,30,3040,0.92771,0.92771,1.16461,1.14804,0.01
1,1001,35,3530,0.583824,0.583824,1.11108,1.0883,0.01
1,1001,40,4020,0.583824,0.583824,1.09166,1.07558,0.01
1,1001,45,4510,0.583824,0.583824,1.08195,1.07766,0.01
1,1001,50,5000,0.583824,0.583824,1.09643,1.08572,0.01
1,1001,55,5490,0.583824,0.583824,1.10189,1.08557,0.01
1,1001,60,5980,0.583824,0.583824,1.09646,1.09112,0.01
1,1001,65,6470,0.538534,0.538534,1.1104,1.10299,0.01
1,1001,70,6960,0.538534,0.538534,1.12662,1.10893,0.01
1,1001,75,7450,0.538534,0.538534,1.13186,1.11459,0.01
1,1001,80,7940,0.538534,0.538534,1.13759,1.10623,0.01
1,1001,85,8430,0.538534,0.538534,1.12239,1.10785,0.01
1,1001,90,8920,0.538534,0.538534,1.09929,1.0821,0.01
1,1001,95,9410,0.538534,0.538534,1.12301,1.07359,0.01
1,1001,100,9900,0.49028,0.49028,1.11383,1.104,0.01
1,1001,105,10390,0.49028,0.49028,1.18256,1.14548,0.01
1,1001,110,10880,0.49028,0.49028,1.12249,1.08669,0.01
1,1001,115,11370,0.49028,0.49028,1.08857,1.06626,0.01
1,1001,120,11860,0.49028,0.49028,1.07474,1.05995,0.01
1,1001,125,12350,0.49028,0.49028,1.08541,1.07677,0.01
1,1001,130,12840,0.49028,0.49028,1.10289,1.08882,0.01
1,1001,135,13330,0.49028,0.49028,1.094,1.08908,0.01
1,1001,140,13820,0.49028,0.49028,1.08819,1.07142,0.01
1,1001,145,14310,0.49028,0.49028,1.12837,1.10603,0.01
1,1001,150,14800,0.49028,0.49028,1.08407,1.05909,0.01
1,1001,155,15290,0.49028,0.49028,1.08189,1.07935,0.01
1,1001,160,15780,0.490121,0.490121,1.10692,1.07157,0.01
1,1001,165,16270,0.490121,0.490121,1.11468,1.09469,0.01
1,1001,170,16760,0.490121,0.490121,1.10708,1.09244,0.01
1,1001,175,17250,0.490121,0.490121,1.08223,1.07202,0.01
1,1001,180,17740,0.490121,0.490121,1.09714,1.08507,0.01
1,1001,185,18230,0.490121,0.490121,1.11637,1.08972,0.01
1,1001,190,18720,0.490121,0.490121,1.09353,1.09709,0.01
1,1001,195,19210,0.490121,0.490121,1.1191,1.10625,0.01
1,1001,200,19700,0.447531,0.447531,1.13137,1.10368,0.01
1,1001,205,20190,0.447531,0.447531,1.09752,1.08176,0.01
1,1001,210,20680,0.447531,0.447531,1.10097,1.08494,0.01
1,1001,215,21170,0.447531,0.447531,1.09423,1.08357,0.01
1,1001,220,21660,0.441462,0.441462,1.12352,1.11517,0.01
1,1001,225,22150,0.441462,0.441462,1.10552,1.10378,0.01
1,1001,230,22640,0.441462,0.441462,1.10465,1.09668,0.01
1,1001,235,23130,0.441462,0.441462,1.09685,1.07918,0.01
1,1001,240,23620,0.441462,0.441462,1.07695,1.0681,0.01
1,1001,245,24110,0.405956,0.405956,1.12212,1.1002,0.01
1,1001,250,24600,0.405956,0.405956,1.09379,1.07518,0.01
1,1001,255,25090,0.405956,0.405956,1.06638,1.0636,0.01
1,1001,260,25580,0.405956,0.405956,1.10828,1.09704,0.01
1,1001,265,26070,0.405956,0.405956,1.10115,1.08718,0.01
1,1001,270,26560,0.405956,0.405956,1.08137,1.07904,0.01
1,1001,275,27050,0.405956,0.405956,1.09731,1.06764,0.01
1,1001,280,27540,0.405956,0.405956,1.07857,1.06871,0.01
1,1001,285,28030,0.405956,0.405956,1.13782,1.1249,0.01
1,1001,290,28520,0.399896,0.399896,1.10981,1.10664,0.01
1,1001,295,29010,0.399896,0.399896,1.09864,1.09369,0.01
1,1001,300,29500,0.399896,0.399896,1.09406,1.09346,0.01
1,1001,305,29990,0.3302,0.3302,1.12592,1.09287,0.01
1,1001,310,30480,0.276046,0.276046,1.10972,1.10869,0.01
1,1001,315,30970,0.276046,0.276046,1.09894,1.09165,0.01
1,1001,320,31460,0.276046,0.276046,1.10369,1.09404,0.01
1,1001,325,31950,0.276046,0.276046,1.08837,1.08146,0.01
1,1001,330,32440,0.276046,0.276046,1.10194,1.08516,0.01
1,1001,335,32930,0.276046,0.276046,1.0985,1.0868,0.01
1,1001,340,33420,0.276046,0.276046,1.08747,1.10011,0.01
1,1001,345,33910,0.276046,0.276046,1.09245,1.08919,0.01
1,1001,350,34400,0.276046,0.276046,1.09679,1.08572,0.01
1,1001,355,34890,0.276046,0.276046,1.10033,1.0958,0.01
1,1001,360,35380,0.276046,0.276046,1.08002,1.06485,0.01
1,1001,365,35870,0.276046,0.276046,1.07872,1.06873,0.01
1,1001,370,36360,0.276046,0.276046,1.08254,1.07404,0.01
1,1001,375,36850,0.276046,0.276046,1.11426,1.10233,0.01
1,1001,380,37340,0.276046,0.276046,1.08538,1.08378,0.01
1,1001,385,37830,0.276046,0.276046,1.11318,1.10937,0.01
1,1001,390,38320,0.276046,0.276046,1.11925,1.10349,0.01
1,1001,395,38810,0.276046,0.276046,1.09706,1.07143,0.01
1,1001,400,39300,0.276046,0.276046,1.09209,1.07823,0.01
1,1001,405,39790,0.276046,0.276046,1.08251,1.07069,0.01
1,1001,410,40280,0.276046,0.276046,1.07171,1.08476,0.01
1,1001,415,40770,0.276046,0.276046,1.06755,1.08198,0.01
1,1001,420,41260,0.276046,0.276046,1.08038,1.07279,0.01
1,1001,425,41750,0.276046,0.276046,1.08438,1.07435,0.01
1,1001,430,42240,0.276046,0.276046,1.08362,1.06713,0.01
1,1001,435,42730,0.276046,0.276046,1.08338,1.076,0.01
1,1001,440,43220,0.276046,0.276046,1.09827,1.08954,0.01
1,1001,445,43710,0.276046,0.276046,1.0721,1.05981,0.01
1,1001,450,44200,0.263056,0.263056,1.09098,1.0765,0.01
1,1001,455,44690,0.263056,0.263056,1.08647,1.07885,0.01
1,1001,460,45180,0.259037,0.259037,1.16404,1.1453,0.01
1,1001,465,45670,0.259037,0.259037,1.12564,1.12395,0.01
1,1001,470,46160,0.259037,0.259037,1.09121,1.09127,0.01
1,1001,475,46650,0.259037,0.259037,1.09292,1.07452,0.01
1,1001,480,47140,0.259037,0.259037,1.07227,1.07255,0.01
1,1001,485,47630,0.259037,0.259037,1.02731,1.03912,0.01
1,1001,490,48120,0.259037,0.259037,1.07363,1.0727,0.01
1,1001,495,48610,0.259037,0.259037,1.09361,1.08628,0.01
1,1001,500,49100,0.259037,0.259037,1.09779,1.0825,0.01
1,1001,505,49590,0.259037,0.259037,1.10406,1.11126,0.01
1,1001,510,50000,0.259037,0.259037,1.08041,1.13155,0.01
2,1002,0,100,103.106,103.106,301.662,302.775,0.01
2,1002,5,590,24.7504,24.7504,79.3332,71.6128,0.01
2,1002,10,1080,6.56771,6.56771,16.9251,16.4374,0.01
2,1002,15,1570,1.7512,1.7512,5.30856,5.05803,0.01
2,1002,20,2060,1.23128,1.23128,1.80877,1.73596,0.01
2,1002,25,2550,0.915091,0.915091,1.27041,1.24394,0.01
2,1002,30,3040,0.743966,0.743966,1.13337,1.13345,0.01
2,1002,35,3530,0.743966,0.743966,1.11293,1.09881,0.01
2,1002,40,4020,0.743966,0.743966,1.09716,1.07952,0.01
2,1002,45,4510,0.638058,0.638058,1.08164,1.06368,0.01
2,1002,50,5000,0.638058,0.638058,1.10649,1.09189,0.01
2,1002,55,5490,0.638058,0.638058,1.12521,1.12198,0.01
2,1002,60,5980,0.638058,0.638058,1.09807,1.08783,0.01
2,1002,65,6470,0.619841,0.619841,1.0753,1.05844,0.01
2,1002,70,6960,0.552883,0.552883,1.11564,1.09483,0.01
2,1002,75,7450,0.552883,0.552883,1.08787,1.09379,0.01
2,1002,80,7940,0.552883,0.552883,1.09635,1.0908,0.01
2,1002,85,8430,0.552883,0.552883,1.09322,1.08881,0.01
2,1002,90,8920,0.552883,0.552883,1.08706,1.09224,0.01
2,1002,95,9410,0.552883,0.552883,1.09266,1.08507,0.01
2,1002,100,9900,0.552883,0.552883,1.08965,1.06899,0.01
2,1002,105,10390,0.423336,0.423336,1.11446,1.11104,0.01
2,1002,110,10880,0.423336,0.423336,1.12383,1.1045,0.01
2,1002,115,11370,0.423336,0.423336,1.09509,1.0824,0.01
2,1002,120,11860,0.396023,0.396023,1.06367,1.05342,0.01
2,1002,125,12350,0.396023,0.396023,1.07508,1.06634,0.01
2,1002,130,12840,0.396023,0.396023,1.08114,1.06947,0.01
2,1002,135,13330,0.396023,0.396023,1.10204,1.06919,0.01
2,1002,140,13820,0.396023,0.396023,1.09189,1.08418,0.01
2,1002,145,14310,0.396023,0.396023,1.05145,1.06358,0.01
2,1002,150,14800,0.396023,0.396023,1.07477,1.08439,0.01
2,1002,155,15290,0.396023,0.396023,1.07025,1.06429,0.01
2,1002,160,15780,0.396023,0.396023,1.0837,1.07443,0.01
2,1002,165,16270,0.354506,0.354506,1.07711,1.06922,0.01
2,1002,170,16760,0.354506,0.354506,1.09792,1.08551,0.01
2,1002,175,17250,0.354506,0.354506,1.07719,1.07865,0.01
2,1002,180,17740,0.354506,0.354506,1.06803,1.07674,0.01
2,1002,185,18230,0.354506,0.354506,1.06183,1.06876,0.01
2,1002,190,18720,0.354506,0.354506,1.0828,1.071,0.01
2,1002,195,19210,0.354506,0.354506,1.06365,1.05739,0.01
2,1002,200,19700,0.354506,0.354506,1.0869,1.07258,0.01
2,1002,205,20190,0.348913,0.348913,1.0595,1.07689,0.01
2,1002,210,20680,0.348913,0.348913,1.06946,1.07928,0.01
2,1002,215,21170,0.348913,0.348913,1.05499,1.06595,0.01
2,1002,220,21660,0.348913,0.348913,1.0604,1.06865,0.01
2,1002,225,22150,0.348913,0.348913,1.04595,1.06051,0.01
2,1002,230,22640,0.318483,0.318483,1.08446,1.08342,0.01
2,1002,235,23130,0.318483,0.318483,1.04183,1.05822,0.01
2,1002,240,23620,0.247514,0.247514,1.06664,1.07144,0.01
2,1002,245,24110,0.247514,0.247514,1.08642,1.0656,0.01
2,1002,250,24600,0.236831,0.236831,1.08798,1.08339,0.01
2,1002,255,25090,0.236831,0.236831,1.0814,1.08597,0.01
2,1002,260,25580,0.236831,0.236831,1.05281,1.06371,0.01
2,1002,265,26070,0.236831,0.236831,1.09579,1.08352,0.01
2,1002,270,26560,0.236831,0.236831,1.07762,1.0889,0.01
2,1002,275,27050,0.236831,0.236831,1.06127,1.07824,0.01
2,1002,280,27540,0.236831,0.236831,1.09299,1.0731,0.01
2,1002,285,28030,0.236831,0.236831,1.04482,1.0638,0.01
2,1002,290,28520,0.236831,0.236831,1.08637,1.0961,0.01
2,1002,295,29010,0.236831,0.236831,1.04947,1.06361,0.01
2,1002,300,29500,0.236831,0.236831,1.06115,1.07528,0.01
2,1002,305,29990,0.236831,0.236831,1.0655,1.05968,0.01
2,1002,310,30480,0.236831,0.236831,1.0875,1.07201,0.01
2,1002,315,30970,0.232744,0.232744,1.06778,1.08942,0.01
2,1002,320,31460,0.232744,0.232744,1.08413,1.07674,0.01
2,1002,325,31950,0.232744,0.232744,1.05834,1.07897,0.01
2,1002,330,32440,0.232744,0.232744,1.07885,1.06917,0.01
2,1002,335,32930,0.232744,0.232744,1.03212,1.04129,0.01
2,1002,340,33420,0.2211,0.2211,1.09616,1.10335,0.01
2,1002,345,33910,0.2211,0.2211,1.07431,1.07214,0.01
2,1002,350,34400,0.2211,0.2211,1.09634,1.06938,0.01
2,1002,355,34890,0.2211,0.2211,1.04719,1.0589,0.01
2,1002,360,35380,0.173268,0.173268,1.04078,1.06302,0.01
2,1002,365,35870,0.173268,0.173268,1.09479,1.08887,0.01
2,1002,370,36360,0.173268,0.173268,1.07958,1.0678,0.01
2,1002,375,36850,0.173268,0.173268,1.10601,1.07867,0.01
2,1002,380,37340,0.173268,0.173268,1.04658,1.05142,0.01
2,1002,385,37830,0.173268,0.173268,1.04595,1.07628,0.01
2,1002,390,38320,0.173268,0.173268,1.07095,1.06135,0.01
2,1002,395,38810,0.173268,0.173268,1.08633,1.07337,0.01
2,1002,400,39300,0.173268,0.173268,1.09311,1.09252,0.01
2,1002,405,39790,0.173268,0.173268,1.11609,1.10017,0.01
2,1002,410,40280,0.173268,0.173268,1.07404,1.0758,0.01
2,1002,415,40770,0.173268,0.173268,1.05168,1.06766,0.01
2,1002,420,41260,0.173268,0.173268,1.07549,1.06486,0.01
2,1002,425,41750,0.173268,0.173268,1.09089,1.08972,0.01
2,1002,430,42240,0.173268,0.173268,1.06603,1.05837,0.01
2,1002,435,42730,0.173268,0.173268,1.08992,1.07245,0.01
2,1002,440,43220,0.173268,0.173268,1.07661,1.07133,0.01
2,1002,445,43710,0.173268,0.173268,1.0825,1.07663,0.01
2,1002,450,44200,0.173268,0.173268,1.03526,1.05452,0.01
2,1002,455,44690,0.173268,0.173268,1.05887,1.06851,0.01
2,1002,460,45180,0.173268,0.173268,1.04029,1.05975,0.01
2,1002,465,45670,0.13844,0.13844,1.0553,1.07122,0.01
2,1002,470,46160,0.13844,0.13844,1.09817,1.09088,0.01
2,1002,475,46650,0.13844,0.13844,1.0951,1.07698,0.01
2,1002,480,47140,0.13844,0.13844,1.09389,1.07657,0.01
2,1002,485,47630,0.13844,0.13844,1.0647,1.06446,0.01
2,1002,490,48120,0.13844,0.13844,1.09286,1.08297,0.01
2,1002,495,48610,0.13844,0.13844,1.07201,1.08726,0.01
2,1002,500,49100,0.13844,0.13844,1.04579,1.07588,0.01
2,1002,505,49590,0.135033,0.135033,1.10538,1.09321,0.01
2,1002,510,50000,0.135033,0.135033,0.982983,1.06846,0.01
3,1003,0,100,113.617,113.617,308.072,301.35,0.01
3,1003,5,590,14.6266,14.6266,73.3355,70.0757,0.01
3,1003,10,1080,3.85024,3.85024,13.0584,11.9785,0.01
3,1003,15,1570,1.50044,1.50044,3.08888,2.85643,0.01
3,1003,20,2060,1.04778,1.04778,1.28732,1.24774,0.01
3,1003,25,2550,0.956435,0.956435,1.18155,1.16099,0.01
3,1003,30,3040,0.956435,0.956435,1.13374,1.11815,0.01
3,1003,35,3530,0.820803,0.820803,1.10045,1.08418,0.01
3,1003,40,4020,0.392776,0.392776,1.07196,1.06564,0.01
3,1003,45,4510,0.392776,0.392776,1.08141,1.08548,0.01
3,1003,50,5000,0.371648,0.371648,1.08289,1.06593,0.01
3,1003,55,5490,0.371648,0.371648,1.07182,1.07987,0.01
3,1003,60,5980,0.371648,0.371648,1.1025,1.10258,0.01
3,1003,65,6470,0.371648,0.371648,1.12646,1.11201,0.01
3,1003,70,6960,0.371648,0.371648,1.07834,1.07019,0.01
3,1003,75,7450,0.371648,0.371648,1.09367,1.09076,0.01
3,1003,80,7940,0.371648,0.371648,1.09731,1.08663,0.01
3,1003,85,8430,0.361394,0.361394,1.08909,1.07974,0.01
3,1003,90,8920,0.361394,0.361394,1.07366,1.06736,0.01
3,1003,95,9410,0.361394,0.361394,1.07366,1.06573,0.01
3,1003,100,9900,0.333835,0.333835,1.06614,1.06741,0.01
3,1003,105,10390,0.333835,0.333835,1.06306,1.04332,0.01
3,1003,110,10880,0.333835,0.333835,1.05778,1.05149,0.01
3,1003,115,11370,0.333835,0.333835,1.06379,1.06675,0.01
3,1003,120,11860,0.333835,0.333835,1.04954,1.06254,0.01
3,1003,125,12350,0.333835,0.333835,1.08773,1.0825,0.01
3,1003,130,12840,0.305415,0.305415,1.09976,1.08573,0.01
3,1003,135,13330,0.305415,0.305415,1.09681,1.08783,0.01
3,1003,140,13820,0.305415,0.305415,1.13307,1.10853,0.01
3,1003,145,14310,0.305415,0.305415,1.11279,1.09749,0.01
3,1003,150,14800,0.301783,0.301783,1.09221,1.08899,0.01
3,1003,155,15290,0.301493,0.301493,1.11787,1.12083,0.01
3,1003,160,15780,0.301493,0.301493,1.1135,1.10263,0.01
3,1003,165,16270,0.301493,0.301493,1.07478,1.05988,0.01
3,1003,170,16760,0.301493,0.301493,1.08866,1.08873,0.01
3,1003,175,17250,0.301493,0.301493,1.09466,1.09,0.01
3,1003,180,17740,0.301493,0.301493,1.06252,1.07444,0.01
3,1003,185,18230,0.301493,0.301493,1.11024,1.08216,0.01
3,1003,190,18720,0.301493,0.301493,1.09728,1.08361,0.01
3,1003,195,19210,0.301493,0.301493,1.09591,1.09635,0.01
3,1003,200,19700,0.301493,0.301493,1.05432,1.08041,0.01
3,1003,205,20190,0.301493,0.301493,1.09942,1.09477,0.01
3,1003,210,20680,0.301493,0.301493,1.10389,1.09245,0.01
3,1003,215,21170,0.301493,0.301493,1.09821,1.08604,0.01
3,1003,220,21660,0.301493,0.301493,1.04842,1.06116,0.01
3,1003,225,22150,0.301401,0.301401,1.04326,1.05925,0.01
3,1003,230,22640,0.301401,0.301401,1.09062,1.08507,0.01
3,1003,235,23130,0.301401,0.301401,1.07845,1.07763,0.01
3,1003,240,23620,0.301401,0.301401,1.07853,1.08367,0.01
3,1003,245,24110,0.295237,0.295237,1.10881,1.09657,0.01
3,1003,250,24600,0.295237,0.295237,1.10586,1.09666,0.01
3,1003,255,25090,0.295237,0.295237,1.08287,1.0769,0.01
3,1003,260,25580,0.295237,0.295237,1.08277,1.07112,0.01
3,1003,265,26070,0.235682,0.235682,1.07885,1.07479,0.01
3,1003,270,26560,0.235682,0.235682,1.0905,1.0818,0.01
3,1003,275,27050,0.235682,0.235682,1.09663,1.08885,0.01
3,1003,280,27540,0.235682,0.235682,1.09047,1.07889,0.01
3,1003,285,28030,0.235682,0.235682,1.06176,1.06784,0.01
3,1003,290,28520,0.235682,0.235682,1.08321,1.09755,0.01
3,1003,295,29010,0.235682,0.235682,1.08651,1.07825,0.01
3,1003,300,29500,0.20732,0.20732,1.09527,1.10731,0.01
3,1003,305,29990,0.20732,0.20732,1.09271,1.09319,0.01
3,1003,310,30480,0.179677,0.179677,1.07099,1.07556,0.01
3,1003,315,30970,0.157176,0.157176,1.09408,1.0964,0.01
3,1003,320,31460,0.157176,0.157176,1.06599,1.07784,0.01
3,1003,325,31950,0.157176,0.157176,1.08235,1.07562,0.01
3,1003,330,32440,0.157176,0.157176,1.06837,1.05639,0.01
3,1003,335,32930,0.157176,0.157176,1.07873,1.07586,0.01
3,1003,340,33420,0.157176,0.157176,1.08239,1.06855,0.01
3,1003,345,33910,0.157176,0.157176,1.0689,1.07284,0.01
3,1003,350,34400,0.157176,0.157176,1.09248,1.07059,0.01
3,1003,355,34890,0.157176,0.157176,1.09424,1.10043,0.01
3,1003,360,35380,0.157176,0.157176,1.10095,1.10169,0.01
3,1003,365,35870,0.157176,0.157176,1.10484,1.09789,0.01
3,1003,370,36360,0.157176,0.157176,1.06269,1.06895,0.01
3,1003,375,36850,0.157176,0.157176,1.08429,1.07327,0.01
3,1003,380,37340,0.157176,0.157176,1.07651,1.07907,0.01
3,1003,385,37830,0.155016,0.155016,1.08603,1.07886,0.01
3,1003,390,38320,0.155016,0.155016,1.07661,1.09007,0.01
3,1003,395,38810,0.155016,0.155016,1.08566,1.09768,0.01
3,1003,400,39300,0.155016,0.155016,1.10092,1.09492,0.01
3,1003,405,39790,0.155016,0.155016,1.08546,1.08085,0.01
3,1003,410,40280,0.155016,0.155016,1.08295,1.08763,0.01
3,1003,415,40770,0.155016,0.155016,1.10023,1.10422,0.01
3,1003,420,41260,0.155016,0.155016,1.12228,1.10424,0.01
3,1003,425,41750,0.155016,0.155016,1.08786,1.09224,0.01
3,1003,430,42240,0.155016,0.155016,1.07642,1.0693,0.01
3,1003,435,42730,0.155016,0.155016,1.10061,1.0984,0.01
3,1003,440,43220,0.155016,0.155016,1.10257,1.08787,0.01
3,1003,445,43710,0.155016,0.155016,1.08539,1.07303,0.01
3,1003,450,44200,0.146889,0.146889,1.10665,1.10539,0.01
3,1003,455,44690,0.146889,0.146889,1.07995,1.09166,0.01
3,1003,460,45180,0.146889,0.146889,1.08412,1.07059,0.01
3,1003,465,45670,0.146889,0.146889,1.08565,1.08674,0.01
3,1003,470,46160,0.146889,0.146889,1.0907,1.09905,0.01
3,1003,475,46650,0.146889,0.146889,1.04963,1.08621,0.01
3,1003,480,47140,0.146889,0.146889,1.08166,1.07461,0.01
3,1003,485,47630,0.146889,0.146889,1.10107,1.08733,0.01
3,1003,490,48120,0.146889,0.146889,1.09398,1.08313,0.01
3,1003,495,48610,0.146889,0.146889,1.07297,1.06923,0.01
3,1003,500,49100,0.146889,0.146889,1.04889,1.05923,0.01
3,1003,505,49590,0.146889,0.146889,1.06992,1.0649,0.01
3,1003,510,50000,0.146889,0.146889,0.996901,1.05852,0.01
4,1004,0,100,87.1399,87.1399,304.782,309.677,0.01
4,1004,5,590,24.6962,24.6962,67.4391,64.4476,0.01
4,1004,10,1080,5.98289,5.98289,12.1826,11.2444,0.01
4,1004,15,1570,1.95166,1.95166,3.76412,3.62496,0.01
4,1004,20,2060,1.18988,1.18988,1.60036,1.53065,0.01
4,1004,25,2550,0.904736,0.904736,1.20395,1.18122,0.01
4,1004,30,3040,0.818463,0.818463,1.09482,1.08217,0.01
4,1004,35,3530,0.718311,0.718311,1.06742,1.06457,0.01
4,1004,40,4020,0.565887,0.565887,1.08114,1.0677,0.01
4,1004,45,4510,0.497122,0.497122,1.09401,1.08271,0.01
4,1004,50,5000,0.497122,0.497122,1.07821,1.07579,0.01
4,1004,55,5490,0.497122,0.497122,1.05821,1.06157,0.01
4,1004,60,5980,0.497122,0.497122,1.10527,1.09131,0.01
4,1004,65,6470,0.497122,0.497122,1.05407,1.07237,0.01
4,1004,70,6960,0.441433,0.441433,1.08521,1.07403,0.01
4,1004,75,7450,0.441433,0.441433,1.05852,1.06735,0.01
4,1004,80,7940,0.441433,0.441433,1.07654,1.08281,0.01
4,1004,85,8430,0.441433,0.441433,1.08588,1.07247,0.01
4,1004,90,8920,0.441433,0.441433,1.09495,1.08143,0.01
4,1004,95,9410,0.441433,0.441433,1.07316,1.06231,0.01
4,1004,100,9900,0.441433,0.441433,1.02937,1.05929,0.01
4,1004,105,10390,0.441433,0.441433,1.09259,1.07415,0.01
4,1004,110,10880,0.441433,0.441433,1.07811,1.05641,0.01
4,1004,115,11370,0.416203,0.416203,1.0387,1.06423,0.01
4,1004,120,11860,0.416203,0.416203,1.0751,1.06749,0.01
4,1004,125,12350,0.411798,0.411798,1.0514,1.06636,0.01
4,1004,130,12840,0.240047,0.240047,1.08299,1.06475,0.01
4,1004,135,13330,0.240047,0.240047,1.08973,1.08164,0.01
4,1004,140,13820,0.240047,0.240047,1.08377,1.08257,0.01
4,1004,145,14310,0.240047,0.240047,1.08107,1.07731,0.01
4,1004,150,14800,0.240047,0.240047,1.04114,1.05727,0.01
4,1004,155,15290,0.240047,0.240047,1.07942,1.08111,0.01
4,1004,160,15780,0.240047,0.240047,1.03354,1.06126,0.01
4,1004,165,16270,0.240047,0.240047,1.08214,1.0841,0.01
4,1004,170,16760,0.240047,0.240047,1.08298,1.07062,0.01
4,1004,175,17250,0.227725,0.227725,1.06551,1.06685,0.01
4,1004,180,17740,0.227725,0.227725,1.08074,1.06408,0.01
4,1004,185,18230,0.213988,0.213988,1.05154,1.0719,0.01
4,1004,190,18720,0.213988,0.213988,1.07319,1.06985,0.01
4,1004,195,19210,0.213988,0.213988,1.07211,1.05323,0.01
4,1004,200,19700,0.213988,0.213988,1.05938,1.06455,0.01
4,1004,205,20190,0.213988,0.213988,1.03117,1.05583,0.01
4,1004,210,20680,0.213988,0.213988,1.09188,1.0914,0.01
4,1004,215,21170,0.213988,0.213988,1.06273,1.08373,0.01
4,1004,220,21660,0.213988,0.213988,1.06498,1.09024,0.01
4,1004,225,22150,0.213988,0.213988,1.07711,1.06391,0.01
4,1004,230,22640,0.172308,0.172308,1.06574,1.06774,0.01
4,1004,235,23130,0.172308,0.172308,1.07857,1.07876,0.01
4,1004,240,23620,0.172308,0.172308,1.06563,1.05842,0.01
4,1004,245,24110,0.172308,0.172308,1.07766,1.09914,0.01
4,1004,250,24600,0.172308,0.172308,1.0716,1.08149,0.01
4,1004,255,25090,0.172308,0.172308,1.08723,1.09359,0.01
4,1004,260,25580,0.172308,0.172308,1.06766,1.05089,0.01
4,1004,265,26070,0.172308,0.172308,1.04771,1.0613,0.01
4,1004,270,26560,0.172308,0.172308,1.07798,1.07708,0.01
4,1004,275,27050,0.172308,0.172308,1.03591,1.0497,0.01
4,1004,280,27540,0.172308,0.172308,1.06818,1.06688,0.01
4,1004,285,28030,0.103647,0.103647,1.07946,1.07869,0.01
4,1004,290,28520,0.103647,0.103647,1.0546,1.06317,0.01
4,1004,295,29010,0.0693514,0.0693514,1.02573,1.063,0.01
4,1004,300,29500,0.0693514,0.0693514,1.0506,1.07551,0.01
4,1004,305,29990,0.0693514,0.0693514,1.06735,1.07884,0.01
4,1004,310,30480,0.0693514,0.0693514,1.07285,1.06827,0.01
4,1004,315,30970,0.0693514,0.0693514,1.07564,1.0725,0.01
4,1004,320,31460,0.0693514,0.0693514,1.07414,1.07378,0.01
4,1004,325,31950,0.0693514,0.0693514,1.08301,1.08013,0.01
4,1004,330,32440,0.0693514,0.0693514,1.0612,1.07416,0.01
4,1004,335,32930,0.0693514,0.0693514,1.07753,1.08761,0.01
4,1004,340,33420,0.0693514,0.0693514,1.06905,1.05921,0.01
4,1004,345,33910,0.0693514,0.0693514,1.04369,1.05283,0.01
4,1004,350,34400,0.0693514,0.0693514,1.06832,1.0678,0.01
4,1004,355,34890,0.0693514,0.0693514,1.05806,1.06457,0.01
4,1004,360,35380,0.0693514,0.0693514,1.08197,1.08574,0.01
4,1004,365,35870,0.0693514,0.0693514,1.09742,1.08883,0.01
4,1004,370,36360,0.0693514,0.0693514,1.05818,1.06709,0.01
4,1004,375,36850,0.0693514,0.0693514,1.08312,1.09201,0.01
4,1004,380,37340,0.0693514,0.0693514,1.05912,1.06124,0.01
4,1004,385,37830,0.0693514,0.0693514,1.06228,1.06886,0.01
4,1004,390,38320,0.0693514,0.0693514,1.07617,1.08481,0.01
4,1004,395,38810,0.0693514,0.0693514,1.03943,1.0554,0.01
4,1004,400,39300,0.0693514,0.0693514,1.05585,1.06578,0.01
4,1004,405,39790,0.0693514,0.0693514,1.05192,1.07028,0.01
4,1004,410,40280,0.0693514,0.0693514,1.06991,1.07041,0.01
4,1004,415,40770,0.0693514,0.0693514,1.07849,1.06929,0.01
4,1004,420,41260,0.0693514,0.0693514,1.07042,1.074,0.01
4,1004,425,41750,0.0693514,0.0693514,1.07775,1.06689,0.01
4,1004,430,42240,0.0656423,0.0656423,1.05251,1.06765,0.01
4,1004,435,42730,0.0656423,0.0656423,1.0817,1.09412,0.01
4,1004,440,43220,0.0656423,0.0656423,1.10595,1.08655,0.01
4,1004,445,43710,0.0656423,0.0656423,1.03081,1.04804,0.01
4,1004,450,44200,0.0656423,0.0656423,1.07645,1.08544,0.01
4,1004,455,44690,0.0656423,0.0656423,1.064,1.05557,0.01
4,1004,460,45180,0.0656423,0.0656423,1.06648,1.05851,0.01
4,1004,465,45670,0.0656423,0.0656423,1.06113,1.06404,0.01
4,1004,470,46160,0.0656423,0.0656423,1.06662,1.06047,0.01
4,1004,475,46650,0.0656423,0.0656423,1.07472,1.07509,0.01
4,1004,480,47140,0.0656423,0.0656423,1.00805,1.0464,0.01
4,1004,485,47630,0.0656423,0.0656423,1.06015,1.07083,0.01
4,1004,490,48120,0.0656423,0.0656423,1.05631,1.05329,0.01
4,1004,495,48610,0.0656423,0.0656423,1.04817,1.06675,0.01
4,1004,500,49100,0.0656423,0.0656423,1.08173,1.08255,0.01
4,1004,505,49590,0.0656423,0.0656423,1.08239,1.06858,0.01
4,1004,510,50000,0.0656423,0.0656423,0.943726,1.02972,0.01
5,1005,0,100,145.688,145.688,300.842,297.848,0.01
5,1005,5,590,23.6545,23.6545,73.4848,65.5567,0.01
5,1005,10,1080,2.97313,2.97313,13.6258,13.1243,0.01
5,1005,15,1570,1.43277,1.43277,2.71043,2.48366,0.01
5,1005,20,2060,1.05684,1.05684,1.36433,1.31871,0.01
5,1005,25,2550,1.02623,1.02623,1.17885,1.14429,0.01
5,1005,30,3040,0.937825,0.937825,1.11605,1.08991,0.01
5,1005,35,3530,0.822791,0.822791,1.11741,1.10001,0.01
5,1005,40,4020,0.822791,0.822791,1.08544,1.07326,0.01
5,1005,45,4510,0.692096,0.692096,1.10388,1.08493,0.01
5,1005,50,5000,0.692096,0.692096,1.09402,1.08013,0.01
5,1005,55,5490,0.628959,0.628959,1.08147,1.07561,0.01
5,1005,60,5980,0.628959,0.628959,1.08871,1.06851,0.01
5,1005,65,6470,0.628959,0.628959,1.07916,1.06427,0.01
5,1005,70,6960,0.628959,0.628959,1.08256,1.08109,0.01
5,1005,75,7450,0.619617,0.619617,1.11585,1.09336,0.01
5,1005,80,7940,0.619617,0.619617,1.08222,1.06433,0.01
5,1005,85,8430,0.619617,0.619617,1.08777,1.08185,0.01
5,1005,90,8920,0.619617,0.619617,1.07191,1.06848,0.01
5,1005,95,9410,0.617401,0.617401,1.08532,1.07441,0.01
5,1005,100,9900,0.617401,0.617401,1.07836,1.06045,0.01
5,1005,105,10390,0.617401,0.617401,1.08154,1.06622,0.01
5,1005,110,10880,0.617401,0.617401,1.06253,1.0487,0.01
5,1005,115,11370,0.617401,0.617401,1.0824,1.06298,0.01
5,1005,120,11860,0.602884,0.602884,1.09901,1.0716,0.01
5,1005,125,12350,0.602884,0.602884,1.08106,1.0749,0.01
5,1005,130,12840,0.602884,0.602884,1.09529,1.08939,0.01
5,1005,135,13330,0.602884,0.602884,1.07859,1.06832,0.01
5,1005,140,13820,0.602884,0.602884,1.08168,1.07035,0.01
5,1005,145,14310,0.602884,0.602884,1.10059,1.08804,0.01
5,1005,150,14800,0.602884,0.602884,1.10946,1.08543,0.01
5,1005,155,15290,0.602884,0.602884,1.09445,1.07658,0.01
5,1005,160,15780,0.602884,0.602884,1.07393,1.06568,0.01
5,1005,165,16270,0.602884,0.602884,1.06739,1.06378,0.01
5,1005,170,16760,0.590421,0.590421,1.09101,1.0906,0.01
5,1005,175,17250,0.590421,0.590421,1.08973,1.0852,0.01
5,1005,180,17740,0.590421,0.590421,1.08739,1.06351,0.01
5,1005,185,18230,0.590421,0.590421,1.08832,1.08617,0.01
5,1005,190,18720,0.586835,0.586835,1.08711,1.07825,0.01
5,1005,195,19210,0.586835,0.586835,1.0966,1.07719,0.01
5,1005,200,19700,0.586835,0.586835,1.07113,1.06577,0.01
5,1005,205,20190,0.586835,0.586835,1.08325,1.0738,0.01
5,1005,210,20680,0.58487,0.58487,1.11066,1.11308,0.01
5,1005,215,21170,0.58487,0.58487,1.12276,1.10516,0.01
5,1005,220,21660,0.56802,0.56802,1.09179,1.08556,0.01
5,1005,225,22150,0.567536,0.567536,1.10953,1.08722,0.01
5,1005,230,22640,0.567536,0.567536,1.09367,1.07746,0.01
5,1005,235,23130,0.567536,0.567536,1.09632,1.08211,0.01
5,1005,240,23620,0.567536,0.567536,1.07277,1.06542,0.01
5,1005,245,24110,0.42582,0.42582,1.0763,1.06959,0.01
5,1005,250,24600,0.42582,0.42582,1.08716,1.07727,0.01
5,1005,255,25090,0.388623,0.388623,1.09164,1.07844,0.01
5,1005,260,25580,0.388623,0.388623,1.12034,1.1161,0.01
5,1005,265,26070,0.388623,0.388623,1.11746,1.10661,0.01
5,1005,270,26560,0.388623,0.388623,1.12408,1.1095,0.01
5,1005,275,27050,0.388623,0.388623,1.12587,1.11348,0.01
5,1005,280,27540,0.388623,0.388623,1.12193,1.09497,0.01
5,1005,285,28030,0.388623,0.388623,1.09469,1.088,0.01
5,1005,290,28520,0.388623,0.388623,1.07348,1.06706,0.01
5,1005,295,29010,0.388623,0.388623,1.07205,1.07904,0.01
5,1005,300,29500,0.388623,0.388623,1.10316,1.10853,0.01
5,1005,305,29990,0.343174,0.343174,1.10612,1.09558,0.01
5,1005,310,30480,0.343174,0.343174,1.0754,1.07813,0.01
5,1005,315,30970,0.343174,0.343174,1.10131,1.09769,0.01
5,1005,320,31460,0.343174,0.343174,1.09098,1.08636,0.01
5,1005,325,31950,0.343174,0.343174,1.08405,1.08445,0.01
5,1005,330,32440,0.343174,0.343174,1.07953,1.07549,0.01
5,1005,335,32930,0.343174,0.343174,1.0871,1.07153,0.01
5,1005,340,33420,0.343174,0.343174,1.0781,1.07514,0.01
5,1005,345,33910,0.343174,0.343174,1.0939,1.081,0.01
5,1005,350,34400,0.343174,0.343174,1.08575,1.0742,0.01
5,1005,355,34890,0.343174,0.343174,1.10288,1.08451,0.01
5,1005,360,35380,0.343174,0.343174,1.11044,1.09052,0.01
5,1005,365,35870,0.343174,0.343174,1.11002,1.11017,0.01
5,1005,370,36360,0.343174,0.343174,1.12284,1.12365,0.01
5,1005,375,36850,0.343174,0.343174,1.12881,1.12151,0.01
5,1005,380,37340,0.343174,0.343174,1.09362,1.07814,0.01
5,1005,385,37830,0.343174,0.343174,1.08742,1.07492,0.01
5,1005,390,38320,0.343174,0.343174,1.06057,1.0807,0.01
5,1005,395,38810,0.325797,0.325797,1.11627,1.11496,0.01
5,1005,400,39300,0.325797,0.325797,1.11755,1.10299,0.01
5,1005,405,39790,0.325797,0.325797,1.10054,1.10952,0.01
5,1005,410,40280,0.325797,0.325797,1.0995,1.11023,0.01
5,1005,415,40770,0.304048,0.304048,1.11804,1.10424,0.01
5,1005,420,41260,0.304048,0.304048,1.12986,1.11529,0.01
5,1005,425,41750,0.304048,0.304048,1.0987,1.10364,0.01
5,1005,430,42240,0.304048,0.304048,1.10881,1.11586,0.01
5,1005,435,42730,0.304048,0.304048,1.08853,1.07779,0.01
5,1005,440,43220,0.304048,0.304048,1.06806,1.07424,0.01
5,1005,445,43710,0.304048,0.304048,1.11959,1.11494,0.01
5,1005,450,44200,0.304048,0.304048,1.08711,1.0771,0.01
5,1005,455,44690,0.304048,0.304048,1.09682,1.0847,0.01
5,1005,460,45180,0.304048,0.304048,1.058,1.06066,0.01
5,1005,465,45670,0.304048,0.304048,1.03422,1.04963,0.01
5,1005,470,46160,0.304048,0.304048,1.0714,1.06879,0.01
5,1005,475,46650,0.304048,0.304048,1.09941,1.10653,0.01
5,1005,480,47140,0.304048,0.304048,1.06556,1.07335,0.01
5,1005,485,47630,0.304048,0.304048,1.10153,1.08019,0.01
5,1005,490,48120,0.304048,0.304048,1.08948,1.08197,0.01
5,1005,495,48610,0.304048,0.304048,1.08291,1.07551,0.01
5,1005,500,49100,0.304048,0.304048,1.09115,1.09155,0.01
5,1005,505,49590,0.274977,0.274977,1.0857,1.08931,0.01
5,1005,510,50000,0.268037,0.268037,1.01497,1.07525,0.01
6,1006,0,100,113.529,113.529,299.95,290.41,0.01
6,1006,5,590,15.0673,15.0673,63.62,61.1522,0.01
6,1006,10,1080,3.10138,3.10138,9.64284,8.88342,0.01
6,1006,15,1570,1.31813,1.31813,2.68063,2.51928,0.01
6,1006,20,2060,1.06492,1.06492,1.36555,1.38229,0.01
6,1006,25,2550,0.619955,0.619955,1.14452,1.12786,0.01
6,1006,30,3040,0.619955,0.619955,1.1016,1.08745,0.01
6,1006,35,3530,0.619955,0.619955,1.07503,1.06493,0.01
6,1006,40,4020,0.619955,0.619955,1.0877,1.07879,0.01
6,1006,45,4510,0.557297,0.557297,1.08345,1.072,0.01
6,1006,50,5000,0.527105,0.527105,1.07357,1.05714,0.01
6,1006,55,5490,0.42386,0.42386,1.08854,1.07713,0.01
6,1006,60,5980,0.42386,0.42386,1.07544,1.07605,0.01
6,1006,65,6470,0.42386,0.42386,1.07111,1.07929,0.01
6,1006,70,6960,0.42386,0.42386,1.07647,1.07467,0.01
6,1006,75,7450,0.42386,0.42386,1.09776,1.07586,0.01
6,1006,80,7940,0.36305,0.36305,1.06541,1.05136,0.01
6,1006,85,8430,0.36305,0.36305,1.06479,1.05714,0.01
6,1006,90,8920,0.36305,0.36305,1.08809,1.07886,0.01
6,1006,95,9410,0.358696,0.358696,1.09313,1.0848,0.01
6,1006,100,9900,0.350297,0.350297,1.08524,1.07775,0.01
6,1006,105,10390,0.350297,0.350297,1.07506,1.08114,0.01
6,1006,110,10880,0.350297,0.350297,1.08943,1.08863,0.01
6,1006,115,11370,0.350297,0.350297,1.08208,1.06599,0.01
6,1006,120,11860,0.350297,0.350297,1.06053,1.05523,0.01
6,1006,125,12350,0.350297,0.350297,1.11322,1.09765,0.01
6,1006,130,12840,0.317164,0.317164,1.10015,1.10977,0.01
6,1006,135,13330,0.317164,0.317164,1.11325,1.11099,0.01
6,1006,140,13820,0.317164,0.317164,1.11115,1.08489,0.01
6,1006,145,14310,0.317164,0.317164,1.05894,1.06587,0.01
6,1006,150,14800,0.317164,0.317164,1.08102,1.07197,0.01
6,1006,155,15290,0.317164,0.317164,1.0731,1.07746,0.01
6,1006,160,15780,0.31716,0.31716,1.08819,1.10859,0.01
6,1006,165,16270,0.31716,0.31716,1.08301,1.07332,0.01
6,1006,170,16760,0.31716,0.31716,1.10119,1.09128,0.01
6,1006,175,17250,0.31716,0.31716,1.074,1.07802,0.01
6,1006,180,17740,0.31716,0.31716,1.08458,1.07424,0.01
6,1006,185,18230,0.31716,0.31716,1.09564,1.07641,0.01
6,1006,190,18720,0.250521,0.250521,1.09601,1.09392,0.01
6,1006,195,19210,0.250521,0.250521,1.08974,1.07181,0.01
6,1006,200,19700,0.250521,0.250521,1.05866,1.06593,0.01
6,1006,205,20190,0.250521,0.250521,1.08207,1.07631,0.01
6,1006,210,20680,0.250521,0.250521,1.06672,1.07251,0.01
6,1006,215,21170,0.250521,0.250521,1.06785,1.05853,0.01
6,1006,220,21660,0.250521,0.250521,1.07449,1.06451,0.01
6,1006,225,22150,0.250521,0.250521,1.09297,1.07739,0.01
6,1006,230,22640,0.250521,0.250521,1.06457,1.0751,0.01
6,1006,235,23130,0.250521,0.250521,1.06152,1.06128,0.01
6,1006,240,23620,0.250521,0.250521,1.07987,1.07103,0.01
6,1006,245,24110,0.250521,0.250521,1.06811,1.07642,0.01
6,1006,250,24600,0.250521,0.250521,1.08546,1.07266,0.01
6,1006,255,25090,0.235484,0.235484,1.08308,1.07929,0.01
6,1006,260,25580,0.231928,0.231928,1.09912,1.08426,0.01
6,1006,265,26070,0.231928,0.231928,1.06762,1.08682,0.01
6,1006,270,26560,0.231928,0.231928,1.09354,1.0984,0.01
6,1006,275,27050,0.231928,0.231928,1.10337,1.091,0.01
6,1006,280,27540,0.231928,0.231928,1.07986,1.06285,0.01
6,1006,285,28030,0.231928,0.231928,1.07678,1.08156,0.01
6,1006,290,28520,0.231928,0.231928,1.09118,1.08014,0.01
6,1006,295,29010,0.231928,0.231928,1.09911,1.09818,0.01
6,1006,300,29500,0.231928,0.231928,1.09888,1.08885,0.01
6,1006,305,29990,0.231928,0.231928,1.11576,1.11302,0.01
6,1006,310,30480,0.231928,0.231928,1.1364,1.11627,0.01
6,1006,315,30970,0.231928,0.231928,1.10905,1.0959,0.01
6,1006,320,31460,0.231928,0.231928,1.11615,1.11513,0.01
6,1006,325,31950,0.231928,0.231928,1.07182,1.09108,0.01
6,1006,330,32440,0.231928,0.231928,1.07888,1.10095,0.01
6,1006,335,32930,0.231928,0.231928,1.08266,1.0728,0.01
6,1006,340,33420,0.231928,0.231928,1.1002,1.09159,0.01
6,1006,345,33910,0.231928,0.231928,1.08135,1.08786,0.01
6,1006,350,34400,0.231928,0.231928,1.09907,1.09779,0.01
6,1006,355,34890,0.231928,0.231928,1.10709,1.09559,0.01
6,1006,360,35380,0.231928,0.231928,1.08702,1.08647,0.01
6,1006,365,35870,0.231928,0.231928,1.1095,1.09213,0.01
6,1006,370,36360,0.231928,0.231928,1.09039,1.08129,0.01
6,1006,375,36850,0.231928,0.231928,1.08102,1.06837,0.01
6,1006,380,37340,0.231928,0.231928,1.10443,1.10432,0.01
6,1006,385,37830,0.231928,0.231928,1.0505,1.06773,0.01
6,1006,390,38320,0.191902,0.191902,1.06566,1.08982,0.01
6,1006,395,38810,0.191902,0.191902,1.08366,1.07241,0.01
6,1006,400,39300,0.191902,0.191902,1.1,1.08977,0.01
6,1006,405,39790,0.191902,0.191902,1.09877,1.0898,0.01
6,1006,410,40280,0.191902,0.191902,1.08887,1.10368,0.01
6,1006,415,40770,0.191902,0.191902,1.10132,1.10645,0.01
6,1006,420,41260,0.191902,0.191902,1.09496,1.10261,0.01
6,1006,425,41750,0.191902,0.191902,1.07728,1.05946,0.01
6,1006,430,42240,0.191902,0.191902,1.08344,1.08261,0.01
6,1006,435,42730,0.191902,0.191902,1.06946,1.06553,0.01
6,1006,440,43220,0.191902,0.191902,1.09348,1.07987,0.01
6,1006,445,43710,0.191902,0.191902,1.06292,1.06404,0.01
6,1006,450,44200,0.191902,0.191902,1.01877,1.05596,0.01
6,1006,455,44690,0.191902,0.191902,1.08195,1.0786,0.01
6,1006,460,45180,0.191902,0.191902,1.09942,1.07701,0.01
6,1006,465,45670,0.191902,0.191902,1.0604,1.07322,0.01
6,1006,470,46160,0.191902,0.191902,1.06621,1.07313,0.01
6,1006,475,46650,0.191902,0.191902,1.08172,1.09027,0.01
6,1006,480,47140,0.191902,0.191902,1.06366,1.08069,0.01
6,1006,485,47630,0.191902,0.191902,1.08236,1.07697,0.01
6,1006,490,48120,0.183706,0.183706,1.08844,1.09802,0.01
6,1006,495,48610,0.183706,0.183706,1.07582,1.07673,0.01
6,1006,500,49100,0.183706,0.183706,1.06514,1.07522,0.01
6,1006,505,49590,0.183706,0.183706,1.10143,1.10362,0.01
6,1006,510,50000,0.183706,0.183706,0.98389,1.0645,0.01
7,1007,0,100,124.327,124.327,294.892,287.17,0.01
7,1007,5,590,17.0346,17.0346,80.2374,70.9832,0.01
7,1007,10,1080,4.1596,4.1596,14.525,13.6892,0.01
7,1007,15,1570,2.08837,2.08837,3.9644,3.8849,0.01
7,1007,20,2060,1.20056,1.20056,1.79279,1.70967,0.01
7,1007,25,2550,1.05999,1.05999,1.26566,1.23541,0.01
7,1007,30,3040,0.929075,0.929075,1.11022,1.09045,0.01
7,1007,35,3530,0.769814,0.769814,1.08215,1.06561,0.01
7,1007,40,4020,0.769814,0.769814,1.07113,1.0517,0.01
7,1007,45,4510,0.769814,0.769814,1.08492,1.07409,0.01
7,1007,50,5000,0.769814,0.769814,1.06776,1.05556,0.01
7,1007,55,5490,0.769814,0.769814,1.09464,1.08154,0.01
7,1007,60,5980,0.769814,0.769814,1.08892,1.07283,0.01
7,1007,65,6470,0.694003,0.694003,1.07956,1.06506,0.01
7,1007,70,6960,0.694003,0.694003,1.08542,1.07249,0.01
7,1007,75,7450,0.555756,0.555756,1.07757,1.07864,0.01
7,1007,80,7940,0.534663,0.534663,1.0555,1.06284,0.01
7,1007,85,8430,0.534663,0.534663,1.08286,1.0757,0.01
7,1007,90,8920,0.534663,0.534663,1.05479,1.05439,0.01
7,1007,95,9410,0.455249,0.455249,1.05322,1.05875,0.01
7,1007,100,9900,0.455249,0.455249,1.07033,1.0733,0.01
7,1007,105,10390,0.415489,0.415489,1.08197,1.0775,0.01
7,1007,110,10880,0.394918,0.394918,1.12161,1.10721,0.01
7,1007,115,11370,0.394918,0.394918,1.08323,1.08051,0.01
7,1007,120,11860,0.394918,0.394918,1.08271,1.06067,0.01
7,1007,125,12350,0.331073,0.331073,1.05447,1.06079,0.01
7,1007,130,12840,0.31926,0.31926,1.07803,1.08142,0.01
7,1007,135,13330,0.316709,0.316709,1.06596,1.07558,0.01
7,1007,140,13820,0.316709,0.316709,1.05941,1.06074,0.01
7,1007,145,14310,0.316709,0.316709,1.07495,1.08332,0.01
7,1007,150,14800,0.316709,0.316709,1.05437,1.06899,0.01
7,1007,155,15290,0.316709,0.316709,1.07026,1.05926,0.01
7,1007,160,15780,0.316709,0.316709,1.04875,1.06375,0.01
7,1007,165,16270,0.316709,0.316709,1.06993,1.06429,0.01
7,1007,170,16760,0.316709,0.316709,1.05699,1.0543,0.01
7,1007,175,17250,0.316709,0.316709,1.05212,1.04762,0.01
7,1007,180,17740,0.261759,0.261759,1.05089,1.05093,0.01
7,1007,185,18230,0.261759,0.261759,1.07585,1.08629,0.01
7,1007,190,18720,0.261759,0.261759,1.07111,1.06814,0.01
7,1007,195,19210,0.261759,0.261759,1.08258,1.078,0.01
7,1007,200,19700,0.261759,0.261759,1.07606,1.07661,0.01
7,1007,205,20190,0.261759,0.261759,1.05795,1.05718,0.01
7,1007,210,20680,0.261759,0.261759,1.05908,1.06685,0.01
7,1007,215,21170,0.261759,0.261759,1.08166,1.08265,0.01
7,1007,220,21660,0.261759,0.261759,1.09375,1.08911,0.01
7,1007,225,22150,0.25783,0.25783,1.08086,1.07386,0.01
7,1007,230,22640,0.25783,0.25783,1.06016,1.0715,0.01
7,1007,235,23130,0.25783,0.25783,1.10371,1.08372,0.01
7,1007,240,23620,0.25783,0.25783,1.06983,1.06375,0.01
7,1007,245,24110,0.25783,0.25783,1.05766,1.0619,0.01
7,1007,250,24600,0.25783,0.25783,1.08026,1.08469,0.01
7,1007,255,25090,0.25783,0.25783,1.06888,1.0665,0.01
7,1007,260,25580,0.245144,0.245144,1.08269,1.06756,0.01
7,1007,265,26070,0.245144,0.245144,1.08978,1.0712,0.01
7,1007,270,26560,0.245144,0.245144,1.08101,1.08286,0.01
7,1007,275,27050,0.245144,0.245144,1.07374,1.06255,0.01
7,1007,280,27540,0.245144,0.245144,1.06669,1.05624,0.01
7,1007,285,28030,0.245144,0.245144,1.0606,1.05838,0.01
7,1007,290,28520,0.245144,0.245144,1.06578,1.06322,0.01
7,1007,295,29010,0.245144,0.245144,1.08522,1.06258,0.01
7,1007,300,29500,0.245144,0.245144,1.05659,1.0676,0.01
7,1007,305,29990,0.240043,0.240043,1.08473,1.08881,0.01
7,1007,310,30480,0.240043,0.240043,1.06796,1.07665,0.01
7,1007,315,30970,0.240043,0.240043,1.09346,1.07715,0.01
7,1007,320,31460,0.240043,0.240043,1.09951,1.08683,0.01
7,1007,325,31950,0.240043,0.240043,1.08789,1.08048,0.01
7,1007,330,32440,0.240043,0.240043,1.08342,1.0841,0.01
7,1007,335,32930,0.240043,0.240043,1.08911,1.05921,0.01
7,1007,340,33420,0.222365,0.222365,1.06812,1.06127,0.01
7,1007,345,33910,0.221134,0.221134,1.07375,1.05339,0.01
7,1007,350,34400,0.221134,0.221134,1.06506,1.06069,0.01
7,1007,355,34890,0.221134,0.221134,1.05551,1.06732,0.01
7,1007,360,35380,0.221134,0.221134,1.08173,1.07955,0.01
7,1007,365,35870,0.221134,0.221134,1.06486,1.077,0.01
7,1007,370,36360,0.221134,0.221134,1.06739,1.07514,0.01
7,1007,375,36850,0.221134,0.221134,1.06931,1.06992,0.01
7,1007,380,37340,0.221134,0.221134,1.06415,1.07338,0.01
7,1007,385,37830,0.220995,0.220995,1.08833,1.07463,0.01
7,1007,390,38320,0.220995,0.220995,1.07722,1.07159,0.01
7,1007,395,38810,0.220995,0.220995,1.06457,1.06378,0.01
7,1007,400,39300,0.220995,0.220995,1.07254,1.05462,0.01
7,1007,405,39790,0.220995,0.220995,1.07242,1.08721,0.01
7,1007,410,40280,0.220995,0.220995,1.05911,1.05776,0.01
7,1007,415,40770,0.220995,0.220995,1.07555,1.0851,0.01
7,1007,420,41260,0.220995,0.220995,1.07469,1.09123,0.01
7,1007,425,41750,0.220995,0.220995,1.06567,1.08311,0.01
7,1007,430,42240,0.220995,0.220995,1.06711,1.06322,0.01
7,1007,435,42730,0.220995,0.220995,1.055,1.06583,0.01
7,1007,440,43220,0.220995,0.220995,1.08298,1.07821,0.01
7,1007,445,43710,0.220995,0.220995,1.04463,1.07195,0.01
7,1007,450,44200,0.220995,0.220995,1.09198,1.07305,0.01
7,1007,455,44690,0.220995,0.220995,1.0836,1.08314,0.01
7,1007,460,45180,0.220995,0.220995,1.06124,1.0887,0.01
7,1007,465,45670,0.220995,0.220995,1.10974,1.08567,0.01
7,1007,470,46160,0.220995,0.220995,1.08353,1.0884,0.01
7,1007,475,46650,0.220995,0.220995,1.08266,1.07749,0.01
7,1007,480,47140,0.220995,0.220995,1.04519,1.05371,0.01
7,1007,485,47630,0.220995,0.220995,1.11587,1.08341,0.01
7,1007,490,48120,0.220995,0.220995,1.06229,1.05588,0.01
7,1007,495,48610,0.220995,0.220995,1.1045,1.08948,0.01
7,1007,500,49100,0.220995,0.220995,1.0638,1.06366,0.01
7,1007,505,49590,0.220995,0.220995,1.09848,1.07594,0.01
7,1007,510,50000,0.220995,0.220995,1.06911,1.07778,0.01
8,1008,0,100,76.6344,76.6344,289.998,277.601,0.01
8,1008,5,590,14.2324,14.2324,58.0833,52.7497,0.01
8,1008,10,1080,3.51647,3.51647,11.6864,10.6305,0.01
8,1008,15,1570,1.38539,1.38539,3.12636,2.99517,0.01
8,1008,20,2060,0.938749,0.938749,1.4714,1.4186,0.01
8,1008,25,2550,0.648901,0.648901,1.17612,1.16113,0.01
8,1008,30,3040,0.648901,0.648901,1.1113,1.09562,0.01
8,1008,35,3530,0.648901,0.648901,1.08769,1.07292,0.01
8,1008,40,4020,0.438437,0.438437,1.0923,1.09069,0.01
8,1008,45,4510,0.370526,0.370526,1.07249,1.06453,0.01
8,1008,50,5000,0.370526,0.370526,1.0701,1.08727,0.01
8,1008,55,5490,0.370526,0.370526,1.1102,1.08501,0.01
8,1008,60,5980,0.370526,0.370526,1.07683,1.07352,0.01
8,1008,65,6470,0.318893,0.318893,1.0913,1.08448,0.01
8,1008,70,6960,0.318893,0.318893,1.07919,1.06653,0.01
8,1008,75,7450,0.318893,0.318893,1.10321,1.08955,0.01
8,1008,80,7940,0.318893,0.318893,1.07863,1.08274,0.01
8,1008,85,8430,0.318893,0.318893,1.08798,1.08093,0.01
8,1008,90,8920,0.318893,0.318893,1.08866,1.09181,0.01
8,1008,95,9410,0.318893,0.318893,1.09798,1.08175,0.01
8,1008,100,9900,0.25263,0.25263,1.05027,1.06993,0.01
8,1008,105,10390,0.25263,0.25263,1.0814,1.08448,0.01
8,1008,110,10880,0.25263,0.25263,1.04398,1.04875,0.01
8,1008,115,11370,0.25263,0.25263,1.07988,1.09625,0.01
8,1008,120,11860,0.25263,0.25263,1.09077,1.09014,0.01
8,1008,125,12350,0.209281,0.209281,1.09131,1.08958,0.01
8,1008,130,12840,0.209281,0.209281,1.08633,1.08134,0.01
8,1008,135,13330,0.185145,0.185145,1.04972,1.06229,0.01
8,1008,140,13820,0.185145,0.185145,1.07973,1.06796,0.01
8,1008,145,14310,0.18502,0.18502,1.05845,1.06406,0.01
8,1008,150,14800,0.18502,0.18502,1.08231,1.07411,0.01
8,1008,155,15290,0.18502,0.18502,1.05883,1.0597,0.01
8,1008,160,15780,0.18502,0.18502,1.08627,1.10681,0.01
8,1008,165,16270,0.18502,0.18502,1.08382,1.08307,0.01
8,1008,170,16760,0.18502,0.18502,1.07619,1.07362,0.01
8,1008,175,17250,0.18502,0.18502,1.09461,1.09145,0.01
8,1008,180,17740,0.18502,0.18502,1.0858,1.07444,0.01
8,1008,185,18230,0.18502,0.18502,1.03985,1.06832,0.01
8,1008,190,18720,0.18502,0.18502,1.07697,1.08312,0.01
8,1008,195,19210,0.18502,0.18502,1.06453,1.08815,0.01
8,1008,200,19700,0.18502,0.18502,1.08161,1.07772,0.01
8,1008,205,20190,0.18502,0.18502,1.08142,1.08948,0.01
8,1008,210,20680,0.18502,0.18502,1.07996,1.08415,0.01
8,1008,215,21170,0.18502,0.18502,1.08475,1.0973,0.01
8,1008,220,21660,0.18502,0.18502,1.05167,1.07573,0.01
8,1008,225,22150,0.18502,0.18502,1.09737,1.09397,0.01
8,1008,230,22640,0.18502,0.18502,1.07201,1.06665,0.01
8,1008,235,23130,0.18502,0.18502,1.06644,1.07211,0.01
8,1008,240,23620,0.18502,0.18502,1.07327,1.07147,0.01
8,1008,245,24110,0.18502,0.18502,1.05481,1.06636,0.01
8,1008,250,24600,0.18502,0.18502,1.08345,1.0768,0.01
8,1008,255,25090,0.18502,0.18502,1.05702,1.05756,0.01
8,1008,260,25580,0.18502,0.18502,1.05958,1.07525,0.01
8,1008,265,26070,0.18502,0.18502,1.08376,1.07335,0.01
8,1008,270,26560,0.18502,0.18502,1.06289,1.0865,0.01
8,1008,275,27050,0.18502,0.18502,1.08633,1.08895,0.01
8,1008,280,27540,0.18502,0.18502,1.09185,1.08352,0.01
8,1008,285,28030,0.18502,0.18502,1.09977,1.08845,0.01
8,1008,290,28520,0.18502,0.18502,1.07394,1.07077,0.01
8,1008,295,29010,0.170421,0.170421,1.02519,1.05675,0.01
8,1008,300,29500,0.170421,0.170421,1.07053,1.08061,0.01
8,1008,305,29990,0.170421,0.170421,1.08373,1.08052,0.01
8,1008,310,30480,0.170421,0.170421,1.09894,1.08785,0.01
8,1008,315,30970,0.170421,0.170421,1.07924,1.08773,0.01
8,1008,320,31460,0.170421,0.170421,1.07141,1.07601,0.01
8,1008,325,31950,0.170421,0.170421,1.08712,1.06301,0.01
8,1008,330,32440,0.170421,0.170421,1.05514,1.05868,0.01
8,1008,335,32930,0.170421,0.170421,1.08183,1.08157,0.01
8,1008,340,33420,0.170421,0.170421,1.06215,1.05879,0.01
8,1008,345,33910,0.170421,0.170421,1.09426,1.08851,0.01
8,1008,350,34400,0.170421,0.170421,1.0859,1.08938,0.01
8,1008,355,34890,0.170421,0.170421,1.07061,1.09298,0.01
8,1008,360,35380,0.170421,0.170421,1.08351,1.0824,0.01
8,1008,365,35870,0.170421,0.170421,1.06825,1.07049,0.01
8,1008,370,36360,0.170421,0.170421,1.05487,1.06765,0.01
8,1008,375,36850,0.170421,0.170421,1.05911,1.06238,0.01
8,1008,380,37340,0.170421,0.170421,1.09086,1.07841,0.01
8,1008,385,37830,0.170421,0.170421,1.09161,1.07675,0.01
8,1008,390,38320,0.170421,0.170421,1.06951,1.08232,0.01
8,1008,395,38810,0.170421,0.170421,1.07944,1.08513,0.01
8,1008,400,39300,0.170421,0.170421,1.07748,1.08678,0.01
8,1008,405,39790,0.170421,0.170421,1.08429,1.0874,0.01
8,1008,410,40280,0.170421,0.170421,1.07365,1.08298,0.01
8,1008,415,40770,0.170421,0.170421,1.09371,1.08964,0.01
8,1008,420,41260,0.170421,0.170421,1.07343,1.08523,0.01
8,1008,425,41750,0.129863,0.129863,1.08402,1.08558,0.01
8,1008,430,42240,0.129863,0.129863,1.05044,1.09071,0.01
8,1008,435,42730,0.129863,0.129863,1.10612,1.10995,0.01
8,1008,440,43220,0.129863,0.129863,1.12185,1.09493,0.01
8,1008,445,43710,0.129863,0.129863,1.08274,1.0812,0.01
8,1008,450,44200,0.119041,0.119041,1.06973,1.0842,0.01
8,1008,455,44690,0.119041,0.119041,1.07534,1.07411,0.01
8,1008,460,45180,0.119041,0.119041,1.0764,1.08419,0.01
8,1008,465,45670,0.119041,0.119041,1.07876,1.07911,0.01
8,1008,470,46160,0.119041,0.119041,1.08847,1.0872,0.01
8,1008,475,46650,0.119041,0.119041,1.08245,1.06208,0.01
8,1008,480,47140,0.119041,0.119041,1.10354,1.08321,0.01
8,1008,485,47630,0.119041,0.119041,1.07127,1.07651,0.01
8,1008,490,48120,0.119041,0.119041,1.11473,1.09722,0.01
8,1008,495,48610,0.119041,0.119041,1.06501,1.07898,0.01
8,1008,500,49100,0.117674,0.117674,1.05636,1.05948,0.01
8,1008,505,49590,0.117674,0.117674,1.05207,1.06728,0.01
8,1008,510,50000,0.117674,0.117674,0.987405,1.06579,0.01
9,1009,0,100,121.784,121.784,301.293,292.281,0.01
9,1009,5,590,26.3779,26.3779,80.7517,71.9435,0.01
9,1009,10,1080,6.23077,6.23077,17.1051,15.1833,0.01
9,1009,15,1570,1.61632,1.61632,4.20481,3.87495,0.01
9,1009,20,2060,1.12575,1.12575,1.42776,1.36927,0.01
9,1009,25,2550,0.975294,0.975294,1.13104,1.10518,0.01
9,1009,30,3040,0.694376,0.694376,1.0872,1.07125,0.01
9,1009,35,3530,0.529583,0.529583,1.09779,1.07598,0.01
9,1009,40,4020,0.529583,0.529583,1.06054,1.05458,0.01
9,1009,45,4510,0.529583,0.529583,1.06669,1.06116,0.01
9,1009,50,5000,0.455994,0.455994,1.08996,1.06041,0.01
9,1009,55,5490,0.455994,0.455994,1.07016,1.07199,0.01
9,1009,60,5980,0.455994,0.455994,1.0937,1.07553,0.01
9,1009,65,6470,0.455994,0.455994,1.10601,1.09341,0.01
9,1009,70,6960,0.455994,0.455994,1.04933,1.06838,0.01
9,1009,75,7450,0.455994,0.455994,1.11517,1.10178,0.01
9,1009,80,7940,0.414562,0.414562,1.10334,1.09237,0.01
9,1009,85,8430,0.414562,0.414562,1.08066,1.07483,0.01
9,1009,90,8920,0.373293,0.373293,1.05721,1.0689,0.01
9,1009,95,9410,0.373293,0.373293,1.06654,1.07736,0.01
9,1009,100,9900,0.373293,0.373293,1.0912,1.08175,0.01
9,1009,105,10390,0.373293,0.373293,1.0612,1.07233,0.01
9,1009,110,10880,0.373293,0.373293,1.05433,1.05866,0.01
9,1009,115,11370,0.373293,0.373293,1.0779,1.0735,0.01
9,1009,120,11860,0.373293,0.373293,1.07245,1.06957,0.01
9,1009,125,12350,0.373293,0.373293,1.08335,1.06365,0.01
9,1009,130,12840,0.373293,0.373293,1.10098,1.08192,0.01
9,1009,135,13330,0.373293,0.373293,1.1017,1.08622,0.01
9,1009,140,13820,0.373293,0.373293,1.08335,1.0759,0.01
9,1009,145,14310,0.373293,0.373293,1.08569,1.06538,0.01
9,1009,150,14800,0.327466,0.327466,1.10089,1.09024,0.01
9,1009,155,15290,0.327466,0.327466,1.0969,1.08713,0.01
9,1009,160,15780,0.276124,0.276124,1.09757,1.09289,0.01
9,1009,165,16270,0.276124,0.276124,1.09149,1.09025,0.01
9,1009,170,16760,0.276124,0.276124,1.06654,1.07035,0.01
9,1009,175,17250,0.276124,0.276124,1.06865,1.07139,0.01
9,1009,180,17740,0.209071,0.209071,1.08481,1.08322,0.01
9,1009,185,18230,0.209071,0.209071,1.05812,1.07111,0.01
9,1009,190,18720,0.209071,0.209071,1.08838,1.0873,0.01
9,1009,195,19210,0.209071,0.209071,1.087,1.07207,0.01
9,1009,200,19700,0.209071,0.209071,1.08189,1.08637,0.01
9,1009,205,20190,0.20719,0.20719,1.10757,1.10832,0.01
9,1009,210,20680,0.20719,0.20719,1.09314,1.09147,0.01
9,1009,215,21170,0.20719,0.20719,1.07619,1.08393,0.01
9,1009,220,21660,0.20719,0.20719,1.06142,1.05779,0.01
9,1009,225,22150,0.20719,0.20719,1.04743,1.05652,0.01
9,1009,230,22640,0.20719,0.20719,1.04533,1.06566,0.01
9,1009,235,23130,0.206628,0.206628,1.10955,1.10685,0.01
9,1009,240,23620,0.206628,0.206628,1.07691,1.0583,0.01
9,1009,245,24110,0.206628,0.206628,1.06791,1.06962,0.01
9,1009,250,24600,0.206628,0.206628,1.06291,1.06162,0.01
9,1009,255,25090,0.206628,0.206628,1.0792,1.07019,0.01
9,1009,260,25580,0.2061,0.2061,1.09585,1.09056,0.01
9,1009,265,26070,0.2061,0.2061,1.0844,1.08065,0.01
9,1009,270,26560,0.2061,0.2061,1.08767,1.07999,0.01
9,1009,275,27050,0.2061,0.2061,1.08107,1.06879,0.01
9,1009,280,27540,0.2061,0.2061,1.10111,1.09685,0.01
9,1009,285,28030,0.2061,0.2061,1.12078,1.12035,0.01
9,1009,290,28520,0.2061,0.2061,1.13198,1.14036,0.01
9,1009,295,29010,0.2061,0.2061,1.08507,1.08113,0.01
9,1009,300,29500,0.197196,0.197196,1.09804,1.07406,0.01
9,1009,305,29990,0.195998,0.195998,1.05908,1.07154,0.01
9,1009,310,30480,0.195998,0.195998,1.10322,1.10767,0.01
9,1009,315,30970,0.195998,0.195998,1.09274,1.08155,0.01
9,1009,320,31460,0.180227,0.180227,1.07907,1.0842,0.01
9,1009,325,31950,0.180227,0.180227,1.07037,1.07335,0.01
9,1009,330,32440,0.180227,0.180227,1.07658,1.07586,0.01
9,1009,335,32930,0.180227,0.180227,1.07593,1.06798,0.01
9,1009,340,33420,0.178756,0.178756,1.0732,1.06985,0.01
9,1009,345,33910,0.178756,0.178756,1.09479,1.08276,0.01
9,1009,350,34400,0.178756,0.178756,1.08579,1.0771,0.01
9,1009,355,34890,0.178756,0.178756,1.06131,1.0706,0.01
9,1009,360,35380,0.178756,0.178756,1.07207,1.09166,0.01
9,1009,365,35870,0.178756,0.178756,1.12624,1.09839,0.01
9,1009,370,36360,0.178756,0.178756,1.05919,1.08006,0.01
9,1009,375,36850,0.178756,0.178756,1.05393,1.06945,0.01
9,1009,380,37340,0.178756,0.178756,1.1164,1.08905,0.01
9,1009,385,37830,0.178756,0.178756,1.0956,1.08392,0.01
9,1009,390,38320,0.178756,0.178756,1.07211,1.06061,0.01
9,1009,395,38810,0.178756,0.178756,1.09144,1.08593,0.01
9,1009,400,39300,0.178756,0.178756,1.08697,1.08395,0.01
9,1009,405,39790,0.178756,0.178756,1.0746,1.09347,0.01
9,1009,410,40280,0.178756,0.178756,1.08954,1.08668,0.01
9,1009,415,40770,0.178756,0.178756,1.08394,1.07905,0.01
9,1009,420,41260,0.178756,0.178756,1.08824,1.08302,0.01
9,1009,425,41750,0.175291,0.175291,1.08061,1.07722,0.01
9,1009,430,42240,0.175291,0.175291,1.08737,1.09223,0.01
9,1009,435,42730,0.175291,0.175291,1.04721,1.07228,0.01
9,1009,440,43220,0.175291,0.175291,1.10165,1.09814,0.01
9,1009,445,43710,0.175291,0.175291,1.07798,1.08856,0.01
9,1009,450,44200,0.175291,0.175291,1.0649,1.07396,0.01
9,1009,455,44690,0.175291,0.175291,1.05096,1.07636,0.01
9,1009,460,45180,0.175291,0.175291,1.0739,1.07279,0.01
9,1009,465,45670,0.175291,0.175291,1.07136,1.07516,0.01
9,1009,470,46160,0.175291,0.175291,1.07437,1.06897,0.01
9,1009,475,46650,0.175291,0.175291,1.0682,1.07936,0.01
9,1009,480,47140,0.175291,0.175291,1.06477,1.07062,0.01
9,1009,485,47630,0.175291,0.175291,1.04687,1.06858,0.01
9,1009,490,48120,0.175291,0.175291,1.08564,1.10095,0.01
9,1009,495,48610,0.175291,0.175291,1.09097,1.08172,0.01
9,1009,500,49100,0.175291,0.175291,1.07153,1.08268,0.01
9,1009,505,49590,0.175291,0.175291,1.03204,1.05271,0.01
9,1009,510,50000,0.175291,0.175291,1.00183,1.07655,0.01
10,1010,0,100,116.55,116.55,303.127,301.111,0.01
10,1010,5,590,8.16817,8.16817,49.5386,45.5829,0.01
10,1010,10,1080,2.99742,2.99742,7.0387,6.78122,0.01
10,1010,15,1570,1.3557,1.3557,2.26846,2.15795,0.01
10,1010,20,2060,0.858777,0.858777,1.30824,1.30781,0.01
10,1010,25,2550,0.493619,0.493619,1.12972,1.12166,0.01
10,1010,30,3040,0.493619,0.493619,1.09398,1.07843,0.01
10,1010,35,3530,0.493619,0.493619,1.06944,1.06327,0.01
10,1010,40,4020,0.493619,0.493619,1.07675,1.07213,0.01
10,1010,45,4510,0.493619,0.493619,1.08393,1.07497,0.01
10,1010,50,5000,0.493619,0.493619,1.09192,1.09279,0.01
10,1010,55,5490,0.493619,0.493619,1.08172,1.07916,0.01
10,1010,60,5980,0.493619,0.493619,1.09913,1.09389,0.01
10,1010,65,6470,0.493619,0.493619,1.09272,1.0838,0.01
10,1010,70,6960,0.493619,0.493619,1.06498,1.06671,0.01
10,1010,75,7450,0.493619,0.493619,1.10039,1.08224,0.01
10,1010,80,7940,0.493619,0.493619,1.07183,1.0623,0.01
10,1010,85,8430,0.378281,0.378281,1.08532,1.08492,0.01
10,1010,90,8920,0.378281,0.378281,1.09184,1.08731,0.01
10,1010,95,9410,0.378281,0.378281,1.10178,1.09392,0.01
10,1010,100,9900,0.378281,0.378281,1.08464,1.07095,0.01
10,1010,105,10390,0.378281,0.378281,1.11834,1.10754,0.01
10,1010,110,10880,0.378281,0.378281,1.08422,1.07343,0.01
10,1010,115,11370,0.378281,0.378281,1.08338,1.07356,0.01
10,1010,120,11860,0.235445,0.235445,1.14935,1.11015,0.01
10,1010,125,12350,0.235445,0.235445,1.0882,1.08642,0.01
10,1010,130,12840,0.235445,0.235445,1.09633,1.08941,0.01
10,1010,135,13330,0.235445,0.235445,1.09703,1.09697,0.01
10,1010,140,13820,0.235445,0.235445,1.07484,1.05825,0.01
10,1010,145,14310,0.235445,0.235445,1.05974,1.07282,0.01
10,1010,150,14800,0.235445,0.235445,1.06208,1.06825,0.01
10,1010,155,15290,0.235445,0.235445,1.0707,1.08578,0.01
10,1010,160,15780,0.235445,0.235445,1.05831,1.04918,0.01
10,1010,165,16270,0.235445,0.235445,1.10012,1.09525,0.01
10,1010,170,16760,0.235445,0.235445,1.09646,1.08603,0.01
10,1010,175,17250,0.235445,0.235445,1.11289,1.09355,0.01
10,1010,180,17740,0.235445,0.235445,1.08637,1.07781,0.01
10,1010,185,18230,0.235445,0.235445,1.03377,1.05469,0.01
10,1010,190,18720,0.235445,0.235445,1.08205,1.06634,0.01
10,1010,195,19210,0.184229,0.184229,1.00141,1.06847,0.01
10,1010,200,19700,0.170316,0.170316,1.09144,1.09238,0.01
10,1010,205,20190,0.170316,0.170316,1.07548,1.08407,0.01
10,1010,210,20680,0.170316,0.170316,1.06531,1.06766,0.01
10,1010,215,21170,0.170316,0.170316,1.08317,1.07907,0.01
10,1010,220,21660,0.170316,0.170316,1.0824,1.07277,0.01
10,1010,225,22150,0.170316,0.170316,1.05923,1.07844,0.01
10,1010,230,22640,0.170316,0.170316,1.11141,1.09949,0.01
10,1010,235,23130,0.170316,0.170316,1.03896,1.05991,0.01
10,1010,240,23620,0.170316,0.170316,1.09179,1.10233,0.01
10,1010,245,24110,0.170316,0.170316,1.1019,1.10212,0.01
10,1010,250,24600,0.170316,0.170316,1.06384,1.0759,0.01
10,1010,255,25090,0.170316,0.170316,1.09012,1.08723,0.01
10,1010,260,25580,0.170316,0.170316,1.08069,1.07583,0.01
10,1010,265,26070,0.160972,0.160972,1.10041,1.0969,0.01
10,1010,270,26560,0.160972,0.160972,1.07263,1.07603,0.01
10,1010,275,27050,0.160972,0.160972,1.05518,1.0786,0.01
10,1010,280,27540,0.160972,0.160972,1.09171,1.08377,0.01
10,1010,285,28030,0.160972,0.160972,1.07172,1.07244,0.01
10,1010,290,28520,0.160972,0.160972,1.07538,1.06424,0.01
10,1010,295,29010,0.160972,0.160972,1.09352,1.1072,0.01
10,1010,300,29500,0.160972,0.160972,1.08933,1.07973,0.01
10,1010,305,29990,0.160972,0.160972,1.09753,1.09722,0.01
10,1010,310,30480,0.160972,0.160972,1.07898,1.0891,0.01
10,1010,315,30970,0.144124,0.144124,1.06031,1.07843,0.01
10,1010,320,31460,0.144124,0.144124,1.07591,1.09065,0.01
10,1010,325,31950,0.144124,0.144124,1.10972,1.10065,0.01
10,1010,330,32440,0.144124,0.144124,1.07652,1.08053,0.01
10,1010,335,32930,0.144124,0.144124,1.08133,1.07923,0.01
10,1010,340,33420,0.144124,0.144124,1.05829,1.05663,0.01
10,1010,345,33910,0.144124,0.144124,1.07326,1.06952,0.01
10,1010,350,34400,0.144124,0.144124,1.07029,1.06116,0.01
10,1010,355,34890,0.144124,0.144124,1.06934,1.06855,0.01
10,1010,360,35380,0.144124,0.144124,1.09403,1.08266,0.01
10,1010,365,35870,0.144124,0.144124,1.04264,1.06663,0.01
10,1010,370,36360,0.144124,0.144124,1.05266,1.06142,0.01
10,1010,375,36850,0.144124,0.144124,1.06702,1.06341,0.01
10,1010,380,37340,0.144124,0.144124,1.04452,1.06473,0.01
10,1010,385,37830,0.142802,0.142802,1.0827,1.08518,0.01
10,1010,390,38320,0.142802,0.142802,1.13297,1.1211,0.01
10,1010,395,38810,0.142802,0.142802,1.0666,1.07172,0.01
10,1010,400,39300,0.142802,0.142802,1.07192,1.07872,0.01
10,1010,405,39790,0.142802,0.142802,1.09966,1.10959,0.01
10,1010,410,40280,0.142802,0.142802,1.07455,1.07043,0.01
10,1010,415,40770,0.142802,0.142802,1.07092,1.07844,0.01
10,1010,420,41260,0.142802,0.142802,1.05023,1.06142,0.01
10,1010,425,41750,0.142802,0.142802,1.0895,1.08645,0.01
10,1010,430,42240,0.142802,0.142802,1.06394,1.08221,0.01
10,1010,435,42730,0.142802,0.142802,1.10316,1.1057,0.01
10,1010,440,43220,0.142802,0.142802,1.06478,1.07491,0.01
10,1010,445,43710,0.142802,0.142802,1.10181,1.0896,0.01
10,1010,450,44200,0.142802,0.142802,1.07945,1.07713,0.01
10,1010,455,44690,0.142802,0.142802,1.07083,1.07368,0.01
10,1010,460,45180,0.142802,0.142802,1.07633,1.08599,0.01
10,1010,465,45670,0.104336,0.104336,1.05232,1.06499,0.01
10,1010,470,46160,0.104336,0.104336,1.06299,1.07885,0.01
10,1010,475,46650,0.103746,0.103746,1.08495,1.08256,0.01
10,1010,480,47140,0.103746,0.103746,1.06863,1.06032,0.01
10,1010,485,47630,0.103746,0.103746,1.09718,1.08488,0.01
10,1010,490,48120,0.0946767,0.0946767,1.08809,1.08106,0.01
10,1010,495,48610,0.0946767,0.0946767,1.09571,1.09541,0.01
10,1010,500,49100,0.0946767,0.0946767,1.09373,1.09888,0.01
10,1010,505,49590,0.0946767,0.0946767,1.09219,1.09776,0.01
10,1010,510,50000,0.0946767,0.0946767,1.04183,1.11958,0.01
11,1011,0,100,115.384,115.384,290.399,296.728,0.01
11,1011,5,590,7.27598,7.27598,41.4624,37.3148,0.01
11,1011,10,1080,2.25313,2.25313,6.23484,5.66917,0.01
11,1011,15,1570,1.21457,1.21457,1.82426,1.79905,0.01
11,1011,20,2060,1.07816,1.07816,1.29361,1.27671,0.01
11,1011,25,2550,1.00038,1.00038,1.13776,1.09684,0.01
11,1011,30,3040,0.971892,0.971892,1.12149,1.08858,0.01
11,1011,35,3530,0.927307,0.927307,1.07747,1.0619,0.01
11,1011,40,4020,0.672864,0.672864,1.05566,1.05032,0.01
11,1011,45,4510,0.580447,0.580447,1.07674,1.06517,0.01
11,1011,50,5000,0.512194,0.512194,1.0654,1.06509,0.01
11,1011,55,5490,0.406524,0.406524,1.07987,1.06861,0.01
11,1011,60,5980,0.406524,0.406524,1.0559,1.04618,0.01
11,1011,65,6470,0.406524,0.406524,1.07557,1.06894,0.01
11,1011,70,6960,0.406524,0.406524,1.09791,1.08437,0.01
11,1011,75,7450,0.363034,0.363034,1.05344,1.05879,0.01
11,1011,80,7940,0.363034,0.363034,1.07022,1.06281,0.01
11,1011,85,8430,0.363034,0.363034,1.08588,1.07732,0.01
11,1011,90,8920,0.363034,0.363034,1.06895,1.05946,0.01
11,1011,95,9410,0.363034,0.363034,1.07094,1.08113,0.01
11,1011,100,9900,0.363034,0.363034,1.07117,1.06215,0.01
11,1011,105,10390,0.363034,0.363034,1.07485,1.07806,0.01
11,1011,110,10880,0.363034,0.363034,1.06811,1.0813,0.01
11,1011,115,11370,0.363034,0.363034,1.08118,1.08035,0.01
11,1011,120,11860,0.35431,0.35431,1.07761,1.07366,0.01
11,1011,125,12350,0.35431,0.35431,1.06262,1.08398,0.01
11,1011,130,12840,0.3265,0.3265,1.06589,1.07167,0.01
11,1011,135,13330,0.3265,0.3265,1.06442,1.06068,0.01
11,1011,140,13820,0.3265,0.3265,1.06428,1.07321,0.01
11,1011,145,14310,0.3265,0.3265,1.08646,1.07573,0.01
11,1011,150,14800,0.3265,0.3265,1.0695,1.07962,0.01
11,1011,155,15290,0.292651,0.292651,1.06378,1.08725,0.01
11,1011,160,15780,0.292651,0.292651,1.06905,1.06843,0.01
11,1011,165,16270,0.292651,0.292651,1.08274,1.07517,0.01
11,1011,170,16760,0.292651,0.292651,1.08525,1.08075,0.01
11,1011,175,17250,0.292651,0.292651,1.09079,1.08638,0.01
11,1011,180,17740,0.292651,0.292651,1.10908,1.09842,0.01
11,1011,185,18230,0.292651,0.292651,1.09026,1.09664,0.01
11,1011,190,18720,0.292651,0.292651,1.07757,1.07758,0.01
11,1011,195,19210,0.292651,0.292651,1.08203,1.07528,0.01
11,1011,200,19700,0.292651,0.292651,1.0869,1.09515,0.01
11,1011,205,20190,0.256276,0.256276,1.10308,1.07677,0.01
11,1011,210,20680,0.256276,0.256276,1.07071,1.06103,0.01
11,1011,215,21170,0.256276,0.256276,1.06883,1.06446,0.01
11,1011,220,21660,0.256276,0.256276,1.07834,1.06654,0.01
11,1011,225,22150,0.256276,0.256276,1.06175,1.05313,0.01
11,1011,230,22640,0.256276,0.256276,1.05426,1.06503,0.01
11,1011,235,23130,0.256276,0.256276,1.1016,1.08318,0.01
11,1011,240,23620,0.256276,0.256276,1.08486,1.0682,0.01
11,1011,245,24110,0.256276,0.256276,1.09509,1.1017,0.01
11,1011,250,24600,0.256276,0.256276,1.0959,1.09524,0.01
11,1011,255,25090,0.256276,0.256276,1.07922,1.07791,0.01
11,1011,260,25580,0.256276,0.256276,1.10223,1.08664,0.01
11,1011,265,26070,0.256276,0.256276,1.08551,1.08649,0.01
11,1011,270,26560,0.256276,0.256276,1.10654,1.10354,0.01
11,1011,275,27050,0.256276,0.256276,1.08715,1.08425,0.01
11,1011,280,27540,0.256276,0.256276,1.05313,1.07608,0.01
11,1011,285,28030,0.256276,0.256276,1.09846,1.10005,0.01
11,1011,290,28520,0.256276,0.256276,1.08917,1.0771,0.01
11,1011,295,29010,0.256276,0.256276,1.06553,1.0747,0.01
11,1011,300,29500,0.256276,0.256276,1.08862,1.09889,0.01
11,1011,305,29990,0.256276,0.256276,1.0994,1.09922,0.01
11,1011,310,30480,0.256276,0.256276,1.09255,1.08356,0.01
11,1011,315,30970,0.256276,0.256276,1.10049,1.09096,0.01
11,1011,320,31460,0.256276,0.256276,1.0977,1.07947,0.01
11,1011,325,31950,0.256276,0.256276,1.07256,1.06676,0.01
11,1011,330,32440,0.256276,0.256276,1.09954,1.08709,0.01
11,1011,335,32930,0.230327,0.230327,1.08235,1.07429,0.01
11,1011,340,33420,0.230327,0.230327,1.11937,1.09272,0.01
11,1011,345,33910,0.230327,0.230327,1.0595,1.06744,0.01
11,1011,350,34400,0.22044,0.22044,1.04626,1.05364,0.01
11,1011,355,34890,0.22044,0.22044,1.06966,1.06455,0.01
11,1011,360,35380,0.22044,0.22044,1.09861,1.09411,0.01
11,1011,365,35870,0.22044,0.22044,1.06701,1.06798,0.01
11,1011,370,36360,0.22044,0.22044,1.0899,1.10264,0.01
11,1011,375,36850,0.22044,0.22044,1.08698,1.0791,0.01
11,1011,380,37340,0.22044,0.22044,1.08735,1.0845,0.01
11,1011,385,37830,0.22044,0.22044,1.09554,1.08992,0.01
11,1011,390,38320,0.22044,0.22044,1.10695,1.10194,0.01
11,1011,395,38810,0.22044,0.22044,1.09048,1.06896,0.01
11,1011,400,39300,0.22044,0.22044,1.09465,1.0822,0.01
11,1011,405,39790,0.22044,0.22044,1.12117,1.11376,0.01
11,1011,410,40280,0.22044,0.22044,1.073,1.08,0.01
11,1011,415,40770,0.22044,0.22044,1.11034,1.10161,0.01
11,1011,420,41260,0.22044,0.22044,1.0817,1.08291,0.01
11,1011,425,41750,0.22044,0.22044,1.09951,1.09151,0.01
11,1011,430,42240,0.214833,0.214833,1.06475,1.08599,0.01
11,1011,435,42730,0.214833,0.214833,1.06839,1.07529,0.01
11,1011,440,43220,0.214833,0.214833,1.07468,1.0716,0.01
11,1011,445,43710,0.214833,0.214833,1.05585,1.05173,0.01
11,1011,450,44200,0.214833,0.214833,1.07133,1.07287,0.01
11,1011,455,44690,0.214833,0.214833,1.10671,1.09042,0.01
11,1011,460,45180,0.210316,0.210316,1.0659,1.07496,0.01
11,1011,465,45670,0.210316,0.210316,1.0844,1.07439,0.01
11,1011,470,46160,0.210316,0.210316,1.08883,1.08395,0.01
11,1011,475,46650,0.210316,0.210316,1.07491,1.08523,0.01
11,1011,480,47140,0.210316,0.210316,1.08078,1.0785,0.01
11,1011,485,47630,0.210316,0.210316,1.09231,1.07785,0.01
11,1011,490,48120,0.210316,0.210316,1.10742,1.08986,0.01
11,1011,495,48610,0.210316,0.210316,1.07034,1.08318,0.01
11,1011,500,49100,0.210316,0.210316,1.08693,1.09735,0.01
11,1011,505,49590,0.210316,0.210316,1.10668,1.11071,0.01
11,1011,510,50000,0.210316,0.210316,1.01836,1.10486,0.01
12,1012,0,100,156.439,156.439,301.49,293.989,0.01
12,1012,5,590,19.3356,19.3356,70.5708,65.2902,0.01
12,1012,10,1080,2.8054,2.8054,14.1692,13.4769,0.01
12,1012,15,1570,1.37,1.37,2.26428,2.16732,0.01
12,1012,20,2060,1.01008,1.01008,1.34204,1.3284,0.01
12,1012,25,2550,0.917793,0.917793,1.1799,1.1416,0.01
12,1012,30,3040,0.851988,0.851988,1.08834,1.07183,0.01
12,1012,35,3530,0.550949,0.550949,1.08295,1.07826,0.01
12,1012,40,4020,0.550949,0.550949,1.09263,1.07574,0.01
12,1012,45,4510,0.550949,0.550949,1.08998,1.07945,0.01
12,1012,50,5000,0.550949,0.550949,1.12394,1.09033,0.01
12,1012,55,5490,0.456611,0.456611,1.07999,1.079,0.01
12,1012,60,5980,0.456611,0.456611,1.09226,1.07876,0.01
12,1012,65,6470,0.456611,0.456611,1.08339,1.06605,0.01
12,1012,70,6960,0.43987,0.43987,1.08596,1.0719,0.01
12,1012,75,7450,0.434446,0.434446,1.09046,1.07288,0.01
12,1012,80,7940,0.434446,0.434446,1.11772,1.09251,0.01
12,1012,85,8430,0.434446,0.434446,1.07624,1.072,0.01
12,1012,90,8920,0.30983,0.30983,1.10116,1.0868,0.01
12,1012,95,9410,0.30983,0.30983,1.12373,1.10941,0.01
12,1012,100,9900,0.30983,0.30983,1.08278,1.06651,0.01
12,1012,105,10390,0.30983,0.30983,1.09865,1.09552,0.01
12,1012,110,10880,0.30983,0.30983,1.09161,1.08026,0.01
12,1012,115,11370,0.30983,0.30983,1.08706,1.08562,0.01
12,1012,120,11860,0.30983,0.30983,1.06186,1.06646,0.01
12,1012,125,12350,0.271093,0.271093,1.08531,1.08539,0.01
12,1012,130,12840,0.271093,0.271093,1.06696,1.06744,0.01
12,1012,135,13330,0.271093,0.271093,1.06883,1.07067,0.01
12,1012,140,13820,0.271093,0.271093,1.08711,1.07846,0.01
12,1012,145,14310,0.271093,0.271093,1.09789,1.08388,0.01
12,1012,150,14800,0.271093,0.271093,1.09182,1.08613,0.01
12,1012,155,15290,0.271093,0.271093,1.07649,1.07837,0.01
12,1012,160,15780,0.268446,0.268446,1.07271,1.07385,0.01
12,1012,165,16270,0.268446,0.268446,1.09153,1.08001,0.01
12,1012,170,16760,0.268446,0.268446,1.09661,1.08423,0.01
12,1012,175,17250,0.268446,0.268446,1.0807,1.06661,0.01
12,1012,180,17740,0.268446,0.268446,1.07234,1.06198,0.01
12,1012,185,18230,0.268446,0.268446,1.05779,1.05091,0.01
12,1012,190,18720,0.268446,0.268446,1.09146,1.07318,0.01
12,1012,195,19210,0.268446,0.268446,1.0806,1.07386,0.01
12,1012,200,19700,0.268446,0.268446,1.10668,1.10067,0.01
12,1012,205,20190,0.268446,0.268446,1.08793,1.06448,0.01
12,1012,210,20680,0.221615,0.221615,1.10733,1.09447,0.01
12,1012,215,21170,0.221615,0.221615,1.08848,1.07852,0.01
12,1012,220,21660,0.221615,0.221615,1.0793,1.07874,0.01
12,1012,225,22150,0.221615,0.221615,1.09635,1.09686,0.01
12,1012,230,22640,0.221615,0.221615,1.08869,1.07645,0.01
12,1012,235,23130,0.221615,0.221615,1.10409,1.102,0.01
12,1012,240,23620,0.221615,0.221615,1.08294,1.10516,0.01
12,1012,245,24110,0.221615,0.221615,1.0806,1.091,0.01
12,1012,250,24600,0.221615,0.221615,1.06652,1.07338,0.01
12,1012,255,25090,0.221615,0.221615,1.09586,1.07337,0.01
12,1012,260,25580,0.221615,0.221615,1.08712,1.08808,0.01
12,1012,265,26070,0.22076,0.22076,1.12107,1.12117,0.01
12,1012,270,26560,0.22076,0.22076,1.05978,1.07264,0.01
12,1012,275,27050,0.22076,0.22076,1.08098,1.07512,0.01
12,1012,280,27540,0.22076,0.22076,1.10599,1.08789,0.01
12,1012,285,28030,0.22076,0.22076,1.09663,1.08905,0.01
12,1012,290,28520,0.22076,0.22076,1.10213,1.08824,0.01
12,1012,295,29010,0.22076,0.22076,1.10205,1.0853,0.01
12,1012,300,29500,0.22076,0.22076,1.08024,1.08637,0.01
12,1012,305,29990,0.22076,0.22076,1.10445,1.09762,0.01
12,1012,310,30480,0.22076,0.22076,1.09733,1.10498,0.01
12,1012,315,30970,0.22076,0.22076,1.10828,1.09652,0.01
12,1012,320,31460,0.204267,0.204267,1.08564,1.09854,0.01
12,1012,325,31950,0.204267,0.204267,1.10174,1.09074,0.01
12,1012,330,32440,0.204267,0.204267,1.09993,1.09836,0.01
12,1012,335,32930,0.204267,0.204267,1.07577,1.08476,0.01
12,1012,340,33420,0.204267,0.204267,1.09191,1.0814,0.01
12,1012,345,33910,0.204267,0.204267,1.10504,1.08977,0.01
12,1012,350,34400,0.204267,0.204267,1.05763,1.06783,0.01
12,1012,355,34890,0.204267,0.204267,1.09411,1.07774,0.01
12,1012,360,35380,0.204267,0.204267,1.08259,1.07808,0.01
12,1012,365,35870,0.204267,0.204267,1.08554,1.06993,0.01
12,1012,370,36360,0.204267,0.204267,1.07734,1.07398,0.01
12,1012,375,36850,0.204267,0.204267,1.06035,1.05676,0.01
12,1012,380,37340,0.204267,0.204267,1.06929,1.06095,0.01
12,1012,385,37830,0.204267,0.204267,1.05201,1.05719,0.01
12,1012,390,38320,0.204267,0.204267,1.06298,1.05291,0.01
12,1012,395,38810,0.204267,0.204267,1.05556,1.06036,0.01
12,1012,400,39300,0.204267,0.204267,1.09168,1.09079,0.01
12,1012,405,39790,0.204267,0.204267,1.05654,1.06841,0.01
12,1012,410,40280,0.204267,0.204267,1.10842,1.09542,0.01
12,1012,415,40770,0.204267,0.204267,1.05376,1.05184,0.01
12,1012,420,41260,0.204267,0.204267,1.05471,1.07142,0.01
12,1012,425,41750,0.204267,0.204267,1.07744,1.07686,0.01
12,1012,430,42240,0.204267,0.204267,1.0719,1.06792,0.01
12,1012,435,42730,0.204267,0.204267,1.10768,1.09341,0.01
12,1012,440,43220,0.204267,0.204267,1.04207,1.07024,0.01
12,1012,445,43710,0.204267,0.204267,1.08039,1.08383,0.01
12,1012,450,44200,0.204267,0.204267,1.08086,1.08199,0.01
12,1012,455,44690,0.204267,0.204267,1.08167,1.07983,0.01
12,1012,460,45180,0.204267,0.204267,1.05496,1.0616,0.01
12,1012,465,45670,0.204267,0.204267,1.10309,1.0979,0.01
12,1012,470,46160,0.204267,0.204267,1.09606,1.10571,0.01
12,1012,475,46650,0.204267,0.204267,1.06512,1.07537,0.01
12,1012,480,47140,0.204267,0.204267,1.09541,1.09683,0.01
12,1012,485,47630,0.204267,0.204267,1.1185,1.09661,0.01
12,1012,490,48120,0.197261,0.197261,1.10386,1.09485,0.01
12,1012,495,48610,0.197261,0.197261,1.11173,1.11542,0.01
12,1012,500,49100,0.197261,0.197261,1.09628,1.09364,0.01
12,1012,505,49590,0.197261,0.197261,1.07509,1.07266,0.01
12,1012,510,50000,0.190461,0.190461,1.01834,1.0714,0.01
13,1013,0,100,134.402,134.402,306.098,308.206,0.01
13,1013,5,590,26.1133,26.1133,83.9073,75.7602,0.01
13,1013,10,1080,4.99615,4.99615,17.0934,13.6851,0.01
13,1013,15,1570,1.83577,1.83577,4.43962,4.36446,0.01
13,1013,20,2060,1.18616,1.18616,1.73953,1.72507,0.01
13,1013,25,2550,1.02038,1.02038,1.21947,1.17963,0.01
13,1013,30,3040,0.88579,0.88579,1.09867,1.08541,0.01
13,1013,35,3530,0.739855,0.739855,1.07583,1.06654,0.01
13,1013,40,4020,0.739855,0.739855,1.10905,1.0853,0.01
13,1013,45,4510,0.664252,0.664252,1.07326,1.0523,0.01
13,1013,50,5000,0.664252,0.664252,1.06172,1.04629,0.01
13,1013,55,5490,0.623227,0.623227,1.05143,1.05578,0.01
13,1013,60,5980,0.567343,0.567343,1.07135,1.05823,0.01
13,1013,65,6470,0.567343,0.567343,1.06813,1.07724,0.01
13,1013,70,6960,0.463885,0.463885,1.07857,1.06589,0.01
13,1013,75,7450,0.434024,0.434024,1.0822,1.06001,0.01
13,1013,80,7940,0.429108,0.429108,1.0884,1.08612,0.01
13,1013,85,8430,0.429108,0.429108,1.0848,1.06579,0.01
13,1013,90,8920,0.429108,0.429108,1.10036,1.08686,0.01
13,1013,95,9410,0.429108,0.429108,1.07809,1.0652,0.01
13,1013,100,9900,0.429108,0.429108,1.08668,1.07873,0.01
13,1013,105,10390,0.426317,0.426317,1.07995,1.06702,0.01
13,1013,110,10880,0.426317,0.426317,1.09043,1.07958,0.01
13,1013,115,11370,0.426317,0.426317,1.07821,1.07087,0.01
13,1013,120,11860,0.426317,0.426317,1.06547,1.0534,0.01
13,1013,125,12350,0.426317,0.426317,1.06064,1.05986,0.01
13,1013,130,12840,0.426317,0.426317,1.08934,1.09579,0.01
13,1013,135,13330,0.426317,0.426317,1.10249,1.08976,0.01
13,1013,140,13820,0.369558,0.369558,1.0954,1.09276,0.01
13,1013,145,14310,0.369558,0.369558,1.08412,1.07453,0.01
13,1013,150,14800,0.369558,0.369558,1.06249,1.0725,0.01
13,1013,155,15290,0.369558,0.369558,1.0598,1.07157,0.01
13,1013,160,15780,0.357292,0.357292,1.07702,1.07287,0.01
13,1013,165,16270,0.357292,0.357292,1.10544,1.07735,0.01
13,1013,170,16760,0.338078,0.338078,1.07283,1.07299,0.01
13,1013,175,17250,0.313478,0.313478,1.06442,1.07621,0.01
13,1013,180,17740,0.313478,0.313478,1.0782,1.07736,0.01
13,1013,185,18230,0.313478,0.313478,1.08649,1.0692,0.01
13,1013,190,18720,0.313478,0.313478,1.09358,1.11108,0.01
13,1013,195,19210,0.313478,0.313478,1.09399,1.08937,0.01
13,1013,200,19700,0.313478,0.313478,1.0429,1.06192,0.01
13,1013,205,20190,0.313478,0.313478,1.09308,1.08531,0.01
13,1013,210,20680,0.313478,0.313478,1.06855,1.08062,0.01
13,1013,215,21170,0.313478,0.313478,1.06854,1.06939,0.01
13,1013,220,21660,0.313478,0.313478,1.08602,1.06746,0.01
13,1013,225,22150,0.313478,0.313478,1.08029,1.07421,0.01
13,1013,230,22640,0.313478,0.313478,1.08475,1.07053,0.01
13,1013,235,23130,0.313478,0.313478,1.1031,1.09495,0.01
13,1013,240,23620,0.313478,0.313478,1.09754,1.08493,0.01
13,1013,245,24110,0.313478,0.313478,1.12262,1.11558,0.01
13,1013,250,24600,0.313478,0.313478,1.09261,1.08266,0.01
13,1013,255,25090,0.313478,0.313478,1.07799,1.07299,0.01
13,1013,260,25580,0.313478,0.313478,1.08829,1.07571,0.01
13,1013,265,26070,0.313478,0.313478,1.07585,1.0856,0.01
13,1013,270,26560,0.313478,0.313478,1.08668,1.07591,0.01
13,1013,275,27050,0.313478,0.313478,1.07102,1.06226,0.01
13,1013,280,27540,0.313478,0.313478,1.06559,1.07854,0.01
13,1013,285,28030,0.300975,0.300975,1.06649,1.07027,0.01
13,1013,290,28520,0.300975,0.300975,1.08696,1.07486,0.01
13,1013,295,29010,0.254382,0.254382,1.07766,1.0736,0.01
13,1013,300,29500,0.254382,0.254382,1.12426,1.10109,0.01
13,1013,305,29990,0.254382,0.254382,1.07794,1.0816,0.01
13,1013,310,30480,0.254382,0.254382,1.09242,1.07356,0.01
13,1013,315,30970,0.254382,0.254382,1.04619,1.06291,0.01
13,1013,320,31460,0.254382,0.254382,1.10561,1.08582,0.01
13,1013,325,31950,0.254382,0.254382,1.08002,1.08563,0.01
13,1013,330,32440,0.254382,0.254382,1.09652,1.09055,0.01
13,1013,335,32930,0.254382,0.254382,1.10475,1.09006,0.01
13,1013,340,33420,0.254382,0.254382,1.07869,1.0687,0.01
13,1013,345,33910,0.254382,0.254382,1.0894,1.07146,0.01
13,1013,350,34400,0.254382,0.254382,1.07926,1.08026,0.01
13,1013,355,34890,0.254382,0.254382,1.07803,1.09468,0.01
13,1013,360,35380,0.254382,0.254382,1.11202,1.11044,0.01
13,1013,365,35870,0.254382,0.254382,1.06376,1.06105,0.01
13,1013,370,36360,0.254382,0.254382,1.06271,1.06035,0.01
13,1013,375,36850,0.254382,0.254382,1.09207,1.09091,0.01
13,1013,380,37340,0.254382,0.254382,1.07072,1.07346,0.01
13,1013,385,37830,0.254382,0.254382,1.05944,1.06456,0.01
13,1013,390,38320,0.254382,0.254382,1.10346,1.0972,0.01
13,1013,395,38810,0.186322,0.186322,1.08207,1.08363,0.01
13,1013,400,39300,0.186322,0.186322,1.07208,1.0686,0.01
13,1013,405,39790,0.186322,0.186322,1.08493,1.07746,0.01
13,1013,410,40280,0.186322,0.186322,1.10943,1.09123,0.01
13,1013,415,40770,0.186322,0.186322,1.07113,1.08246,0.01
13,1013,420,41260,0.186322,0.186322,1.11154,1.10708,0.01
13,1013,425,41750,0.186322,0.186322,1.08419,1.08561,0.01
13,1013,430,42240,0.186322,0.186322,1.07116,1.07462,0.01
13,1013,435,42730,0.186322,0.186322,1.08237,1.07866,0.01
13,1013,440,43220,0.186322,0.186322,1.05798,1.07092,0.01
13,1013,445,43710,0.186322,0.186322,1.05464,1.06144,0.01
13,1013,450,44200,0.186322,0.186322,1.09258,1.09099,0.01
13,1013,455,44690,0.186322,0.186322,1.06213,1.06413,0.01
13,1013,460,45180,0.186322,0.186322,1.10237,1.1146,0.01
13,1013,465,45670,0.186322,0.186322,1.10491,1.10089,0.01
13,1013,470,46160,0.186322,0.186322,1.10233,1.09888,0.01
13,1013,475,46650,0.186322,0.186322,1.07298,1.06981,0.01
13,1013,480,47140,0.186322,0.186322,1.09308,1.07437,0.01
13,1013,485,47630,0.186322,0.186322,1.06245,1.06096,0.01
13,1013,490,48120,0.186322,0.186322,1.07659,1.06828,0.01
13,1013,495,48610,0.186322,0.186322,1.09755,1.0707,0.01
13,1013,500,49100,0.186322,0.186322,1.05204,1.07968,0.01
13,1013,505,49590,0.186322,0.186322,1.07655,1.07142,0.01
13,1013,510,50000,0.186322,0.186322,1.09215,1.12215,0.01
14,1014,0,100,73.2356,73.2356,295.156,295.8,0.01
14,1014,5,590,34.7158,34.7158,84.4516,76.8436,0.01
14,1014,10,1080,8.91358,8.91358,21.1117,19.7583,0.01
14,1014,15,1570,3.46806,3.46806,6.36135,6.1431,0.01
14,1014,20,2060,1.38079,1.38079,2.87335,2.75793,0.01
14,1014,25,2550,1.08669,1.08669,1.42427,1.39368,0.01
14,1014,30,3040,0.982096,0.982096,1.14802,1.1345,0.01
14,1014,35,3530,0.893226,0.893226,1.11866,1.09988,0.01
14,1014,40,4020,0.536503,0.536503,1.09346,1.07763,0.01
14,1014,45,4510,0.536503,0.536503,1.09585,1.07713,0.01
14,1014,50,5000,0.536503,0.536503,1.08329,1.07034,0.01
14,1014,55,5490,0.536503,0.536503,1.06594,1.06083,0.01
14,1014,60,5980,0.43005,0.43005,1.06005,1.04175,0.01
14,1014,65,6470,0.314638,0.314638,1.06962,1.05145,0.01
14,1014,70,6960,0.314638,0.314638,1.08201,1.05809,0.01
14,1014,75,7450,0.314638,0.314638,1.06192,1.05005,0.01
14,1014,80,7940,0.314638,0.314638,1.06492,1.06724,0.01
14,1014,85,8430,0.314638,0.314638,1.07163,1.07436,0.01
14,1014,90,8920,0.314638,0.314638,1.04478,1.05423,0.01
14,1014,95,9410,0.314638,0.314638,1.08129,1.08235,0.01
14,1014,100,9900,0.314638,0.314638,1.08792,1.08625,0.01
14,1014,105,10390,0.314638,0.314638,1.06737,1.05972,0.01
14,1014,110,10880,0.314638,0.314638,1.0515,1.06436,0.01
14,1014,115,11370,0.314638,0.314638,1.05982,1.05481,0.01
14,1014,120,11860,0.314638,0.314638,1.06792,1.06749,0.01
14,1014,125,12350,0.314638,0.314638,1.03738,1.05008,0.01
14,1014,130,12840,0.279471,0.279471,1.0385,1.05427,0.01
14,1014,135,13330,0.274567,0.274567,1.07259,1.09089,0.01
14,1014,140,13820,0.274567,0.274567,1.08907,1.08052,0.01
14,1014,145,14310,0.274567,0.274567,1.06806,1.06488,0.01
14,1014,150,14800,0.274567,0.274567,1.08468,1.09099,0.01
14,1014,155,15290,0.274567,0.274567,1.06468,1.07234,0.01
14,1014,160,15780,0.274567,0.274567,1.06994,1.06677,0.01
14,1014,165,16270,0.274567,0.274567,1.05657,1.06158,0.01
14,1014,170,16760,0.274567,0.274567,1.09576,1.08765,0.01
14,1014,175,17250,0.274567,0.274567,1.0716,1.06737,0.01
14,1014,180,17740,0.219405,0.219405,1.07754,1.07583,0.01
14,1014,185,18230,0.219405,0.219405,1.06051,1.082,0.01
14,1014,190,18720,0.219405,0.219405,1.06477,1.076,0.01
14,1014,195,19210,0.219405,0.219405,1.07246,1.08149,0.01
14,1014,200,19700,0.219405,0.219405,1.04226,1.05061,0.01
14,1014,205,20190,0.219405,0.219405,1.06023,1.06758,0.01
14,1014,210,20680,0.219405,0.219405,1.0831,1.08395,0.01
14,1014,215,21170,0.219405,0.219405,1.06045,1.07001,0.01
14,1014,220,21660,0.213688,0.213688,1.02841,1.06811,0.01
14,1014,225,22150,0.213688,0.213688,1.05519,1.06244,0.01
14,1014,230,22640,0.213688,0.213688,1.10683,1.08699,0.01
14,1014,235,23130,0.189899,0.189899,1.08838,1.09702,0.01
14,1014,240,23620,0.189899,0.189899,1.09101,1.08801,0.01
14,1014,245,24110,0.189899,0.189899,1.09936,1.09021,0.01
14,1014,250,24600,0.189899,0.189899,1.06824,1.06976,0.01
14,1014,255,25090,0.189899,0.189899,1.05628,1.05683,0.01
14,1014,260,25580,0.189899,0.189899,1.06619,1.06264,0.01
14,1014,265,26070,0.189899,0.189899,1.04585,1.06446,0.01
14,1014,270,26560,0.177035,0.177035,1.08866,1.07785,0.01
14,1014,275,27050,0.156361,0.156361,1.06241,1.06838,0.01
14,1014,280,27540,0.156361,0.156361,1.0437,1.07393,0.01
14,1014,285,28030,0.152364,0.152364,1.06072,1.08403,0.01
14,1014,290,28520,0.152364,0.152364,1.10084,1.09514,0.01
14,1014,295,29010,0.152364,0.152364,1.08382,1.06553,0.01
14,1014,300,29500,0.152364,0.152364,1.07762,1.08118,0.01
14,1014,305,29990,0.152364,0.152364,1.07953,1.06303,0.01
14,1014,310,30480,0.152364,0.152364,1.05644,1.05477,0.01
14,1014,315,30970,0.152364,0.152364,1.07826,1.06498,0.01
14,1014,320,31460,0.152364,0.152364,1.04961,1.04847,0.01
14,1014,325,31950,0.152364,0.152364,1.08146,1.08614,0.01
14,1014,330,32440,0.152364,0.152364,1.07004,1.06631,0.01
14,1014,335,32930,0.152364,0.152364,1.09405,1.08912,0.01
14,1014,340,33420,0.152364,0.152364,1.06235,1.07163,0.01
14,1014,345,33910,0.152364,0.152364,1.06094,1.06333,0.01
14,1014,350,34400,0.152364,0.152364,1.0625,1.05,0.01
14,1014,355,34890,0.152364,0.152364,1.07482,1.07776,0.01
14,1014,360,35380,0.146305,0.146305,1.05817,1.07045,0.01
14,1014,365,35870,0.146305,0.146305,1.07631,1.06682,0.01
14,1014,370,36360,0.136402,0.136402,1.08795,1.07098,0.01
14,1014,375,36850,0.136402,0.136402,1.06699,1.07854,0.01
14,1014,380,37340,0.136402,0.136402,1.0977,1.09411,0.01
14,1014,385,37830,0.136402,0.136402,1.08889,1.09177,0.01
14,1014,390,38320,0.136402,0.136402,1.07346,1.07215,0.01
14,1014,395,38810,0.136402,0.136402,1.09555,1.08361,0.01
14,1014,400,39300,0.136402,0.136402,1.05789,1.083,0.01
14,1014,405,39790,0.136402,0.136402,1.0594,1.06526,0.01
14,1014,410,40280,0.136402,0.136402,1.06121,1.08337,0.01
14,1014,415,40770,0.136402,0.136402,1.06821,1.06039,0.01
14,1014,420,41260,0.136402,0.136402,1.07104,1.06796,0.01
14,1014,425,41750,0.136402,0.136402,1.06859,1.07064,0.01
14,1014,430,42240,0.136402,0.136402,1.097,1.08174,0.01
14,1014,435,42730,0.136402,0.136402,1.11067,1.09845,0.01
14,1014,440,43220,0.136402,0.136402,1.09736,1.09673,0.01
14,1014,445,43710,0.136402,0.136402,1.10444,1.0914,0.01
14,1014,450,44200,0.136402,0.136402,1.07709,1.07275,0.01
14,1014,455,44690,0.136402,0.136402,1.08107,1.0836,0.01
14,1014,460,45180,0.136402,0.136402,1.10484,1.07712,0.01
14,1014,465,45670,0.136281,0.136281,1.07933,1.07277,0.01
14,1014,470,46160,0.136281,0.136281,1.07681,1.07086,0.01
14,1014,475,46650,0.136281,0.136281,1.0595,1.06916,0.01
14,1014,480,47140,0.136281,0.136281,1.11112,1.09423,0.01
14,1014,485,47630,0.136281,0.136281,1.05834,1.06331,0.01
14,1014,490,48120,0.136281,0.136281,1.07171,1.08033,0.01
14,1014,495,48610,0.136281,0.136281,1.064,1.06943,0.01
14,1014,500,49100,0.136281,0.136281,1.08113,1.08167,0.01
14,1014,505,49590,0.136281,0.136281,1.0586,1.06304,0.01
14,1014,510,50000,0.136281,0.136281,0.971962,1.04084,0.01
15,1015,0,100,78.6302,78.6302,293.593,285.354,0.01
15,1015,5,590,15.1094,15.1094,63.9025,57.425,0.01
15,1015,10,1080,5.13568,5.13568,13.4137,12.8521,0.01
15,1015,15,1570,1.47377,1.47377,3.59442,3.28267,0.01
15,1015,20,2060,1.05604,1.05604,1.60543,1.57244,0.01
15,1015,25,2550,0.836402,0.836402,1.22866,1.20087,0.01
15,1015,30,3040,0.836402,0.836402,1.1408,1.12118,0.01
15,1015,35,3530,0.836402,0.836402,1.11226,1.08975,0.01
15,1015,40,4020,0.814038,0.814038,1.12012,1.08919,0.01
15,1015,45,4510,0.648116,0.648116,1.09824,1.06679,0.01
15,1015,50,5000,0.648116,0.648116,1.1176,1.08918,0.01
15,1015,55,5490,0.648116,0.648116,1.08641,1.07271,0.01
15,1015,60,5980,0.648116,0.648116,1.11392,1.09688,0.01
15,1015,65,6470,0.644901,0.644901,1.11197,1.0895,0.01
15,1015,70,6960,0.644901,0.644901,1.08915,1.06516,0.01
15,1015,75,7450,0.644901,0.644901,1.08436,1.08685,0.01
15,1015,80,7940,0.472472,0.472472,1.10339,1.08302,0.01
15,1015,85,8430,0.472472,0.472472,1.0919,1.0751,0.01
15,1015,90,8920,0.472472,0.472472,1.06041,1.05817,0.01
15,1015,95,9410,0.412698,0.412698,1.06521,1.06571,0.01
15,1015,100,9900,0.412698,0.412698,1.0946,1.08276,0.01
15,1015,105,10390,0.412698,0.412698,1.07517,1.06533,0.01
15,1015,110,10880,0.412698,0.412698,1.09089,1.09903,0.01
15,1015,115,11370,0.412698,0.412698,1.08788,1.0849,0.01
15,1015,120,11860,0.412698,0.412698,1.07328,1.07245,0.01
15,1015,125,12350,0.412698,0.412698,1.09101,1.07411,0.01
15,1015,130,12840,0.412698,0.412698,1.09735,1.08008,0.01
15,1015,135,13330,0.412698,0.412698,1.07428,1.06047,0.01
15,1015,140,13820,0.236355,0.236355,1.06971,1.05772,0.01
15,1015,145,14310,0.236355,0.236355,1.06967,1.0769,0.01
15,1015,150,14800,0.236355,0.236355,1.06127,1.07171,0.01
15,1015,155,15290,0.236355,0.236355,1.07928,1.07961,0.01
15,1015,160,15780,0.236355,0.236355,1.07666,1.07101,0.01
15,1015,165,16270,0.236355,0.236355,1.07386,1.06046,0.01
15,1015,170,16760,0.236355,0.236355,1.05047,1.05688,0.01
15,1015,175,17250,0.236355,0.236355,1.10092,1.09627,0.01
15,1015,180,17740,0.236355,0.236355,1.07995,1.09526,0.01
15,1015,185,18230,0.236355,0.236355,1.10903,1.10656,0.01
15,1015,190,18720,0.236355,0.236355,1.06005,1.06327,0.01
15,1015,195,19210,0.236355,0.236355,1.06202,1.07478,0.01
15,1015,200,19700,0.236355,0.236355,1.08298,1.07154,0.01
15,1015,205,20190,0.236355,0.236355,1.10311,1.10726,0.01
15,1015,210,20680,0.236355,0.236355,1.08949,1.08829,0.01
15,1015,215,21170,0.236355,0.236355,1.07956,1.07814,0.01
15,1015,220,21660,0.236355,0.236355,1.08755,1.07387,0.01
15,1015,225,22150,0.236355,0.236355,1.0639,1.07234,0.01
15,1015,230,22640,0.236355,0.236355,1.09445,1.07999,0.01
15,1015,235,23130,0.236355,0.236355,1.09673,1.08938,0.01
15,1015,240,23620,0.236355,0.236355,1.10277,1.10314,0.01
15,1015,245,24110,0.236355,0.236355,1.09983,1.10398,0.01
15,1015,250,24600,0.236355,0.236355,1.06464,1.08522,0.01
15,1015,255,25090,0.236355,0.236355,1.12108,1.10255,0.01
15,1015,260,25580,0.236355,0.236355,1.10021,1.08367,0.01
15,1015,265,26070,0.236355,0.236355,1.07634,1.08476,0.01
15,1015,270,26560,0.236355,0.236355,1.02925,1.0558,0.01
15,1015,275,27050,0.236355,0.236355,1.09307,1.07394,0.01
15,1015,280,27540,0.236355,0.236355,1.07707,1.08143,0.01
15,1015,285,28030,0.236355,0.236355,1.08599,1.08953,0.01
15,1015,290,28520,0.236355,0.236355,1.08837,1.09396,0.01
15,1015,295,29010,0.236355,0.236355,1.08385,1.07469,0.01
15,1015,300,29500,0.236355,0.236355,1.07695,1.07689,0.01
15,1015,305,29990,0.236355,0.236355,1.07752,1.06826,0.01
15,1015,310,30480,0.236355,0.236355,1.06988,1.07056,0.01
15,1015,315,30970,0.236355,0.236355,1.09114,1.07806,0.01
15,1015,320,31460,0.236355,0.236355,1.04367,1.05251,0.01
15,1015,325,31950,0.213861,0.213861,1.07916,1.07688,0.01
15,1015,330,32440,0.213861,0.213861,1.08475,1.08417,0.01
15,1015,335,32930,0.213861,0.213861,1.05682,1.07294,0.01
15,1015,340,33420,0.213861,0.213861,1.09122,1.08166,0.01
15,1015,345,33910,0.213861,0.213861,1.08006,1.07948,0.01
15,1015,350,34400,0.213861,0.213861,1.08404,1.07268,0.01
15,1015,355,34890,0.168209,0.168209,1.09075,1.07727,0.01
15,1015,360,35380,0.168209,0.168209,1.10075,1.08979,0.01
15,1015,365,35870,0.168209,0.168209,1.0512,1.07485,0.01
15,1015,370,36360,0.168209,0.168209,1.09325,1.10156,0.01
15,1015,375,36850,0.168209,0.168209,1.13049,1.08528,0.01
15,1015,380,37340,0.168209,0.168209,1.05925,1.07281,0.01
15,1015,385,37830,0.168209,0.168209,1.05465,1.0728,0.01
15,1015,390,38320,0.168209,0.168209,1.09366,1.08641,0.01
15,1015,395,38810,0.168209,0.168209,1.08344,1.08718,0.01
15,1015,400,39300,0.168209,0.168209,1.078,1.07374,0.01
15,1015,405,39790,0.168209,0.168209,1.05813,1.073,0.01
15,1015,410,40280,0.167138,0.167138,1.06884,1.08696,0.01
15,1015,415,40770,0.167138,0.167138,1.10668,1.08854,0.01
15,1015,420,41260,0.167138,0.167138,1.05391,1.06664,0.01
15,1015,425,41750,0.167138,0.167138,1.08553,1.083,0.01
15,1015,430,42240,0.167138,0.167138,1.09529,1.09823,0.01
15,1015,435,42730,0.167138,0.167138,1.08915,1.0767,0.01
15,1015,440,43220,0.167138,0.167138,1.09122,1.07623,0.01
15,1015,445,43710,0.167138,0.167138,1.08947,1.09088,0.01
15,1015,450,44200,0.167138,0.167138,1.07757,1.08788,0.01
15,1015,455,44690,0.167138,0.167138,1.0782,1.06881,0.01
15,1015,460,45180,0.167138,0.167138,1.09686,1.08189,0.01
15,1015,465,45670,0.167138,0.167138,1.08266,1.07733,0.01
15,1015,470,46160,0.167138,0.167138,1.0772,1.08751,0.01
15,1015,475,46650,0.167138,0.167138,1.10309,1.10688,0.01
15,1015,480,47140,0.167138,0.167138,1.10084,1.09787,0.01
15,1015,485,47630,0.161885,0.161885,1.11407,1.10438,0.01
15,1015,490,48120,0.161885,0.161885,1.05874,1.06719,0.01
15,1015,495,48610,0.160865,0.160865,1.02842,1.0745,0.01
15,1015,500,49100,0.142945,0.142945,1.09489,1.10598,0.01
15,1015,505,49590,0.142945,0.142945,1.07228,1.08223,0.01
15,1015,510,50000,0.142945,0.142945,0.998603,1.05155,0.01
16,1016,0,100,98.7541,98.7541,307.785,299.745,0.01
16,1016,5,590,29.3448,29.3448,81.3251,75.299,0.01
16,1016,10,1080,5.88634,5.88634,13.8956,13.6284,0.01
16,1016,15,1570,2.17632,2.17632,4.29824,4.12693,0.01
16,1016,20,2060,1.35568,1.35568,1.97493,1.86265,0.01
16,1016,25,2550,0.988404,0.988404,1.25933,1.23476,0.01
16,1016,30,3040,0.988404,0.988404,1.10685,1.09753,0.01
16,1016,35,3530,0.711017,0.711017,1.08258,1.0759,0.01
16,1016,40,4020,0.711017,0.711017,1.09066,1.06842,0.01
16,1016,45,4510,0.711017,0.711017,1.08309,1.06388,0.01
16,1016,50,5000,0.639646,0.639646,1.09278,1.07296,0.01
16,1016,55,5490,0.639646,0.639646,1.0844,1.06494,0.01
16,1016,60,5980,0.542017,0.542017,1.08978,1.08978,0.01
16,1016,65,6470,0.526263,0.526263,1.08601,1.07526,0.01
16,1016,70,6960,0.526263,0.526263,1.07853,1.06153,0.01
16,1016,75,7450,0.506702,0.506702,1.06832,1.06474,0.01
16,1016,80,7940,0.506702,0.506702,1.08386,1.07152,0.01
16,1016,85,8430,0.506702,0.506702,1.09116,1.07222,0.01
16,1016,90,8920,0.506702,0.506702,1.10596,1.09099,0.01
16,1016,95,9410,0.390461,0.390461,1.09457,1.07181,0.01
16,1016,100,9900,0.390461,0.390461,1.05612,1.05168,0.01
16,1016,105,10390,0.390461,0.390461,1.10079,1.07942,0.01
16,1016,110,10880,0.390461,0.390461,1.0843,1.0678,0.01
16,1016,115,11370,0.390461,0.390461,1.09517,1.0831,0.01
16,1016,120,11860,0.390461,0.390461,1.06788,1.07327,0.01
16,1016,125,12350,0.390461,0.390461,1.06902,1.06806,0.01
16,1016,130,12840,0.390461,0.390461,1.0698,1.06074,0.01
16,1016,135,13330,0.390461,0.390461,1.06237,1.06394,0.01
16,1016,140,13820,0.319872,0.319872,1.07459,1.0798,0.01
16,1016,145,14310,0.319872,0.319872,1.08758,1.08532,0.01
16,1016,150,14800,0.319872,0.319872,1.08355,1.06626,0.01
16,1016,155,15290,0.261419,0.261419,1.10065,1.09335,0.01
16,1016,160,15780,0.261419,0.261419,1.10519,1.08772,0.01
16,1016,165,16270,0.261419,0.261419,1.08624,1.0679,0.01
16,1016,170,16760,0.261419,0.261419,1.07813,1.07687,0.01
16,1016,175,17250,0.261419,0.261419,1.0571,1.05264,0.01
16,1016,180,17740,0.261419,0.261419,1.05619,1.05517,0.01
16,1016,185,18230,0.261419,0.261419,1.0595,1.06736,0.01
16,1016,190,18720,0.261419,0.261419,1.09146,1.07726,0.01
16,1016,195,19210,0.261419,0.261419,1.07814,1.08401,0.01
16,1016,200,19700,0.261419,0.261419,1.0809,1.0854,0.01
16,1016,205,20190,0.218008,0.218008,1.06649,1.08246,0.01
16,1016,210,20680,0.217127,0.217127,1.02878,1.05501,0.01
16,1016,215,21170,0.217127,0.217127,1.04571,1.08609,0.01
16,1016,220,21660,0.217127,0.217127,1.05306,1.06082,0.01
16,1016,225,22150,0.217127,0.217127,1.0621,1.06506,0.01
16,1016,230,22640,0.217127,0.217127,1.07767,1.07654,0.01
16,1016,235,23130,0.217127,0.217127,1.06151,1.07156,0.01
16,1016,240,23620,0.217127,0.217127,1.04944,1.06156,0.01
16,1016,245,24110,0.217127,0.217127,1.09211,1.08062,0.01
16,1016,250,24600,0.217127,0.217127,1.07118,1.06094,0.01
16,1016,255,25090,0.196975,0.196975,1.06946,1.07768,0.01
16,1016,260,25580,0.14998,0.14998,1.10908,1.10089,0.01
16,1016,265,26070,0.14998,0.14998,1.07475,1.06702,0.01
16,1016,270,26560,0.14998,0.14998,1.02659,1.05261,0.01
16,1016,275,27050,0.14998,0.14998,1.10321,1.09217,0.01
16,1016,280,27540,0.143238,0.143238,1.07458,1.07339,0.01
16,1016,285,28030,0.143238,0.143238,1.09626,1.09278,0.01
16,1016,290,28520,0.143238,0.143238,1.08107,1.08241,0.01
16,1016,295,29010,0.143238,0.143238,1.07886,1.07816,0.01
16,1016,300,29500,0.143238,0.143238,1.07039,1.06907,0.01
16,1016,305,29990,0.143238,0.143238,1.07317,1.06804,0.01
16,1016,310,30480,0.130371,0.130371,1.06375,1.08212,0.01
16,1016,315,30970,0.130371,0.130371,1.11914,1.11444,0.01
16,1016,320,31460,0.130371,0.130371,1.10649,1.09953,0.01
16,1016,325,31950,0.130371,0.130371,1.07426,1.08547,0.01
16,1016,330,32440,0.130371,0.130371,1.07591,1.09169,0.01
16,1016,335,32930,0.130371,0.130371,1.06167,1.09553,0.01
16,1016,340,33420,0.122874,0.122874,1.09891,1.0917,0.01
16,1016,345,33910,0.122874,0.122874,1.08563,1.09477,0.01
16,1016,350,34400,0.122874,0.122874,1.0782,1.07713,0.01
16,1016,355,34890,0.122874,0.122874,1.06763,1.07356,0.01
16,1016,360,35380,0.122874,0.122874,1.07518,1.07202,0.01
16,1016,365,35870,0.122874,0.122874,1.0542,1.07497,0.01
16,1016,370,36360,0.122874,0.122874,1.08099,1.07331,0.01
16,1016,375,36850,0.122874,0.122874,1.08886,1.06454,0.01
16,1016,380,37340,0.122874,0.122874,1.06758,1.07622,0.01
16,1016,385,37830,0.122874,0.122874,1.05875,1.07701,0.01
16,1016,390,38320,0.122874,0.122874,1.06309,1.06709,0.01
16,1016,395,38810,0.122805,0.122805,1.0571,1.05834,0.01
16,1016,400,39300,0.122805,0.122805,1.08499,1.08857,0.01
16,1016,405,39790,0.122773,0.122773,1.08407,1.07938,0.01
16,1016,410,40280,0.122773,0.122773,1.08343,1.07722,0.01
16,1016,415,40770,0.122773,0.122773,1.08528,1.0889,0.01
16,1016,420,41260,0.122773,0.122773,1.06963,1.07575,0.01
16,1016,425,41750,0.122773,0.122773,1.07445,1.07155,0.01
16,1016,430,42240,0.122773,0.122773,1.07492,1.06144,0.01
16,1016,435,42730,0.122773,0.122773,1.09165,1.07699,0.01
16,1016,440,43220,0.122773,0.122773,1.0594,1.0701,0.01
16,1016,445,43710,0.122773,0.122773,1.08822,1.08707,0.01
16,1016,450,44200,0.122773,0.122773,1.08333,1.09443,0.01
16,1016,455,44690,0.122773,0.122773,1.09232,1.09638,0.01
16,1016,460,45180,0.122773,0.122773,1.08328,1.07787,0.01
16,1016,465,45670,0.122773,0.122773,1.0871,1.08994,0.01
16,1016,470,46160,0.122773,0.122773,1.08008,1.09367,0.01
16,1016,475,46650,0.122773,0.122773,1.10807,1.08903,0.01
16,1016,480,47140,0.122773,0.122773,1.06663,1.07915,0.01
16,1016,485,47630,0.122773,0.122773,1.07313,1.06652,0.01
16,1016,490,48120,0.122773,0.122773,1.05759,1.05584,0.01
16,1016,495,48610,0.122773,0.122773,1.06437,1.08319,0.01
16,1016,500,49100,0.122773,0.122773,1.09055,1.0789,0.01
16,1016,505,49590,0.122773,0.122773,1.05527,1.06322,0.01
16,1016,510,50000,0.122773,0.122773,1.01705,1.08273,0.01
17,1017,0,100,122.571,122.571,309.872,317.146,0.01
17,1017,5,590,13.7138,13.7138,70.7721,66.0273,0.01
17,1017,10,1080,4.49102,4.49102,11.3124,10.9928,0.01
17,1017,15,1570,1.82431,1.82431,3.63726,3.56911,0.01
17,1017,20,2060,1.12014,1.12014,1.65594,1.58463,0.01
17,1017,25,2550,0.949269,0.949269,1.2363,1.20956,0.01
17,1017,30,3040,0.827279,0.827279,1.1339,1.12402,0.01
17,1017,35,3530,0.749199,0.749199,1.08126,1.0677,0.01
17,1017,40,4020,0.749199,0.749199,1.07654,1.05549,0.01
17,1017,45,4510,0.736717,0.736717,1.071,1.05398,0.01
17,1017,50,5000,0.736717,0.736717,1.08704,1.06307,0.01
17,1017,55,5490,0.654925,0.654925,1.09831,1.07243,0.01
17,1017,60,5980,0.645729,0.645729,1.05835,1.05014,0.01
17,1017,65,6470,0.637275,0.637275,1.07994,1.08523,0.01
17,1017,70,6960,0.621866,0.621866,1.09893,1.06482,0.01
17,1017,75,7450,0.37439,0.37439,1.06049,1.0497,0.01
17,1017,80,7940,0.37439,0.37439,1.08103,1.08268,0.01
17,1017,85,8430,0.37439,0.37439,1.0631,1.08086,0.01
17,1017,90,8920,0.37439,0.37439,1.09133,1.09889,0.01
17,1017,95,9410,0.37439,0.37439,1.09104,1.08483,0.01
17,1017,100,9900,0.331014,0.331014,1.08936,1.07736,0.01
17,1017,105,10390,0.265298,0.265298,1.07455,1.0738,0.01
17,1017,110,10880,0.265298,0.265298,1.07139,1.07361,0.01
17,1017,115,11370,0.265298,0.265298,1.08377,1.07324,0.01
17,1017,120,11860,0.265298,0.265298,1.10196,1.08868,0.01
17,1017,125,12350,0.265298,0.265298,1.09587,1.09616,0.01
17,1017,130,12840,0.265298,0.265298,1.088,1.08981,0.01
17,1017,135,13330,0.265298,0.265298,1.07806,1.06937,0.01
17,1017,140,13820,0.265298,0.265298,1.07794,1.07261,0.01
17,1017,145,14310,0.265298,0.265298,1.11005,1.10215,0.01
17,1017,150,14800,0.265298,0.265298,1.0768,1.0753,0.01
17,1017,155,15290,0.265298,0.265298,1.07047,1.05903,0.01
17,1017,160,15780,0.265298,0.265298,1.07807,1.06372,0.01
17,1017,165,16270,0.265298,0.265298,1.09878,1.08469,0.01
17,1017,170,16760,0.265298,0.265298,1.08426,1.07623,0.01
17,1017,175,17250,0.206201,0.206201,1.11402,1.09778,0.01
17,1017,180,17740,0.206201,0.206201,1.0691,1.06216,0.01
17,1017,185,18230,0.206201,0.206201,1.09626,1.07937,0.01
17,1017,190,18720,0.206201,0.206201,1.06649,1.07061,0.01
17,1017,195,19210,0.206201,0.206201,1.0883,1.08486,0.01
17,1017,200,19700,0.206201,0.206201,1.08675,1.08586,0.01
17,1017,205,20190,0.206201,0.206201,1.06361,1.08539,0.01
17,1017,210,20680,0.206201,0.206201,1.09611,1.09267,0.01
17,1017,215,21170,0.206201,0.206201,1.07156,1.08953,0.01
17,1017,220,21660,0.206201,0.206201,1.06608,1.09357,0.01
17,1017,225,22150,0.206201,0.206201,1.05589,1.07478,0.01
17,1017,230,22640,0.206201,0.206201,1.1117,1.10929,0.01
17,1017,235,23130,0.206201,0.206201,1.10236,1.1026,0.01
17,1017,240,23620,0.206201,0.206201,1.10727,1.10356,0.01
17,1017,245,24110,0.206201,0.206201,1.06856,1.0827,0.01
17,1017,250,24600,0.206201,0.206201,1.07611,1.08438,0.01
17,1017,255,25090,0.206201,0.206201,1.10963,1.09321,0.01
17,1017,260,25580,0.202119,0.202119,1.07979,1.08229,0.01
17,1017,265,26070,0.202119,0.202119,1.0591,1.06368,0.01
17,1017,270,26560,0.199723,0.199723,1.09145,1.09689,0.01
17,1017,275,27050,0.199723,0.199723,1.06904,1.09098,0.01
17,1017,280,27540,0.199723,0.199723,1.08449,1.07802,0.01
17,1017,285,28030,0.199723,0.199723,1.04452,1.05423,0.01
17,1017,290,28520,0.199723,0.199723,1.07045,1.08339,0.01
17,1017,295,29010,0.199723,0.199723,1.07063,1.06898,0.01
17,1017,300,29500,0.199723,0.199723,1.09013,1.08953,0.01
17,1017,305,29990,0.199723,0.199723,1.07122,1.08323,0.01
17,1017,310,30480,0.199723,0.199723,1.10499,1.09504,0.01
17,1017,315,30970,0.199723,0.199723,1.08949,1.06693,0.01
17,1017,320,31460,0.199723,0.199723,1.04232,1.04958,0.01
17,1017,325,31950,0.199723,0.199723,1.07922,1.08047,0.01
17,1017,330,32440,0.199723,0.199723,1.09548,1.08523,0.01
17,1017,335,32930,0.199723,0.199723,1.08389,1.08675,0.01
17,1017,340,33420,0.199723,0.199723,1.07086,1.06836,0.01
17,1017,345,33910,0.199723,0.199723,1.05792,1.06959,0.01
17,1017,350,34400,0.199723,0.199723,1.08196,1.06573,0.01
17,1017,355,34890,0.199723,0.199723,1.09477,1.06918,0.01
17,1017,360,35380,0.199723,0.199723,1.07207,1.07028,0.01
17,1017,365,35870,0.199723,0.199723,1.07747,1.08113,0.01
17,1017,370,36360,0.199723,0.199723,1.08924,1.07797,0.01
17,1017,375,36850,0.199723,0.199723,1.07284,1.07196,0.01
17,1017,380,37340,0.199723,0.199723,1.06997,1.06234,0.01
17,1017,385,37830,0.199723,0.199723,1.05415,1.07951,0.01
17,1017,390,38320,0.199723,0.199723,1.07645,1.07598,0.01
17,1017,395,38810,0.199723,0.199723,1.08796,1.0678,0.01
17,1017,400,39300,0.199723,0.199723,1.07132,1.06818,0.01
17,1017,405,39790,0.199723,0.199723,1.07792,1.07066,0.01
17,1017,410,40280,0.199723,0.199723,1.06059,1.06496,0.01
17,1017,415,40770,0.199723,0.199723,1.07294,1.08465,0.01
17,1017,420,41260,0.199723,0.199723,1.09822,1.08386,0.01
17,1017,425,41750,0.199723,0.199723,1.09058,1.0859,0.01
17,1017,430,42240,0.143188,0.143188,1.09139,1.08656,0.01
17,1017,435,42730,0.143188,0.143188,1.08679,1.06539,0.01
17,1017,440,43220,0.143188,0.143188,1.07928,1.05634,0.01
17,1017,445,43710,0.143188,0.143188,1.06568,1.0737,0.01
17,1017,450,44200,0.143188,0.143188,1.07902,1.08101,0.01
17,1017,455,44690,0.143188,0.143188,1.05822,1.05818,0.01
17,1017,460,45180,0.143188,0.143188,1.0566,1.07036,0.01
17,1017,465,45670,0.143188,0.143188,1.07037,1.06573,0.01
17,1017,470,46160,0.143188,0.143188,1.03408,1.05978,0.01
17,1017,475,46650,0.143188,0.143188,1.08797,1.09527,0.01
17,1017,480,47140,0.143188,0.143188,1.07431,1.08581,0.01
17,1017,485,47630,0.143188,0.143188,1.06146,1.08874,0.01
17,1017,490,48120,0.143188,0.143188,1.04452,1.06081,0.01
17,1017,495,48610,0.143188,0.143188,1.10498,1.10173,0.01
17,1017,500,49100,0.143188,0.143188,1.07186,1.07886,0.01
17,1017,505,49590,0.143188,0.143188,1.10205,1.09415,0.01
17,1017,510,50000,0.143188,0.143188,1.02651,1.07644,0.01
18,1018,0,100,103.949,103.949,297.863,292.377,0.01
18,1018,5,590,23.6425,23.6425,95.6825,85.5504,0.01
18,1018,10,1080,6.81682,6.81682,18.4528,16.6255,0.01
18,1018,15,1570,1.79949,1.79949,4.67024,4.11187,0.01
18,1018,20,2060,1.02264,1.02264,1.49756,1.41276,0.01
18,1018,25,2550,0.815297,0.815297,1.13581,1.14246,0.01
18,1018,30,3040,0.649901,0.649901,1.10313,1.09508,0.01
18,1018,35,3530,0.649901,0.649901,1.08342,1.07736,0.01
18,1018,40,4020,0.649901,0.649901,1.11107,1.09707,0.01
18,1018,45,4510,0.649901,0.649901,1.09079,1.06822,0.01
18,1018,50,5000,0.649901,0.649901,1.0876,1.06989,0.01
18,1018,55,5490,0.649901,0.649901,1.09069,1.0759,0.01
18,1018,60,5980,0.605774,0.605774,1.09879,1.08414,0.01
18,1018,65,6470,0.605774,0.605774,1.076,1.06323,0.01
18,1018,70,6960,0.605774,0.605774,1.08585,1.07434,0.01
18,1018,75,7450,0.605774,0.605774,1.08915,1.07148,0.01
18,1018,80,7940,0.605774,0.605774,1.07947,1.06466,0.01
18,1018,85,8430,0.605774,0.605774,1.07773,1.06292,0.01
18,1018,90,8920,0.605774,0.605774,1.05237,1.06363,0.01
18,1018,95,9410,0.605774,0.605774,1.09109,1.08621,0.01
18,1018,100,9900,0.546678,0.546678,1.05442,1.0841,0.01
18,1018,105,10390,0.440975,0.440975,1.0979,1.09691,0.01
18,1018,110,10880,0.440975,0.440975,1.09785,1.08513,0.01
18,1018,115,11370,0.440975,0.440975,1.07711,1.09121,0.01
18,1018,120,11860,0.440975,0.440975,1.1107,1.09565,0.01
18,1018,125,12350,0.440975,0.440975,1.09746,1.08954,0.01
18,1018,130,12840,0.440975,0.440975,1.09934,1.09262,0.01
18,1018,135,13330,0.440975,0.440975,1.11363,1.10856,0.01
18,1018,140,13820,0.440975,0.440975,1.10076,1.08335,0.01
18,1018,145,14310,0.440975,0.440975,1.08668,1.06928,0.01
18,1018,150,14800,0.440975,0.440975,1.09864,1.07582,0.01
18,1018,155,15290,0.440975,0.440975,1.07377,1.07053,0.01
18,1018,160,15780,0.440975,0.440975,1.12094,1.1116,0.01
18,1018,165,16270,0.407059,0.407059,1.07439,1.05761,0.01
18,1018,170,16760,0.407059,0.407059,1.07505,1.06601,0.01
18,1018,175,17250,0.407059,0.407059,1.08501,1.08197,0.01
18,1018,180,17740,0.407059,0.407059,1.08543,1.07663,0.01
18,1018,185,18230,0.407059,0.407059,1.09135,1.08296,0.01
18,1018,190,18720,0.407059,0.407059,1.10563,1.0909,0.01
18,1018,195,19210,0.407059,0.407059,1.08395,1.06682,0.01
18,1018,200,19700,0.368113,0.368113,1.10323,1.10484,0.01
18,1018,205,20190,0.368113,0.368113,1.08677,1.07173,0.01
18,1018,210,20680,0.362748,0.362748,1.07764,1.06491,0.01
18,1018,215,21170,0.335151,0.335151,1.08125,1.08264,0.01
18,1018,220,21660,0.335151,0.335151,1.12678,1.10582,0.01
18,1018,225,22150,0.335151,0.335151,1.07744,1.08341,0.01
18,1018,230,22640,0.335151,0.335151,1.08626,1.08375,0.01
18,1018,235,23130,0.335151,0.335151,1.09694,1.09414,0.01
18,1018,240,23620,0.335151,0.335151,1.12211,1.10543,0.01
18,1018,245,24110,0.335151,0.335151,1.07771,1.06961,0.01
18,1018,250,24600,0.335151,0.335151,1.06152,1.06193,0.01
18,1018,255,25090,0.335151,0.335151,1.07273,1.07367,0.01
18,1018,260,25580,0.335151,0.335151,1.06625,1.07013,0.01
18,1018,265,26070,0.335151,0.335151,1.0732,1.07193,0.01
18,1018,270,26560,0.335151,0.335151,1.07011,1.07745,0.01
18,1018,275,27050,0.335151,0.335151,1.09472,1.07787,0.01
18,1018,280,27540,0.335151,0.335151,1.06566,1.0629,0.01
18,1018,285,28030,0.335151,0.335151,1.07691,1.06893,0.01
18,1018,290,28520,0.304373,0.304373,1.07406,1.07162,0.01
18,1018,295,29010,0.304373,0.304373,1.07369,1.08432,0.01
18,1018,300,29500,0.304373,0.304373,1.09042,1.07859,0.01
18,1018,305,29990,0.304373,0.304373,1.09617,1.08165,0.01
18,1018,310,30480,0.304373,0.304373,1.08252,1.09385,0.01
18,1018,315,30970,0.304373,0.304373,1.09687,1.0826,0.01
18,1018,320,31460,0.304373,0.304373,1.09802,1.07799,0.01
18,1018,325,31950,0.304373,0.304373,1.09522,1.09348,0.01
18,1018,330,32440,0.304373,0.304373,1.07773,1.07796,0.01
18,1018,335,32930,0.304373,0.304373,1.10865,1.10929,0.01
18,1018,340,33420,0.304373,0.304373,1.11262,1.09289,0.01
18,1018,345,33910,0.304373,0.304373,1.12289,1.11339,0.01
18,1018,350,34400,0.296747,0.296747,1.08852,1.08586,0.01
18,1018,355,34890,0.296747,0.296747,1.0771,1.08285,0.01
18,1018,360,35380,0.296747,0.296747,1.08518,1.07887,0.01
18,1018,365,35870,0.296747,0.296747,1.06559,1.06777,0.01
18,1018,370,36360,0.296747,0.296747,1.08612,1.09133,0.01
18,1018,375,36850,0.296747,0.296747,1.0646,1.0614,0.01
18,1018,380,37340,0.296747,0.296747,1.088,1.07089,0.01
18,1018,385,37830,0.296747,0.296747,1.10183,1.09455,0.01
18,1018,390,38320,0.296747,0.296747,1.0896,1.07764,0.01
18,1018,395,38810,0.296747,0.296747,1.09507,1.09363,0.01
18,1018,400,39300,0.296747,0.296747,1.07066,1.0763,0.01
18,1018,405,39790,0.296747,0.296747,1.11075,1.09764,0.01
18,1018,410,40280,0.296747,0.296747,1.0978,1.09796,0.01
18,1018,415,40770,0.296747,0.296747,1.13795,1.1211,0.01
18,1018,420,41260,0.296747,0.296747,1.07745,1.06729,0.01
18,1018,425,41750,0.296747,0.296747,1.07698,1.08153,0.01
18,1018,430,42240,0.296747,0.296747,1.11864,1.09893,0.01
18,1018,435,42730,0.296747,0.296747,1.09968,1.0864,0.01
18,1018,440,43220,0.296747,0.296747,1.10692,1.10231,0.01
18,1018,445,43710,0.296747,0.296747,1.07486,1.09615,0.01
18,1018,450,44200,0.296747,0.296747,1.09687,1.09781,0.01
18,1018,455,44690,0.296747,0.296747,1.07311,1.06544,0.01
18,1018,460,45180,0.296747,0.296747,1.09031,1.0869,0.01
18,1018,465,45670,0.296747,0.296747,1.11772,1.11668,0.01
18,1018,470,46160,0.296747,0.296747,1.10434,1.08579,0.01
18,1018,475,46650,0.296747,0.296747,1.09789,1.10143,0.01
18,1018,480,47140,0.296747,0.296747,1.09448,1.08266,0.01
18,1018,485,47630,0.296747,0.296747,1.08369,1.08641,0.01
18,1018,490,48120,0.181693,0.181693,1.10211,1.09996,0.01
18,1018,495,48610,0.181693,0.181693,1.10182,1.08594,0.01
18,1018,500,49100,0.181693,0.181693,1.10856,1.09549,0.01
18,1018,505,49590,0.181693,0.181693,1.08099,1.0781,0.01
18,1018,510,50000,0.181693,0.181693,1.01577,1.09841,0.01
19,1019,0,100,58.6172,58.6172,301.73,297.31,0.01
19,1019,5,590,10.0577,10.0577,46.9246,42.2256,0.01
19,1019,10,1080,2.97471,2.97471,8.78563,8.57105,0.01
19,1019,15,1570,1.18074,1.18074,2.17348,2.08361,0.01
19,1019,20,2060,1.02236,1.02236,1.28577,1.24358,0.01
19,1019,25,2550,0.909863,0.909863,1.17139,1.14197,0.01
19,1019,30,3040,0.901667,0.901667,1.08059,1.06235,0.01
19,1019,35,3530,0.709679,0.709679,1.08598,1.06161,0.01
19,1019,40,4020,0.707491,0.707491,1.09713,1.07325,0.01
19,1019,45,4510,0.707491,0.707491,1.06873,1.057,0.01
19,1019,50,5000,0.671081,0.671081,1.08961,1.07154,0.01
19,1019,55,5490,0.489119,0.489119,1.06673,1.06401,0.01
19,1019,60,5980,0.489119,0.489119,1.0803,1.06274,0.01
19,1019,65,6470,0.489119,0.489119,1.09582,1.08032,0.01
19,1019,70,6960,0.489119,0.489119,1.08766,1.08081,0.01
19,1019,75,7450,0.489119,0.489119,1.06672,1.0609,0.01
19,1019,80,7940,0.489119,0.489119,1.08926,1.09064,0.01
19,1019,85,8430,0.489119,0.489119,1.10183,1.0861,0.01
19,1019,90,8920,0.489119,0.489119,1.0668,1.06211,0.01
19,1019,95,9410,0.489119,0.489119,1.09823,1.08303,0.01
19,1019,100,9900,0.489119,0.489119,1.118,1.1009,0.01
19,1019,105,10390,0.489119,0.489119,1.09136,1.07409,0.01
19,1019,110,10880,0.489119,0.489119,1.10127,1.08851,0.01
19,1019,115,11370,0.387355,0.387355,1.10053,1.08667,0.01
19,1019,120,11860,0.387355,0.387355,1.09457,1.08749,0.01
19,1019,125,12350,0.387355,0.387355,1.06968,1.0776,0.01
19,1019,130,12840,0.387355,0.387355,1.09005,1.07049,0.01
19,1019,135,13330,0.387355,0.387355,1.07888,1.07019,0.01
19,1019,140,13820,0.387355,0.387355,1.11838,1.10473,0.01
19,1019,145,14310,0.387355,0.387355,1.05765,1.07854,0.01
19,1019,150,14800,0.370092,0.370092,1.10832,1.11178,0.01
19,1019,155,15290,0.370092,0.370092,1.07189,1.07328,0.01
19,1019,160,15780,0.370092,0.370092,1.09057,1.08663,0.01
19,1019,165,16270,0.370092,0.370092,1.08156,1.07514,0.01
19,1019,170,16760,0.370092,0.370092,1.10458,1.07965,0.01
19,1019,175,17250,0.370092,0.370092,1.11447,1.10585,0.01
19,1019,180,17740,0.370092,0.370092,1.07137,1.05784,0.01
19,1019,185,18230,0.370092,0.370092,1.05103,1.05884,0.01
19,1019,190,18720,0.370092,0.370092,1.07292,1.07399,0.01
19,1019,195,19210,0.370092,0.370092,1.09269,1.09201,0.01
19,1019,200,19700,0.370092,0.370092,1.10587,1.08374,0.01
19,1019,205,20190,0.370092,0.370092,1.09299,1.09184,0.01
19,1019,210,20680,0.370092,0.370092,1.08553,1.08097,0.01
19,1019,215,21170,0.350668,0.350668,1.11053,1.08249,0.01
19,1019,220,21660,0.350497,0.350497,1.06864,1.07492,0.01
19,1019,225,22150,0.272034,0.272034,1.11657,1.09368,0.01
19,1019,230,22640,0.272034,0.272034,1.08909,1.08592,0.01
19,1019,235,23130,0.272034,0.272034,1.08188,1.07543,0.01
19,1019,240,23620,0.272034,0.272034,1.07051,1.08604,0.01
19,1019,245,24110,0.272034,0.272034,1.10756,1.0995,0.01
19,1019,250,24600,0.272034,0.272034,1.10378,1.10224,0.01
19,1019,255,25090,0.272034,0.272034,1.11164,1.08099,0.01
19,1019,260,25580,0.272034,0.272034,1.06866,1.09143,0.01
19,1019,265,26070,0.272034,0.272034,1.11226,1.13056,0.01
19,1019,270,26560,0.272034,0.272034,1.08969,1.08123,0.01
19,1019,275,27050,0.272034,0.272034,1.08387,1.08413,0.01
19,1019,280,27540,0.272034,0.272034,1.07237,1.0802,0.01
19,1019,285,28030,0.272034,0.272034,1.09504,1.08767,0.01
19,1019,290,28520,0.272034,0.272034,1.06395,1.06168,0.01
19,1019,295,29010,0.272034,0.272034,1.08637,1.08147,0.01
19,1019,300,29500,0.272034,0.272034,1.0784,1.0723,0.01
19,1019,305,29990,0.272034,0.272034,1.06613,1.07484,0.01
19,1019,310,30480,0.269747,0.269747,1.11601,1.11628,0.01
19,1019,315,30970,0.269747,0.269747,1.09137,1.09025,0.01
19,1019,320,31460,0.269747,0.269747,1.08898,1.09228,0.01
19,1019,325,31950,0.269747,0.269747,1.09613,1.09512,0.01
19,1019,330,32440,0.269747,0.269747,1.09103,1.08146,0.01
19,1019,335,32930,0.269747,0.269747,1.08654,1.07583,0.01
19,1019,340,33420,0.269747,0.269747,1.09463,1.09113,0.01
19,1019,345,33910,0.269747,0.269747,1.09625,1.08066,0.01
19,1019,350,34400,0.269747,0.269747,1.06759,1.07247,0.01
19,1019,355,34890,0.269747,0.269747,1.08082,1.08504,0.01
19,1019,360,35380,0.269747,0.269747,1.10602,1.11437,0.01
19,1019,365,35870,0.262853,0.262853,1.07245,1.08441,0.01
19,1019,370,36360,0.262853,0.262853,1.09519,1.10823,0.01
19,1019,375,36850,0.262853,0.262853,1.06303,1.0679,0.01
19,1019,380,37340,0.262853,0.262853,1.09511,1.08806,0.01
19,1019,385,37830,0.262853,0.262853,1.08362,1.0754,0.01
19,1019,390,38320,0.262853,0.262853,1.10183,1.09455,0.01
19,1019,395,38810,0.262853,0.262853,1.08807,1.07824,0.01
19,1019,400,39300,0.262853,0.262853,1.09449,1.07027,0.01
19,1019,405,39790,0.258831,0.258831,1.05871,1.07753,0.01
19,1019,410,40280,0.212054,0.212054,1.05736,1.05708,0.01
19,1019,415,40770,0.195391,0.195391,1.07573,1.06498,0.01
19,1019,420,41260,0.188119,0.188119,1.103,1.10725,0.01
19,1019,425,41750,0.188119,0.188119,1.09219,1.09331,0.01
19,1019,430,42240,0.188119,0.188119,1.10117,1.10306,0.01
19,1019,435,42730,0.188119,0.188119,1.09363,1.08264,0.01
19,1019,440,43220,0.188119,0.188119,1.06964,1.06812,0.01
19,1019,445,43710,0.188119,0.188119,1.05766,1.06237,0.01
19,1019,450,44200,0.188119,0.188119,1.09385,1.06463,0.01
19,1019,455,44690,0.188119,0.188119,1.08821,1.09923,0.01
19,1019,460,45180,0.188119,0.188119,1.09585,1.08009,0.01
19,1019,465,45670,0.188119,0.188119,1.09225,1.08932,0.01
19,1019,470,46160,0.188119,0.188119,1.06101,1.06419,0.01
19,1019,475,46650,0.188119,0.188119,1.08262,1.08221,0.01
19,1019,480,47140,0.188119,0.188119,1.05724,1.05778,0.01
19,1019,485,47630,0.188119,0.188119,1.07229,1.0771,0.01
19,1019,490,48120,0.188119,0.188119,1.06073,1.06591,0.01
19,1019,495,48610,0.188119,0.188119,1.07483,1.07244,0.01
19,1019,500,49100,0.188119,0.188119,1.06794,1.06969,0.01
19,1019,505,49590,0.188119,0.188119,1.1078,1.11426,0.01
19,1019,510,50000,0.188119,0.188119,1.01529,1.08487,0.01
