run,seed,gen,evals,best_so_far,pop_best,pop_mean,pop_median,sigma_med
0,1000,0,100,100.628,100.628,293.485,304.432,0.1
0,1000,5,590,20.2357,20.2357,64.5839,59.6903,0.1
0,1000,10,1080,5.77561,5.77561,20.3697,17.469,0.1
0,1000,15,1570,2.04502,2.04502,9.00995,7.00558,0.1
0,1000,20,2060,1.39976,1.39976,7.15886,5.07542,0.1
0,1000,25,2550,1.30245,1.30245,7.40222,4.55502,0.1
0,1000,30,3040,1.12787,1.12787,6.08361,3.67296,0.1
0,1000,35,3530,1.04056,1.04056,6.27918,3.5935,0.1
0,1000,40,4020,1.04056,1.04056,4.87304,2.58457,0.1
0,1000,45,4510,1.04056,1.04056,5.3762,3.29467,0.1
0,1000,50,5000,1.04056,1.04056,5.90593,2.94445,0.1
0,1000,55,5490,1.01378,1.01378,6.11788,3.31673,0.1
0,1000,60,5980,1.01378,1.01378,6.04399,3.45081,0.1
0,1000,65,6470,1.01378,1.01378,5.88862,2.89739,0.1
0,1000,70,6960,1.01378,1.01378,4.62963,2.6076,0.1
0,1000,75,7450,1.01378,1.01378,4.88788,2.29569,0.1
0,1000,80,7940,1.01378,1.01378,5.66482,2.72936,0.1
0,1000,85,8430,1.01296,1.01296,5.57052,2.61866,0.1
0,1000,90,8920,0.984191,0.984191,6.11241,3.18244,0.1
0,1000,95,9410,0.981765,0.981765,5.18421,3.39243,0.1
0,1000,100,9900,0.981765,0.981765,5.14661,2.98972,0.1
0,1000,105,10390,0.968124,0.968124,6.31103,3.56486,0.1
0,1000,110,10880,0.968124,0.968124,5.36705,2.83165,0.1
0,1000,115,11370,0.968124,0.968124,5.80911,2.64129,0.1
0,1000,120,11860,0.968124,0.968124,6.37114,3.62761,0.1
0,1000,125,12350,0.968124,0.968124,7.14127,3.1831,0.1
0,1000,130,12840,0.968124,0.968124,6.73453,2.77577,0.1
0,1000,135,13330,0.968124,0.968124,6.7651,4.17236,0.1
0,1000,140,13820,0.968124,0.968124,6.17972,2.83063,0.1
0,1000,145,14310,0.968124,0.968124,5.46758,2.94397,0.1
0,1000,150,14800,0.968124,0.968124,5.45006,3.04177,0.1
0,1000,155,15290,0.968124,0.968124,7.58845,4.26186,0.1
0,1000,160,15780,0.968124,0.968124,5.39362,3.21606,0.1
0,1000,165,16270,0.968124,0.968124,5.01339,2.96375,0.1
0,1000,170,16760,0.968124,0.968124,5.60406,3.33924,0.1
0,1000,175,17250,0.968124,0.968124,7.58261,3.26204,0.1
0,1000,180,17740,0.968124,0.968124,7.51655,3.89675,0.1
0,1000,185,18230,0.968124,0.968124,5.89318,2.99528,0.1
0,1000,190,18720,0.968124,0.968124,5.01108,2.86915,0.1
0,1000,195,19210,0.968124,0.968124,6.18042,3.09604,0.1
0,1000,200,19700,0.968124,0.968124,4.89664,2.64333,0.1
0,1000,205,20190,0.968124,0.968124,5.9079,3.31171,0.1
0,1000,210,20680,0.968124,0.968124,5.9149,4.04493,0.1
0,1000,215,21170,0.968124,0.968124,5.92421,3.28505,0.1
0,1000,220,21660,0.968124,0.968124,6.45243,3.48898,0.1
0,1000,225,22150,0.968124,0.968124,5.92853,4.10592,0.1
0,1000,230,22640,0.968124,0.968124,6.48729,3.18532,0.1
0,1000,235,23130,0.968124,0.968124,5.46501,2.89621,0.1
0,1000,240,23620,0.968124,0.968124,6.30246,2.49149,0.1
0,1000,245,24110,0.968124,0.968124,7.07471,3.98492,0.1
0,1000,250,24600,0.968124,0.968124,6.24915,3.37929,0.1
0,1000,255,25090,0.968124,0.968124,6.69298,4.06351,0.1
0,1000,260,25580,0.968124,0.968124,6.22693,2.86995,0.1
0,1000,265,26070,0.968124,0.968124,4.68682,2.60774,0.1
0,1000,270,26560,0.968124,0.968124,6.27111,4.38186,0.1
0,1000,275,27050,0.968124,0.968124,5.67567,3.49652,0.1
0,1000,280,27540,0.968124,0.968124,7.30569,3.0194,0.1
0,1000,285,28030,0.968124,0.968124,6.3288,2.6685,0.1
0,1000,290,28520,0.968124,0.968124,5.47861,3.75068,0.1
0,1000,295,29010,0.968124,0.968124,4.65219,3.03373,0.1
0,1000,300,29500,0.968124,0.968124,7.58711,4.53153,0.1
0,1000,305,29990,0.968124,0.968124,6.42084,3.0728,0.1
0,1000,310,30480,0.968124,0.968124,6.58188,3.63339,0.1
0,1000,315,30970,0.968124,0.968124,6.64279,4.13823,0.1
0,1000,320,31460,0.968124,0.968124,7.04231,4.15366,0.1
0,1000,325,31950,0.968124,0.968124,5.34337,2.99194,0.1
0,1000,330,32440,0.968124,0.968124,5.67682,2.6904,0.1
0,1000,335,32930,0.968124,0.968124,5.79729,3.55157,0.1
0,1000,340,33420,0.968124,0.968124,5.29772,2.61646,0.1
0,1000,345,33910,0.968124,0.968124,6.76736,3.94048,0.1
0,1000,350,34400,0.968124,0.968124,5.80228,3.5777,0.1
0,1000,355,34890,0.968124,0.968124,6.64524,4.29122,0.1
0,1000,360,35380,0.910052,0.910052,6.93087,3.82939,0.1
0,1000,365,35870,0.910052,0.910052,5.73594,3.33156,0.1
0,1000,370,36360,0.894657,0.894657,5.49241,3.14467,0.1
0,1000,375,36850,0.894657,0.894657,6.38641,3.12313,0.1
0,1000,380,37340,0.894657,0.894657,6.17699,4.68152,0.1
0,1000,385,37830,0.894657,0.894657,6.65881,3.58126,0.1
0,1000,390,38320,0.894657,0.894657,6.02087,3.59753,0.1
0,1000,395,38810,0.894657,0.894657,5.99767,3.19007,0.1
0,1000,400,39300,0.894657,0.894657,5.87238,3.55983,0.1
0,1000,405,39790,0.894657,0.894657,5.88404,2.83221,0.1
0,1000,410,40280,0.894657,0.894657,6.66195,4.05038,0.1
0,1000,415,40770,0.894657,0.894657,5.728,3.24659,0.1
0,1000,420,41260,0.894657,0.894657,5.98488,3.33848,0.1
0,1000,425,41750,0.894657,0.894657,5.76187,3.29538,0.1
0,1000,430,42240,0.894657,0.894657,6.00351,3.65715,0.1
0,1000,435,42730,0.894657,0.894657,7.00368,3.65473,0.1
0,1000,440,43220,0.879859,0.879859,7.30538,5.01202,0.1
0,1000,445,43710,0.879859,0.879859,6.3605,3.95424,0.1
0,1000,450,44200,0.844808,0.844808,5.65097,3.09781,0.1
0,1000,455,44690,0.844808,0.844808,4.89374,3.27871,0.1
0,1000,460,45180,0.844808,0.844808,4.96418,2.92421,0.1
0,1000,465,45670,0.784425,0.784425,6.08292,3.48624,0.1
0,1000,470,46160,0.784425,0.784425,5.77616,3.09067,0.1
0,1000,475,46650,0.784425,0.784425,5.92192,3.23252,0.1
0,1000,480,47140,0.784425,0.784425,4.9468,3.04052,0.1
0,1000,485,47630,0.784425,0.784425,5.61432,3.14369,0.1
0,1000,490,48120,0.784425,0.784425,6.46983,3.36002,0.1
0,1000,495,48610,0.784425,0.784425,5.12369,2.33664,0.1
0,1000,500,49100,0.784425,0.784425,7.04279,3.38718,0.1
0,1000,505,49590,0.784425,0.784425,6.79152,3.26801,0.1
0,1000,510,50000,0.784425,0.784425,5.50896,3.68837,0.1
1,1001,0,100,108.37,108.37,295.742,290.623,0.1
1,1001,5,590,19.284,19.284,67.793,61.1372,0.1
1,1001,10,1080,6.3787,6.3787,23.0169,19.5864,0.1
1,1001,15,1570,2.71174,2.71174,11.3283,9.43437,0.1
1,1001,20,2060,1.63868,1.63868,8.55991,5.56507,0.1
1,1001,25,2550,1.2451,1.2451,7.12967,5.33988,0.1
1,1001,30,3040,1.2451,1.2451,5.51729,3.98072,0.1
1,1001,35,3530,1.08304,1.08304,6.88162,3.44921,0.1
1,1001,40,4020,1.08304,1.08304,6.74619,2.73472,0.1
1,1001,45,4510,1.08304,1.08304,5.13394,3.23872,0.1
1,1001,50,5000,1.03133,1.03133,6.34943,3.368,0.1
1,1001,55,5490,0.972423,0.972423,5.63429,3.44562,0.1
1,1001,60,5980,0.972423,0.972423,5.5235,3.57534,0.1
1,1001,65,6470,0.972423,0.972423,5.02647,2.28524,0.1
1,1001,70,6960,0.869648,0.869648,5.94705,3.50569,0.1
1,1001,75,7450,0.869648,0.869648,7.72378,3.24055,0.1
1,1001,80,7940,0.869648,0.869648,6.28709,3.75302,0.1
1,1001,85,8430,0.869648,0.869648,5.74175,2.74088,0.1
1,1001,90,8920,0.869648,0.869648,5.85234,3.71322,0.1
1,1001,95,9410,0.869648,0.869648,6.61263,3.68846,0.1
1,1001,100,9900,0.869648,0.869648,6.1146,3.51598,0.1
1,1001,105,10390,0.869648,0.869648,7.12649,3.11386,0.1
1,1001,110,10880,0.869648,0.869648,6.98154,3.47438,0.1
1,1001,115,11370,0.759927,0.759927,5.6803,2.7583,0.1
1,1001,120,11860,0.759927,0.759927,5.93687,3.15927,0.1
1,1001,125,12350,0.759927,0.759927,4.97772,2.6582,0.1
1,1001,130,12840,0.759927,0.759927,4.75632,2.55689,0.1
1,1001,135,13330,0.759927,0.759927,5.57603,3.62322,0.1
1,1001,140,13820,0.759927,0.759927,4.63687,2.62493,0.1
1,1001,145,14310,0.759927,0.759927,5.9437,3.1794,0.1
1,1001,150,14800,0.70721,0.70721,5.03036,2.83803,0.1
1,1001,155,15290,0.70721,0.70721,4.92493,2.62393,0.1
1,1001,160,15780,0.70721,0.70721,5.4277,2.96858,0.1
1,1001,165,16270,0.70721,0.70721,5.9254,4.06954,0.1
1,1001,170,16760,0.70721,0.70721,6.42452,3.74999,0.1
1,1001,175,17250,0.70721,0.70721,5.577,3.53328,0.1
1,1001,180,17740,0.70721,0.70721,5.40661,3.32264,0.1
1,1001,185,18230,0.70721,0.70721,6.20487,3.35426,0.1
1,1001,190,18720,0.70721,0.70721,5.63735,3.94145,0.1
1,1001,195,19210,0.70721,0.70721,7.52199,5.02978,0.1
1,1001,200,19700,0.70721,0.70721,6.88676,4.64622,0.1
1,1001,205,20190,0.70721,0.70721,5.638,3.22108,0.1
1,1001,210,20680,0.70721,0.70721,5.07779,2.84254,0.1
1,1001,215,21170,0.70721,0.70721,5.64111,3.13823,0.1
1,1001,220,21660,0.70721,0.70721,6.13436,3.66352,0.1
1,1001,225,22150,0.70721,0.70721,6.21388,4.26527,0.1
1,1001,230,22640,0.70721,0.70721,5.13024,2.91617,0.1
1,1001,235,23130,0.70721,0.70721,4.6288,3.39038,0.1
1,1001,240,23620,0.70721,0.70721,5.27702,3.31355,0.1
1,1001,245,24110,0.70721,0.70721,5.76028,3.18221,0.1
1,1001,250,24600,0.70721,0.70721,7.53947,4.1074,0.1
1,1001,255,25090,0.678153,0.678153,5.49305,3.31124,0.1
1,1001,260,25580,0.678153,0.678153,5.80807,3.46986,0.1
1,1001,265,26070,0.678153,0.678153,6.43193,3.97856,0.1
1,1001,270,26560,0.678153,0.678153,6.53687,2.72458,0.1
1,1001,275,27050,0.678153,0.678153,6.82239,3.14634,0.1
1,1001,280,27540,0.674613,0.674613,4.93395,2.37507,0.1
1,1001,285,28030,0.674613,0.674613,5.72767,3.62736,0.1
1,1001,290,28520,0.674613,0.674613,5.25102,3.32423,0.1
1,1001,295,29010,0.674613,0.674613,5.50965,2.65225,0.1
1,1001,300,29500,0.674613,0.674613,6.06345,2.81002,0.1
1,1001,305,29990,0.674613,0.674613,6.07754,2.84342,0.1
1,1001,310,30480,0.674613,0.674613,6.65546,3.32803,0.1
1,1001,315,30970,0.674613,0.674613,5.09775,3.01358,0.1
1,1001,320,31460,0.674613,0.674613,7.34587,3.50894,0.1
1,1001,325,31950,0.674613,0.674613,6.53715,4.53921,0.1
1,1001,330,32440,0.674613,0.674613,5.59951,3.12059,0.1
1,1001,335,32930,0.674613,0.674613,6.27795,3.73103,0.1
1,1001,340,33420,0.674613,0.674613,6.26231,2.95281,0.1
1,1001,345,33910,0.674613,0.674613,6.62975,4.15984,0.1
1,1001,350,34400,0.674613,0.674613,6.2806,4.09525,0.1
1,1001,355,34890,0.674613,0.674613,7.79657,4.35562,0.1
1,1001,360,35380,0.674613,0.674613,5.57632,3.2463,0.1
1,1001,365,35870,0.674613,0.674613,5.16642,3.26001,0.1
1,1001,370,36360,0.674613,0.674613,6.41736,3.678,0.1
1,1001,375,36850,0.674613,0.674613,6.72716,4.37625,0.1
1,1001,380,37340,0.674613,0.674613,5.77495,2.79237,0.1
1,1001,385,37830,0.674613,0.674613,5.79042,2.84165,0.1
1,1001,390,38320,0.650127,0.650127,5.16171,2.92471,0.1
1,1001,395,38810,0.650127,0.650127,7.22428,3.69197,0.1
1,1001,400,39300,0.650127,0.650127,5.48469,2.53022,0.1
1,1001,405,39790,0.650127,0.650127,5.72721,3.2601,0.1
1,1001,410,40280,0.650127,0.650127,4.85385,3.11383,0.1
1,1001,415,40770,0.650127,0.650127,5.14457,3.10123,0.1
1,1001,420,41260,0.650127,0.650127,5.24213,2.78952,0.1
1,1001,425,41750,0.650127,0.650127,5.85247,3.01914,0.1
1,1001,430,42240,0.650127,0.650127,5.92151,3.00604,0.1
1,1001,435,42730,0.650127,0.650127,5.7582,3.32145,0.1
1,1001,440,43220,0.650127,0.650127,7.03193,4.18042,0.1
1,1001,445,43710,0.650127,0.650127,6.28153,3.19961,0.1
1,1001,450,44200,0.650127,0.650127,6.88038,4.71576,0.1
1,1001,455,44690,0.650127,0.650127,6.30696,3.04877,0.1
1,1001,460,45180,0.650127,0.650127,6.05136,3.12033,0.1
1,1001,465,45670,0.650127,0.650127,6.27201,2.95321,0.1
1,1001,470,46160,0.650127,0.650127,5.95542,3.05919,0.1
1,1001,475,46650,0.650127,0.650127,6.09357,3.50069,0.1
1,1001,480,47140,0.650127,0.650127,4.65656,2.97387,0.1
1,1001,485,47630,0.650127,0.650127,4.49825,2.21801,0.1
1,1001,490,48120,0.650127,0.650127,5.52296,2.92552,0.1
1,1001,495,48610,0.650127,0.650127,5.5897,2.74481,0.1
1,1001,500,49100,0.650127,0.650127,5.90424,2.93869,0.1
1,1001,505,49590,0.650127,0.650127,6.33834,3.44508,0.1
1,1001,510,50000,0.650127,0.650127,4.67595,2.0071,0.1
2,1002,0,100,103.106,103.106,301.662,302.775,0.1
2,1002,5,590,21.1919,21.1919,81.7299,75.8787,0.1
2,1002,10,1080,3.15706,3.15706,21.3441,19.2146,0.1
2,1002,15,1570,2.64421,2.64421,10.2566,7.60542,0.1
2,1002,20,2060,1.97929,1.97929,6.28013,4.64094,0.1
2,1002,25,2550,1.3714,1.3714,5.97403,3.82496,0.1
2,1002,30,3040,1.18485,1.18485,6.51358,4.37095,0.1
2,1002,35,3530,1.09546,1.09546,5.33024,3.17706,0.1
2,1002,40,4020,1.06798,1.06798,6.66704,2.85548,0.1
2,1002,45,4510,1.04931,1.04931,5.48302,2.79993,0.1
2,1002,50,5000,1.04931,1.04931,6.12968,2.89147,0.1
2,1002,55,5490,1.04931,1.04931,6.51674,4.25464,0.1
2,1002,60,5980,0.981024,0.981024,5.94752,3.11697,0.1
2,1002,65,6470,0.981024,0.981024,5.76845,2.586,0.1
2,1002,70,6960,0.812589,0.812589,6.33697,3.15404,0.1
2,1002,75,7450,0.743192,0.743192,5.74571,2.84418,0.1
2,1002,80,7940,0.743192,0.743192,5.3142,2.72765,0.1
2,1002,85,8430,0.743192,0.743192,5.46229,4.13799,0.1
2,1002,90,8920,0.743192,0.743192,4.78114,2.67797,0.1
2,1002,95,9410,0.743192,0.743192,6.18062,3.11261,0.1
2,1002,100,9900,0.743192,0.743192,5.69218,2.88287,0.1
2,1002,105,10390,0.743192,0.743192,5.72716,3.1377,0.1
2,1002,110,10880,0.743192,0.743192,6.5567,3.02346,0.1
2,1002,115,11370,0.743192,0.743192,5.65843,2.72328,0.1
2,1002,120,11860,0.743192,0.743192,4.69933,2.7361,0.1
2,1002,125,12350,0.685354,0.685354,6.07227,3.45963,0.1
2,1002,130,12840,0.685354,0.685354,6.34307,3.47418,0.1
2,1002,135,13330,0.685354,0.685354,7.44843,3.48154,0.1
2,1002,140,13820,0.685354,0.685354,5.05322,3.10087,0.1
2,1002,145,14310,0.685354,0.685354,4.89282,2.62404,0.1
2,1002,150,14800,0.685354,0.685354,6.21514,3.28236,0.1
2,1002,155,15290,0.685354,0.685354,6.40525,2.46535,0.1
2,1002,160,15780,0.685354,0.685354,6.11067,3.4406,0.1
2,1002,165,16270,0.685354,0.685354,5.53326,2.89266,0.1
2,1002,170,16760,0.685354,0.685354,5.33999,3.13766,0.1
2,1002,175,17250,0.685354,0.685354,4.93219,2.39116,0.1
2,1002,180,17740,0.685354,0.685354,6.38953,3.64354,0.1
2,1002,185,18230,0.685354,0.685354,6.27096,3.92703,0.1
2,1002,190,18720,0.685354,0.685354,5.76707,3.11906,0.1
2,1002,195,19210,0.685354,0.685354,5.02803,2.77817,0.1
2,1002,200,19700,0.685354,0.685354,5.72222,3.41467,0.1
2,1002,205,20190,0.671408,0.671408,5.66976,3.26802,0.1
2,1002,210,20680,0.671408,0.671408,5.33022,2.31881,0.1
2,1002,215,21170,0.671408,0.671408,4.68012,2.43003,0.1
2,1002,220,21660,0.671408,0.671408,4.63559,2.09895,0.1
2,1002,225,22150,0.671408,0.671408,4.51298,2.36367,0.1
2,1002,230,22640,0.580073,0.580073,6.47267,3.17822,0.1
2,1002,235,23130,0.580073,0.580073,4.13671,2.65982,0.1
2,1002,240,23620,0.580073,0.580073,5.91752,3.08881,0.1
2,1002,245,24110,0.580073,0.580073,6.72403,2.67148,0.1
2,1002,250,24600,0.580073,0.580073,5.57716,2.53557,0.1
2,1002,255,25090,0.580073,0.580073,6.14664,2.83937,0.1
2,1002,260,25580,0.580073,0.580073,6.21012,3.84896,0.1
2,1002,265,26070,0.580073,0.580073,4.9523,2.57097,0.1
2,1002,270,26560,0.580073,0.580073,5.94104,2.50903,0.1
2,1002,275,27050,0.580073,0.580073,4.81188,2.54089,0.1
2,1002,280,27540,0.580073,0.580073,6.85763,3.8609,0.1
2,1002,285,28030,0.580073,0.580073,5.88406,2.43988,0.1
2,1002,290,28520,0.580073,0.580073,6.52029,3.71021,0.1
2,1002,295,29010,0.580073,0.580073,5.4631,3.3404,0.1
2,1002,300,29500,0.580073,0.580073,6.4245,3.98673,0.1
2,1002,305,29990,0.580073,0.580073,6.34317,3.36336,0.1
2,1002,310,30480,0.580073,0.580073,7.04842,3.3204,0.1
2,1002,315,30970,0.516267,0.516267,5.87126,3.32697,0.1
2,1002,320,31460,0.516267,0.516267,5.89865,3.35387,0.1
2,1002,325,31950,0.516267,0.516267,5.47116,3.36229,0.1
2,1002,330,32440,0.516267,0.516267,5.84787,3.4099,0.1
2,1002,335,32930,0.516267,0.516267,4.20295,2.03309,0.1
2,1002,340,33420,0.516267,0.516267,6.57287,2.95109,0.1
2,1002,345,33910,0.516267,0.516267,5.84535,4.42401,0.1
2,1002,350,34400,0.516267,0.516267,6.81303,3.87531,0.1
2,1002,355,34890,0.516267,0.516267,6.09344,3.47198,0.1
2,1002,360,35380,0.516267,0.516267,5.81477,3.19146,0.1
2,1002,365,35870,0.516267,0.516267,5.96744,3.06099,0.1
2,1002,370,36360,0.516267,0.516267,5.5853,2.93462,0.1
2,1002,375,36850,0.516267,0.516267,6.75823,4.91375,0.1
2,1002,380,37340,0.516267,0.516267,4.35757,2.90396,0.1
2,1002,385,37830,0.516267,0.516267,5.44441,3.51937,0.1
2,1002,390,38320,0.516267,0.516267,5.40616,2.8292,0.1
2,1002,395,38810,0.516267,0.516267,7.50039,4.53352,0.1
2,1002,400,39300,0.516267,0.516267,5.32915,2.93232,0.1
2,1002,405,39790,0.516267,0.516267,7.02135,3.41745,0.1
2,1002,410,40280,0.516267,0.516267,5.41361,2.63228,0.1
2,1002,415,40770,0.516267,0.516267,4.47394,2.49606,0.1
2,1002,420,41260,0.516267,0.516267,5.5833,2.67263,0.1
2,1002,425,41750,0.516267,0.516267,6.55999,3.71924,0.1
2,1002,430,42240,0.516267,0.516267,6.67483,3.63535,0.1
2,1002,435,42730,0.516267,0.516267,6.1411,3.07594,0.1
2,1002,440,43220,0.516267,0.516267,5.65788,2.85742,0.1
2,1002,445,43710,0.516267,0.516267,6.66745,3.29448,0.1
2,1002,450,44200,0.516267,0.516267,4.69805,2.58795,0.1
2,1002,455,44690,0.516267,0.516267,6.06494,3.9699,0.1
2,1002,460,45180,0.516267,0.516267,4.50749,2.52798,0.1
2,1002,465,45670,0.516267,0.516267,5.51357,3.32698,0.1
2,1002,470,46160,0.516267,0.516267,5.56729,2.92612,0.1
2,1002,475,46650,0.516267,0.516267,6.33821,2.89414,0.1
2,1002,480,47140,0.516267,0.516267,5.04359,2.76326,0.1
2,1002,485,47630,0.516267,0.516267,5.08941,2.42754,0.1
2,1002,490,48120,0.516267,0.516267,7.2103,3.77982,0.1
2,1002,495,48610,0.516267,0.516267,5.43593,2.81181,0.1
2,1002,500,49100,0.516267,0.516267,5.46834,3.36469,0.1
2,1002,505,49590,0.516267,0.516267,6.85749,5.06957,0.1
2,1002,510,50000,0.516267,0.516267,4.49919,2.45338,0.1
3,1003,0,100,113.617,113.617,308.072,301.35,0.1
3,1003,5,590,8.52129,8.52129,77.4137,73.5607,0.1
3,1003,10,1080,4.66646,4.66646,18.0597,15.4439,0.1
3,1003,15,1570,2.45376,2.45376,8.87637,6.06099,0.1
3,1003,20,2060,1.71115,1.71115,7.63555,5.04667,0.1
3,1003,25,2550,1.28993,1.28993,6.55999,4.22895,0.1
3,1003,30,3040,1.21581,1.21581,5.67142,4.03003,0.1
3,1003,35,3530,1.11319,1.11319,6.30583,4.29686,0.1
3,1003,40,4020,1.10657,1.10657,6.69973,4.22865,0.1
3,1003,45,4510,1.09159,1.09159,6.3307,4.48794,0.1
3,1003,50,5000,1.06536,1.06536,4.94312,2.99312,0.1
3,1003,55,5490,1.06386,1.06386,5.638,3.2618,0.1
3,1003,60,5980,1.04523,1.04523,7.41297,4.02556,0.1
3,1003,65,6470,1.04523,1.04523,5.85268,3.68709,0.1
3,1003,70,6960,1.03112,1.03112,5.85114,2.40849,0.1
3,1003,75,7450,1.03112,1.03112,4.75506,2.18953,0.1
3,1003,80,7940,1.03112,1.03112,5.9612,2.8081,0.1
3,1003,85,8430,1.03112,1.03112,6.32482,3.47502,0.1
3,1003,90,8920,0.793906,0.793906,5.6487,3.06122,0.1
3,1003,95,9410,0.793906,0.793906,4.82729,2.41517,0.1
3,1003,100,9900,0.793906,0.793906,6.09431,3.31274,0.1
3,1003,105,10390,0.793906,0.793906,5.34946,2.01361,0.1
3,1003,110,10880,0.793906,0.793906,4.77456,2.60525,0.1
3,1003,115,11370,0.793906,0.793906,4.70903,2.17426,0.1
3,1003,120,11860,0.793906,0.793906,4.33495,2.43002,0.1
3,1003,125,12350,0.756242,0.756242,5.18166,3.12876,0.1
3,1003,130,12840,0.756242,0.756242,6.40931,2.89702,0.1
3,1003,135,13330,0.756242,0.756242,5.25688,3.02657,0.1
3,1003,140,13820,0.756242,0.756242,7.34259,4.24017,0.1
3,1003,145,14310,0.756242,0.756242,6.26166,3.60689,0.1
3,1003,150,14800,0.733542,0.733542,6.40079,3.65128,0.1
3,1003,155,15290,0.680364,0.680364,5.2032,2.94708,0.1
3,1003,160,15780,0.680364,0.680364,5.68228,3.04493,0.1
3,1003,165,16270,0.680364,0.680364,5.76735,2.82029,0.1
3,1003,170,16760,0.680364,0.680364,5.45146,2.94984,0.1
3,1003,175,17250,0.680364,0.680364,7.04182,3.31178,0.1
3,1003,180,17740,0.680364,0.680364,6.80277,3.71852,0.1
3,1003,185,18230,0.680364,0.680364,5.75469,2.98177,0.1
3,1003,190,18720,0.680364,0.680364,5.6022,3.12557,0.1
3,1003,195,19210,0.680364,0.680364,5.87684,3.03819,0.1
3,1003,200,19700,0.680364,0.680364,4.52056,2.42455,0.1
3,1003,205,20190,0.680364,0.680364,5.09818,2.83461,0.1
3,1003,210,20680,0.61336,0.61336,5.85867,3.92179,0.1
3,1003,215,21170,0.61336,0.61336,5.08355,2.97904,0.1
3,1003,220,21660,0.61336,0.61336,4.62737,2.53777,0.1
3,1003,225,22150,0.61336,0.61336,4.95376,2.37305,0.1
3,1003,230,22640,0.610138,0.610138,6.31424,3.70845,0.1
3,1003,235,23130,0.610138,0.610138,5.87775,3.26958,0.1
3,1003,240,23620,0.600811,0.600811,6.47595,3.49076,0.1
3,1003,245,24110,0.595521,0.595521,5.15079,2.92614,0.1
3,1003,250,24600,0.595521,0.595521,5.04595,2.49377,0.1
3,1003,255,25090,0.595521,0.595521,5.07057,2.79526,0.1
3,1003,260,25580,0.595521,0.595521,5.83342,3.24973,0.1
3,1003,265,26070,0.595521,0.595521,5.51012,3.54971,0.1
3,1003,270,26560,0.595521,0.595521,5.43704,3.29199,0.1
3,1003,275,27050,0.595521,0.595521,6.07007,2.65208,0.1
3,1003,280,27540,0.595521,0.595521,6.30782,3.40392,0.1
3,1003,285,28030,0.595521,0.595521,6.37517,3.74879,0.1
3,1003,290,28520,0.595521,0.595521,6.53739,3.27333,0.1
3,1003,295,29010,0.595521,0.595521,6.44122,3.85878,0.1
3,1003,300,29500,0.589667,0.589667,6.41081,3.45216,0.1
3,1003,305,29990,0.589667,0.589667,6.06433,3.29161,0.1
3,1003,310,30480,0.589667,0.589667,5.79017,3.11918,0.1
3,1003,315,30970,0.589667,0.589667,5.45958,3.19246,0.1
3,1003,320,31460,0.482946,0.482946,5.69325,3.15224,0.1
3,1003,325,31950,0.482946,0.482946,4.41225,2.76878,0.1
3,1003,330,32440,0.482946,0.482946,5.64315,3.00039,0.1
3,1003,335,32930,0.482946,0.482946,6.1288,2.57293,0.1
3,1003,340,33420,0.482946,0.482946,6.07218,3.09823,0.1
3,1003,345,33910,0.482946,0.482946,5.31665,3.144,0.1
3,1003,350,34400,0.482946,0.482946,6.2267,3.40897,0.1
3,1003,355,34890,0.482946,0.482946,6.03777,3.81337,0.1
3,1003,360,35380,0.482946,0.482946,5.73077,3.33442,0.1
3,1003,365,35870,0.482946,0.482946,7.68806,4.7456,0.1
3,1003,370,36360,0.482946,0.482946,5.03137,2.68545,0.1
3,1003,375,36850,0.482946,0.482946,5.95571,2.27144,0.1
3,1003,380,37340,0.482946,0.482946,4.78904,2.65971,0.1
3,1003,385,37830,0.482946,0.482946,6.29342,2.54446,0.1
3,1003,390,38320,0.472986,0.472986,4.87614,2.3973,0.1
3,1003,395,38810,0.472986,0.472986,5.39947,3.2593,0.1
3,1003,400,39300,0.472986,0.472986,5.48041,2.66466,0.1
3,1003,405,39790,0.472986,0.472986,5.50299,2.27733,0.1
3,1003,410,40280,0.472986,0.472986,5.93286,2.56961,0.1
3,1003,415,40770,0.472986,0.472986,6.10118,2.86379,0.1
3,1003,420,41260,0.472986,0.472986,4.94502,3.01811,0.1
3,1003,425,41750,0.472986,0.472986,5.50092,3.11589,0.1
3,1003,430,42240,0.472986,0.472986,5.63712,2.85347,0.1
3,1003,435,42730,0.472986,0.472986,6.23178,3.96994,0.1
3,1003,440,43220,0.472986,0.472986,6.75606,3.88273,0.1
3,1003,445,43710,0.472986,0.472986,6.41204,3.14449,0.1
3,1003,450,44200,0.472986,0.472986,5.37946,2.71818,0.1
3,1003,455,44690,0.472986,0.472986,6.09751,3.47419,0.1
3,1003,460,45180,0.472986,0.472986,5.81653,3.39386,0.1
3,1003,465,45670,0.472986,0.472986,5.86323,3.72775,0.1
3,1003,470,46160,0.472986,0.472986,7.12919,3.34019,0.1
3,1003,475,46650,0.472986,0.472986,4.94532,2.55867,0.1
3,1003,480,47140,0.472986,0.472986,5.7684,3.40051,0.1
3,1003,485,47630,0.472986,0.472986,6.24576,4.47537,0.1
3,1003,490,48120,0.472986,0.472986,5.65605,2.63027,0.1
3,1003,495,48610,0.472986,0.472986,5.21504,2.80906,0.1
3,1003,500,49100,0.472986,0.472986,5.73999,3.16835,0.1
3,1003,505,49590,0.472986,0.472986,4.55884,2.25035,0.1
3,1003,510,50000,0.472986,0.472986,3.65384,2.5172,0.1
4,1004,0,100,87.1399,87.1399,304.782,309.677,0.1
4,1004,5,590,18.4127,18.4127,78.6513,68.2694,0.1
4,1004,10,1080,4.68492,4.68492,21.4753,18.1434,0.1
4,1004,15,1570,2.13401,2.13401,10.2841,8.13483,0.1
4,1004,20,2060,1.29336,1.29336,7.30406,4.70531,0.1
4,1004,25,2550,1.25527,1.25527,7.49847,4.07687,0.1
4,1004,30,3040,1.14878,1.14878,4.98612,3.33611,0.1
4,1004,35,3530,1.06628,1.06628,4.7124,3.10109,0.1
4,1004,40,4020,1.04137,1.04137,5.66865,3.82924,0.1
4,1004,45,4510,0.858839,0.858839,6.9316,3.93843,0.1
4,1004,50,5000,0.858839,0.858839,6.7741,4.31517,0.1
4,1004,55,5490,0.858839,0.858839,6.3786,3.9993,0.1
4,1004,60,5980,0.858839,0.858839,7.83934,3.82647,0.1
4,1004,65,6470,0.858839,0.858839,5.8331,3.04764,0.1
4,1004,70,6960,0.858839,0.858839,6.65033,3.76239,0.1
4,1004,75,7450,0.858839,0.858839,6.54514,3.94233,0.1
4,1004,80,7940,0.858839,0.858839,6.8852,4.88668,0.1
4,1004,85,8430,0.858839,0.858839,5.43426,3.48619,0.1
4,1004,90,8920,0.858839,0.858839,6.38759,3.43567,0.1
4,1004,95,9410,0.858839,0.858839,4.99365,2.66747,0.1
4,1004,100,9900,0.858839,0.858839,4.39593,2.45976,0.1
4,1004,105,10390,0.858839,0.858839,6.16522,2.3282,0.1
4,1004,110,10880,0.858839,0.858839,5.23068,2.7679,0.1
4,1004,115,11370,0.858839,0.858839,4.56863,2.37039,0.1
4,1004,120,11860,0.67777,0.67777,5.22466,2.62635,0.1
4,1004,125,12350,0.618178,0.618178,5.02105,2.66231,0.1
4,1004,130,12840,0.618178,0.618178,5.3106,2.21257,0.1
4,1004,135,13330,0.618178,0.618178,6.39604,3.16491,0.1
4,1004,140,13820,0.618178,0.618178,6.26344,3.68509,0.1
4,1004,145,14310,0.618178,0.618178,5.72663,3.68356,0.1
4,1004,150,14800,0.618178,0.618178,5.24083,2.74675,0.1
4,1004,155,15290,0.618178,0.618178,5.53896,3.43013,0.1
4,1004,160,15780,0.618178,0.618178,4.71404,3.36195,0.1
4,1004,165,16270,0.618178,0.618178,6.66072,3.73328,0.1
4,1004,170,16760,0.618178,0.618178,5.86379,3.34445,0.1
4,1004,175,17250,0.618178,0.618178,5.70224,3.07212,0.1
4,1004,180,17740,0.618178,0.618178,6.5362,3.54833,0.1
4,1004,185,18230,0.618178,0.618178,5.53682,2.84172,0.1
4,1004,190,18720,0.618178,0.618178,6.33458,3.45959,0.1
4,1004,195,19210,0.592153,0.592153,5.7052,2.65337,0.1
4,1004,200,19700,0.592153,0.592153,4.65794,2.58149,0.1
4,1004,205,20190,0.592153,0.592153,5.55723,3.29637,0.1
4,1004,210,20680,0.592153,0.592153,6.51412,4.03857,0.1
4,1004,215,21170,0.592153,0.592153,6.91054,3.91655,0.1
4,1004,220,21660,0.498192,0.498192,5.87905,2.91037,0.1
4,1004,225,22150,0.498192,0.498192,5.30112,2.64438,0.1
4,1004,230,22640,0.498192,0.498192,4.91773,3.18171,0.1
4,1004,235,23130,0.498192,0.498192,5.94683,2.61182,0.1
4,1004,240,23620,0.498192,0.498192,5.12218,2.94607,0.1
4,1004,245,24110,0.498192,0.498192,7.35484,4.61901,0.1
4,1004,250,24600,0.498192,0.498192,5.86645,3.26364,0.1
4,1004,255,25090,0.498192,0.498192,6.12988,3.0228,0.1
4,1004,260,25580,0.498192,0.498192,4.81751,2.51507,0.1
4,1004,265,26070,0.498192,0.498192,5.07502,2.47538,0.1
4,1004,270,26560,0.498192,0.498192,5.04013,2.69026,0.1
4,1004,275,27050,0.498192,0.498192,5.28418,3.26945,0.1
4,1004,280,27540,0.498192,0.498192,5.48215,3.01935,0.1
4,1004,285,28030,0.498192,0.498192,6.74555,3.65709,0.1
4,1004,290,28520,0.498192,0.498192,5.35205,2.63739,0.1
4,1004,295,29010,0.498192,0.498192,5.04624,2.89165,0.1
4,1004,300,29500,0.498192,0.498192,5.46472,2.97345,0.1
4,1004,305,29990,0.498192,0.498192,6.19982,3.0341,0.1
4,1004,310,30480,0.498192,0.498192,6.21727,3.47658,0.1
4,1004,315,30970,0.498192,0.498192,5.95319,3.89639,0.1
4,1004,320,31460,0.498192,0.498192,5.22321,2.83362,0.1
4,1004,325,31950,0.498192,0.498192,5.18349,3.19487,0.1
4,1004,330,32440,0.498192,0.498192,5.69758,3.82212,0.1
4,1004,335,32930,0.498192,0.498192,5.75544,4.0107,0.1
4,1004,340,33420,0.498192,0.498192,6.27935,2.97447,0.1
4,1004,345,33910,0.498192,0.498192,5.16573,3.08541,0.1
4,1004,350,34400,0.498192,0.498192,5.36391,2.47616,0.1
4,1004,355,34890,0.498192,0.498192,6.28733,3.23083,0.1
4,1004,360,35380,0.498192,0.498192,6.42918,3.66538,0.1
4,1004,365,35870,0.498192,0.498192,6.47027,3.64071,0.1
4,1004,370,36360,0.498192,0.498192,6.36359,3.69444,0.1
4,1004,375,36850,0.498192,0.498192,6.98467,4.7601,0.1
4,1004,380,37340,0.498192,0.498192,5.19405,2.53147,0.1
4,1004,385,37830,0.498192,0.498192,4.80487,2.80157,0.1
4,1004,390,38320,0.498192,0.498192,5.94648,3.40129,0.1
4,1004,395,38810,0.498192,0.498192,4.97177,2.20473,0.1
4,1004,400,39300,0.498192,0.498192,5.81861,2.94359,0.1
4,1004,405,39790,0.498192,0.498192,5.01709,3.01377,0.1
4,1004,410,40280,0.498192,0.498192,7.08221,3.47697,0.1
4,1004,415,40770,0.498192,0.498192,5.69148,3.38039,0.1
4,1004,420,41260,0.498192,0.498192,6.06516,3.73489,0.1
4,1004,425,41750,0.498192,0.498192,6.47788,3.44362,0.1
4,1004,430,42240,0.498192,0.498192,5.04442,2.4388,0.1
4,1004,435,42730,0.498192,0.498192,6.13089,3.04743,0.1
4,1004,440,43220,0.498192,0.498192,7.17479,4.40247,0.1
4,1004,445,43710,0.498192,0.498192,6.35664,4.42712,0.1
4,1004,450,44200,0.418007,0.418007,5.34375,2.5522,0.1
4,1004,455,44690,0.418007,0.418007,5.8704,2.58393,0.1
4,1004,460,45180,0.41584,0.41584,6.33644,3.2601,0.1
4,1004,465,45670,0.41584,0.41584,5.17835,3.17278,0.1
4,1004,470,46160,0.41584,0.41584,6.31017,3.44915,0.1
4,1004,475,46650,0.41584,0.41584,5.42544,3.16471,0.1
4,1004,480,47140,0.41584,0.41584,6.80278,3.40947,0.1
4,1004,485,47630,0.41584,0.41584,4.56667,2.55945,0.1
4,1004,490,48120,0.41584,0.41584,6.51933,3.78809,0.1
4,1004,495,48610,0.41584,0.41584,4.60623,2.63071,0.1
4,1004,500,49100,0.41584,0.41584,5.45259,3.21824,0.1
4,1004,505,49590,0.41584,0.41584,5.73957,3.04073,0.1
4,1004,510,50000,0.41584,0.41584,3.98791,3.22092,0.1
5,1005,0,100,145.688,145.688,300.842,297.848,0.1
5,1005,5,590,21.0252,21.0252,72.1659,67.8081,0.1
5,1005,10,1080,2.87213,2.87213,20.946,18.9203,0.1
5,1005,15,1570,1.9981,1.9981,9.50856,6.9745,0.1
5,1005,20,2060,1.45411,1.45411,5.96528,4.04441,0.1
5,1005,25,2550,1.15747,1.15747,6.76854,4.31981,0.1
5,1005,30,3040,1.09633,1.09633,5.97659,3.78778,0.1
5,1005,35,3530,1.09633,1.09633,7.02519,3.76123,0.1
5,1005,40,4020,1.09633,1.09633,5.30162,2.89203,0.1
5,1005,45,4510,1.09633,1.09633,5.31622,3.3697,0.1
5,1005,50,5000,1.06998,1.06998,6.61055,3.60837,0.1
5,1005,55,5490,1.05019,1.05019,6.30304,3.02998,0.1
5,1005,60,5980,1.04108,1.04108,5.64458,2.93417,0.1
5,1005,65,6470,1.02247,1.02247,5.98165,3.1522,0.1
5,1005,70,6960,1.02247,1.02247,5.46612,2.96461,0.1
5,1005,75,7450,1.02247,1.02247,5.76528,3.32665,0.1
5,1005,80,7940,0.948014,0.948014,5.86952,3.06178,0.1
5,1005,85,8430,0.948014,0.948014,5.55174,2.98581,0.1
5,1005,90,8920,0.948014,0.948014,4.999,3.18084,0.1
5,1005,95,9410,0.948014,0.948014,5.46152,3.24566,0.1
5,1005,100,9900,0.948014,0.948014,4.81542,2.07591,0.1
5,1005,105,10390,0.948014,0.948014,5.76012,3.3907,0.1
5,1005,110,10880,0.69713,0.69713,4.87329,2.25862,0.1
5,1005,115,11370,0.69713,0.69713,5.60389,3.05836,0.1
5,1005,120,11860,0.69713,0.69713,7.04013,4.41277,0.1
5,1005,125,12350,0.69713,0.69713,4.61643,2.60394,0.1
5,1005,130,12840,0.69713,0.69713,6.22827,3.02593,0.1
5,1005,135,13330,0.69713,0.69713,4.58415,2.37971,0.1
5,1005,140,13820,0.69713,0.69713,6.24447,3.82842,0.1
5,1005,145,14310,0.69713,0.69713,6.23883,3.19007,0.1
5,1005,150,14800,0.69713,0.69713,6.28216,4.19814,0.1
5,1005,155,15290,0.69713,0.69713,4.88141,2.34813,0.1
5,1005,160,15780,0.69713,0.69713,4.84623,2.74564,0.1
5,1005,165,16270,0.69713,0.69713,5.11935,2.79694,0.1
5,1005,170,16760,0.69713,0.69713,6.17875,3.13717,0.1
5,1005,175,17250,0.69713,0.69713,5.04279,2.66191,0.1
5,1005,180,17740,0.69713,0.69713,5.58142,3.27043,0.1
5,1005,185,18230,0.69713,0.69713,7.04921,4.03206,0.1
5,1005,190,18720,0.69713,0.69713,5.40965,3.21731,0.1
5,1005,195,19210,0.69713,0.69713,6.32827,3.64798,0.1
5,1005,200,19700,0.69713,0.69713,5.13295,2.86003,0.1
5,1005,205,20190,0.69713,0.69713,5.90695,3.12563,0.1
5,1005,210,20680,0.69713,0.69713,4.31397,2.4407,0.1
5,1005,215,21170,0.69713,0.69713,5.64658,3.06591,0.1
5,1005,220,21660,0.69713,0.69713,5.13195,2.82936,0.1
5,1005,225,22150,0.69713,0.69713,6.36859,4.25906,0.1
5,1005,230,22640,0.69713,0.69713,5.61849,3.12895,0.1
5,1005,235,23130,0.59639,0.59639,5.14144,2.92582,0.1
5,1005,240,23620,0.59639,0.59639,4.15439,1.72958,0.1
5,1005,245,24110,0.59639,0.59639,5.7269,2.61695,0.1
5,1005,250,24600,0.59639,0.59639,4.56599,2.63925,0.1
5,1005,255,25090,0.59639,0.59639,5.83908,2.34764,0.1
5,1005,260,25580,0.59639,0.59639,5.9553,2.71722,0.1
5,1005,265,26070,0.59639,0.59639,5.43648,3.26786,0.1
5,1005,270,26560,0.59639,0.59639,6.92161,4.44241,0.1
5,1005,275,27050,0.59639,0.59639,6.67294,2.49648,0.1
5,1005,280,27540,0.59639,0.59639,6.27881,2.88148,0.1
5,1005,285,28030,0.59639,0.59639,4.73436,2.68962,0.1
5,1005,290,28520,0.59639,0.59639,4.58737,2.22576,0.1
5,1005,295,29010,0.59639,0.59639,5.24851,2.21849,0.1
5,1005,300,29500,0.59639,0.59639,5.57157,2.58985,0.1
5,1005,305,29990,0.59639,0.59639,5.9967,3.49409,0.1
5,1005,310,30480,0.59639,0.59639,5.03966,2.58179,0.1
5,1005,315,30970,0.59639,0.59639,5.90692,3.46702,0.1
5,1005,320,31460,0.59639,0.59639,7.0485,4.54708,0.1
5,1005,325,31950,0.59639,0.59639,6.38631,3.6826,0.1
5,1005,330,32440,0.59639,0.59639,6.5328,2.68123,0.1
5,1005,335,32930,0.59639,0.59639,6.29609,3.33878,0.1
5,1005,340,33420,0.59639,0.59639,7.29485,3.58585,0.1
5,1005,345,33910,0.59639,0.59639,5.12912,3.74717,0.1
5,1005,350,34400,0.59639,0.59639,5.63517,3.80823,0.1
5,1005,355,34890,0.59639,0.59639,6.08726,3.22915,0.1
5,1005,360,35380,0.59639,0.59639,5.76514,3.36999,0.1
5,1005,365,35870,0.59639,0.59639,5.50862,3.31989,0.1
5,1005,370,36360,0.59639,0.59639,5.68839,3.49698,0.1
5,1005,375,36850,0.59639,0.59639,7.29127,3.48216,0.1
5,1005,380,37340,0.59639,0.59639,4.68209,2.81675,0.1
5,1005,385,37830,0.59639,0.59639,5.8218,2.88414,0.1
5,1005,390,38320,0.59639,0.59639,5.67229,4.1421,0.1
5,1005,395,38810,0.59639,0.59639,6.13565,3.45191,0.1
5,1005,400,39300,0.59639,0.59639,5.97192,2.69849,0.1
5,1005,405,39790,0.59639,0.59639,5.74271,3.64015,0.1
5,1005,410,40280,0.59639,0.59639,5.32231,3.6175,0.1
5,1005,415,40770,0.59639,0.59639,7.1903,4.33009,0.1
5,1005,420,41260,0.59639,0.59639,5.8376,4.01726,0.1
5,1005,425,41750,0.59639,0.59639,6.7932,4.8605,0.1
5,1005,430,42240,0.59639,0.59639,6.25482,3.29712,0.1
5,1005,435,42730,0.59639,0.59639,5.49256,2.66918,0.1
5,1005,440,43220,0.59639,0.59639,5.19697,3.36541,0.1
5,1005,445,43710,0.59639,0.59639,5.78086,3.47518,0.1
5,1005,450,44200,0.59639,0.59639,5.72972,2.90916,0.1
5,1005,455,44690,0.59639,0.59639,5.52692,3.42892,0.1
5,1005,460,45180,0.59639,0.59639,4.93917,2.92226,0.1
5,1005,465,45670,0.59639,0.59639,4.18865,2.51209,0.1
5,1005,470,46160,0.59639,0.59639,5.52186,3.06244,0.1
5,1005,475,46650,0.59639,0.59639,6.37122,3.71952,0.1
5,1005,480,47140,0.59639,0.59639,4.90134,2.62185,0.1
5,1005,485,47630,0.506236,0.506236,5.53606,2.48016,0.1
5,1005,490,48120,0.506236,0.506236,6.14399,3.11848,0.1
5,1005,495,48610,0.506236,0.506236,6.02989,3.1312,0.1
5,1005,500,49100,0.506236,0.506236,6.53758,4.05908,0.1
5,1005,505,49590,0.506236,0.506236,5.86809,2.8779,0.1
5,1005,510,50000,0.506236,0.506236,5.67425,2.20536,0.1
6,1006,0,100,113.529,113.529,299.95,290.41,0.1
6,1006,5,590,12.1135,12.1135,60.506,52.8401,0.1
6,1006,10,1080,4.35841,4.35841,19.0478,15.1939,0.1
6,1006,15,1570,1.93624,1.93624,9.64671,7.37692,0.1
6,1006,20,2060,1.29597,1.29597,6.99299,5.0733,0.1
6,1006,25,2550,1.09724,1.09724,6.02318,3.62582,0.1
6,1006,30,3040,1.09724,1.09724,6.04972,3.37203,0.1
6,1006,35,3530,1.07563,1.07563,5.1717,2.24803,0.1
6,1006,40,4020,1.02768,1.02768,5.9413,3.01901,0.1
6,1006,45,4510,1.02768,1.02768,5.73027,3.52836,0.1
6,1006,50,5000,1.02768,1.02768,5.41652,2.98785,0.1
6,1006,55,5490,0.783767,0.783767,4.77331,2.81005,0.1
6,1006,60,5980,0.783767,0.783767,5.40946,3.15207,0.1
6,1006,65,6470,0.783767,0.783767,5.19242,3.21732,0.1
6,1006,70,6960,0.783767,0.783767,6.14701,4.24047,0.1
6,1006,75,7450,0.783767,0.783767,7.01652,3.06508,0.1
6,1006,80,7940,0.783767,0.783767,6.01186,3.44657,0.1
6,1006,85,8430,0.783767,0.783767,5.19478,2.93393,0.1
6,1006,90,8920,0.783767,0.783767,6.04765,2.98473,0.1
6,1006,95,9410,0.783767,0.783767,5.05871,2.83091,0.1
6,1006,100,9900,0.783767,0.783767,6.75001,3.43135,0.1
6,1006,105,10390,0.783767,0.783767,5.93416,2.78777,0.1
6,1006,110,10880,0.783767,0.783767,5.05563,2.85228,0.1
6,1006,115,11370,0.783767,0.783767,4.58442,2.21671,0.1
6,1006,120,11860,0.783767,0.783767,5.92486,3.06063,0.1
6,1006,125,12350,0.783767,0.783767,6.96197,3.88921,0.1
6,1006,130,12840,0.783767,0.783767,6.65687,4.3157,0.1
6,1006,135,13330,0.783767,0.783767,6.66461,4.09894,0.1
6,1006,140,13820,0.783767,0.783767,6.58939,3.2327,0.1
6,1006,145,14310,0.783767,0.783767,6.28952,3.35061,0.1
6,1006,150,14800,0.783767,0.783767,5.45767,2.86089,0.1
6,1006,155,15290,0.783767,0.783767,5.22422,2.75216,0.1
6,1006,160,15780,0.783767,0.783767,7.00008,3.90897,0.1
6,1006,165,16270,0.783767,0.783767,4.36297,2.78409,0.1
6,1006,170,16760,0.783767,0.783767,5.84073,2.99968,0.1
6,1006,175,17250,0.783767,0.783767,6.11389,3.52203,0.1
6,1006,180,17740,0.783767,0.783767,6.35216,3.23451,0.1
6,1006,185,18230,0.783767,0.783767,5.04481,2.72554,0.1
6,1006,190,18720,0.740469,0.740469,6.35566,3.7554,0.1
6,1006,195,19210,0.740469,0.740469,6.01579,4.01497,0.1
6,1006,200,19700,0.740469,0.740469,6.22553,4.15177,0.1
6,1006,205,20190,0.740469,0.740469,5.7407,3.12373,0.1
6,1006,210,20680,0.632499,0.632499,5.3322,2.94199,0.1
6,1006,215,21170,0.632499,0.632499,5.20768,3.18043,0.1
6,1006,220,21660,0.632499,0.632499,4.95337,2.52941,0.1
6,1006,225,22150,0.632499,0.632499,5.19219,2.89351,0.1
6,1006,230,22640,0.632499,0.632499,5.29196,2.82159,0.1
6,1006,235,23130,0.632499,0.632499,5.81616,3.17463,0.1
6,1006,240,23620,0.632499,0.632499,5.17541,2.52836,0.1
6,1006,245,24110,0.632499,0.632499,6.35016,3.43191,0.1
6,1006,250,24600,0.632499,0.632499,5.08926,2.83853,0.1
6,1006,255,25090,0.632499,0.632499,5.66973,2.79842,0.1
6,1006,260,25580,0.632499,0.632499,5.59411,3.75582,0.1
6,1006,265,26070,0.632499,0.632499,5.86578,3.48818,0.1
6,1006,270,26560,0.632499,0.632499,6.88186,4.17934,0.1
6,1006,275,27050,0.632499,0.632499,7.38837,3.72513,0.1
6,1006,280,27540,0.632499,0.632499,6.22423,2.82578,0.1
6,1006,285,28030,0.632499,0.632499,5.2496,3.30437,0.1
6,1006,290,28520,0.632499,0.632499,5.24286,2.61072,0.1
6,1006,295,29010,0.632499,0.632499,6.45166,3.99422,0.1
6,1006,300,29500,0.580014,0.580014,6.58253,2.56424,0.1
6,1006,305,29990,0.580014,0.580014,5.22283,2.91189,0.1
6,1006,310,30480,0.580014,0.580014,6.03496,3.30058,0.1
6,1006,315,30970,0.580014,0.580014,5.64679,3.15502,0.1
6,1006,320,31460,0.580014,0.580014,6.52047,4.26623,0.1
6,1006,325,31950,0.580014,0.580014,4.76015,3.15275,0.1
6,1006,330,32440,0.580014,0.580014,6.08544,3.96852,0.1
6,1006,335,32930,0.580014,0.580014,5.52072,2.41226,0.1
6,1006,340,33420,0.580014,0.580014,6.76395,2.80358,0.1
6,1006,345,33910,0.580014,0.580014,6.55485,4.12336,0.1
6,1006,350,34400,0.580014,0.580014,5.23792,3.20192,0.1
6,1006,355,34890,0.580014,0.580014,5.88009,3.09113,0.1
6,1006,360,35380,0.580014,0.580014,5.34794,3.20055,0.1
6,1006,365,35870,0.580014,0.580014,5.62872,2.5218,0.1
6,1006,370,36360,0.580014,0.580014,5.2777,2.37496,0.1
6,1006,375,36850,0.580014,0.580014,5.80558,3.21095,0.1
6,1006,380,37340,0.580014,0.580014,5.82486,3.19307,0.1
6,1006,385,37830,0.580014,0.580014,4.93632,2.53814,0.1
6,1006,390,38320,0.580014,0.580014,5.14902,2.87995,0.1
6,1006,395,38810,0.580014,0.580014,4.78839,2.87711,0.1
6,1006,400,39300,0.580014,0.580014,5.756,3.64177,0.1
6,1006,405,39790,0.580014,0.580014,6.66631,3.78468,0.1
6,1006,410,40280,0.580014,0.580014,4.98053,2.52337,0.1
6,1006,415,40770,0.580014,0.580014,6.28922,3.80175,0.1
6,1006,420,41260,0.580014,0.580014,6.85076,3.04328,0.1
6,1006,425,41750,0.580014,0.580014,5.79936,2.58527,0.1
6,1006,430,42240,0.580014,0.580014,6.0795,3.38336,0.1
6,1006,435,42730,0.580014,0.580014,4.90693,2.1902,0.1
6,1006,440,43220,0.580014,0.580014,5.89459,2.68586,0.1
6,1006,445,43710,0.580014,0.580014,5.81247,3.22594,0.1
6,1006,450,44200,0.580014,0.580014,4.75277,2.55918,0.1
6,1006,455,44690,0.580014,0.580014,4.95032,2.19038,0.1
6,1006,460,45180,0.580014,0.580014,5.77666,2.70344,0.1
6,1006,465,45670,0.580014,0.580014,4.74049,2.64558,0.1
6,1006,470,46160,0.580014,0.580014,5.0895,2.80807,0.1
6,1006,475,46650,0.580014,0.580014,5.99315,3.94853,0.1
6,1006,480,47140,0.580014,0.580014,5.71641,3.1356,0.1
6,1006,485,47630,0.580014,0.580014,6.59382,3.65472,0.1
6,1006,490,48120,0.580014,0.580014,6.50797,3.61621,0.1
6,1006,495,48610,0.580014,0.580014,5.45744,3.44099,0.1
6,1006,500,49100,0.580014,0.580014,5.075,2.65423,0.1
6,1006,505,49590,0.580014,0.580014,5.97884,3.3099,0.1
6,1006,510,50000,0.580014,0.580014,3.56006,3.501,0.1
7,1007,0,100,124.327,124.327,294.892,287.17,0.1
7,1007,5,590,16.1329,16.1329,70.6174,67.5199,0.1
7,1007,10,1080,6.40077,6.40077,19.8077,17.8175,0.1
7,1007,15,1570,2.76422,2.76422,11.8735,9.25238,0.1
7,1007,20,2060,2.12684,2.12684,9.21712,6.30814,0.1
7,1007,25,2550,1.47328,1.47328,7.62267,5.31898,0.1
7,1007,30,3040,1.22145,1.22145,6.53525,4.10849,0.1
7,1007,35,3530,1.12394,1.12394,6.16007,3.33519,0.1
7,1007,40,4020,1.11607,1.11607,5.73243,3.07218,0.1
7,1007,45,4510,1.05697,1.05697,6.10424,3.25671,0.1
7,1007,50,5000,1.05697,1.05697,4.33305,2.15649,0.1
7,1007,55,5490,1.05697,1.05697,5.39242,3.09151,0.1
7,1007,60,5980,1.05697,1.05697,6.54871,3.98122,0.1
7,1007,65,6470,1.05697,1.05697,5.6112,3.72795,0.1
7,1007,70,6960,1.03711,1.03711,6.25809,3.4735,0.1
7,1007,75,7450,1.03711,1.03711,4.89891,2.57473,0.1
7,1007,80,7940,1.03711,1.03711,5.06273,2.61601,0.1
7,1007,85,8430,1.02249,1.02249,5.53821,2.35948,0.1
7,1007,90,8920,0.958717,0.958717,4.65669,1.80943,0.1
7,1007,95,9410,0.788993,0.788993,4.61637,2.48681,0.1
7,1007,100,9900,0.788993,0.788993,4.77473,2.46927,0.1
7,1007,105,10390,0.788993,0.788993,4.86162,2.82779,0.1
7,1007,110,10880,0.788993,0.788993,5.78675,3.23555,0.1
7,1007,115,11370,0.788993,0.788993,5.81711,3.46376,0.1
7,1007,120,11860,0.681637,0.681637,5.79758,2.62629,0.1
7,1007,125,12350,0.681637,0.681637,4.27277,2.22019,0.1
7,1007,130,12840,0.681637,0.681637,7.13179,3.1506,0.1
7,1007,135,13330,0.681637,0.681637,6.23868,3.4662,0.1
7,1007,140,13820,0.681637,0.681637,4.50423,2.87741,0.1
7,1007,145,14310,0.681637,0.681637,5.18383,2.63302,0.1
7,1007,150,14800,0.681637,0.681637,5.73189,3.62592,0.1
7,1007,155,15290,0.681637,0.681637,5.37039,2.72626,0.1
7,1007,160,15780,0.681637,0.681637,4.93724,2.88152,0.1
7,1007,165,16270,0.681637,0.681637,5.8902,2.96485,0.1
7,1007,170,16760,0.681637,0.681637,5.06068,2.68303,0.1
7,1007,175,17250,0.681637,0.681637,6.16046,2.85953,0.1
7,1007,180,17740,0.681637,0.681637,6.07191,2.81763,0.1
7,1007,185,18230,0.681637,0.681637,6.38124,3.17964,0.1
7,1007,190,18720,0.681637,0.681637,5.04713,3.02554,0.1
7,1007,195,19210,0.681637,0.681637,5.30502,3.72084,0.1
7,1007,200,19700,0.681637,0.681637,5.50695,3.49783,0.1
7,1007,205,20190,0.681637,0.681637,5.64442,3.45966,0.1
7,1007,210,20680,0.681637,0.681637,5.60338,3.01293,0.1
7,1007,215,21170,0.681637,0.681637,6.30726,2.68981,0.1
7,1007,220,21660,0.681637,0.681637,6.23719,3.178,0.1
7,1007,225,22150,0.681637,0.681637,4.68757,2.27449,0.1
7,1007,230,22640,0.681637,0.681637,6.56934,3.32448,0.1
7,1007,235,23130,0.681637,0.681637,6.01474,3.28697,0.1
7,1007,240,23620,0.681637,0.681637,6.21749,3.5089,0.1
7,1007,245,24110,0.681637,0.681637,5.4802,2.5412,0.1
7,1007,250,24600,0.681637,0.681637,6.35921,3.86549,0.1
7,1007,255,25090,0.681637,0.681637,5.41296,3.6078,0.1
7,1007,260,25580,0.681637,0.681637,5.41723,3.75777,0.1
7,1007,265,26070,0.681637,0.681637,6.20188,3.10882,0.1
7,1007,270,26560,0.681637,0.681637,5.36675,2.83404,0.1
7,1007,275,27050,0.681637,0.681637,5.16951,2.88095,0.1
7,1007,280,27540,0.681637,0.681637,5.47144,2.73218,0.1
7,1007,285,28030,0.681637,0.681637,6.28235,3.48593,0.1
7,1007,290,28520,0.681637,0.681637,5.64106,3.67667,0.1
7,1007,295,29010,0.681637,0.681637,6.12329,2.65317,0.1
7,1007,300,29500,0.681637,0.681637,6.05437,3.43766,0.1
7,1007,305,29990,0.681637,0.681637,6.0075,3.58934,0.1
7,1007,310,30480,0.681637,0.681637,5.83839,3.06651,0.1
7,1007,315,30970,0.681637,0.681637,5.94961,3.18424,0.1
7,1007,320,31460,0.681637,0.681637,7.83399,4.42009,0.1
7,1007,325,31950,0.681637,0.681637,6.21629,3.5534,0.1
7,1007,330,32440,0.681637,0.681637,5.35332,3.33062,0.1
7,1007,335,32930,0.681637,0.681637,5.76206,2.58438,0.1
7,1007,340,33420,0.681637,0.681637,4.91999,2.75409,0.1
7,1007,345,33910,0.679585,0.679585,5.65116,2.75199,0.1
7,1007,350,34400,0.679585,0.679585,4.00579,2.57701,0.1
7,1007,355,34890,0.679585,0.679585,5.43757,3.15318,0.1
7,1007,360,35380,0.679585,0.679585,5.71962,2.68267,0.1
7,1007,365,35870,0.679585,0.679585,5.56573,3.59783,0.1
7,1007,370,36360,0.679585,0.679585,4.43879,2.45433,0.1
7,1007,375,36850,0.679585,0.679585,4.87345,2.50293,0.1
7,1007,380,37340,0.679585,0.679585,4.9717,2.65998,0.1
7,1007,385,37830,0.679585,0.679585,6.82815,3.78501,0.1
7,1007,390,38320,0.679585,0.679585,4.67007,2.23112,0.1
7,1007,395,38810,0.679585,0.679585,5.18625,2.03394,0.1
7,1007,400,39300,0.679585,0.679585,4.89487,2.25862,0.1
7,1007,405,39790,0.679585,0.679585,6.03859,3.4669,0.1
7,1007,410,40280,0.679585,0.679585,5.8508,3.37317,0.1
7,1007,415,40770,0.679585,0.679585,5.32555,3.03568,0.1
7,1007,420,41260,0.679585,0.679585,5.55877,3.63563,0.1
7,1007,425,41750,0.679585,0.679585,5.65568,2.7005,0.1
7,1007,430,42240,0.679585,0.679585,5.66666,2.40883,0.1
7,1007,435,42730,0.679585,0.679585,4.76573,2.92352,0.1
7,1007,440,43220,0.671778,0.671778,5.93693,2.84241,0.1
7,1007,445,43710,0.671778,0.671778,5.74712,2.75141,0.1
7,1007,450,44200,0.671778,0.671778,5.48401,3.13021,0.1
7,1007,455,44690,0.671778,0.671778,6.56117,3.35994,0.1
7,1007,460,45180,0.671778,0.671778,5.99882,3.58737,0.1
7,1007,465,45670,0.671778,0.671778,7.37044,4.01205,0.1
7,1007,470,46160,0.671778,0.671778,5.4925,3.02022,0.1
7,1007,475,46650,0.671778,0.671778,5.58142,3.76851,0.1
7,1007,480,47140,0.671778,0.671778,4.43054,2.30419,0.1
7,1007,485,47630,0.671778,0.671778,5.73799,2.72077,0.1
7,1007,490,48120,0.671778,0.671778,6.32473,3.34058,0.1
7,1007,495,48610,0.671778,0.671778,5.76013,2.99537,0.1
7,1007,500,49100,0.671778,0.671778,5.90305,3.76096,0.1
7,1007,505,49590,0.671778,0.671778,7.39196,3.71906,0.1
7,1007,510,50000,0.671778,0.671778,6.17845,2.60361,0.1
8,1008,0,100,76.6344,76.6344,289.998,277.601,0.1
8,1008,5,590,17.86,17.86,71.0607,66.6786,0.1
8,1008,10,1080,5.16105,5.16105,19.0739,16.5999,0.1
8,1008,15,1570,1.86221,1.86221,8.79041,7.02717,0.1
8,1008,20,2060,1.38211,1.38211,7.51501,5.11601,0.1
8,1008,25,2550,1.23806,1.23806,7.35533,3.39129,0.1
8,1008,30,3040,1.16084,1.16084,7.22102,3.82918,0.1
8,1008,35,3530,1.1415,1.1415,5.20111,3.09445,0.1
8,1008,40,4020,1.03749,1.03749,5.28527,3.15386,0.1
8,1008,45,4510,0.889678,0.889678,4.89131,2.77243,0.1
8,1008,50,5000,0.889678,0.889678,5.54104,2.14206,0.1
8,1008,55,5490,0.889678,0.889678,6.44477,3.10737,0.1
8,1008,60,5980,0.889678,0.889678,5.92949,3.0109,0.1
8,1008,65,6470,0.889678,0.889678,6.61742,4.09569,0.1
8,1008,70,6960,0.889678,0.889678,5.88211,3.03503,0.1
8,1008,75,7450,0.889678,0.889678,6.84528,3.59448,0.1
8,1008,80,7940,0.889678,0.889678,5.39647,3.03727,0.1
8,1008,85,8430,0.83416,0.83416,5.63827,3.04543,0.1
8,1008,90,8920,0.83416,0.83416,5.04954,2.41849,0.1
8,1008,95,9410,0.83416,0.83416,5.79215,3.10288,0.1
8,1008,100,9900,0.83416,0.83416,5.23629,2.6167,0.1
8,1008,105,10390,0.83416,0.83416,5.59819,3.27941,0.1
8,1008,110,10880,0.83416,0.83416,4.71786,2.14139,0.1
8,1008,115,11370,0.83416,0.83416,5.50461,2.86623,0.1
8,1008,120,11860,0.83416,0.83416,5.81165,2.51133,0.1
8,1008,125,12350,0.83416,0.83416,6.0842,2.83255,0.1
8,1008,130,12840,0.83416,0.83416,5.52599,2.37319,0.1
8,1008,135,13330,0.83416,0.83416,4.51282,2.87449,0.1
8,1008,140,13820,0.83416,0.83416,4.96308,3.22661,0.1
8,1008,145,14310,0.612195,0.612195,4.70622,2.41293,0.1
8,1008,150,14800,0.612195,0.612195,7.07655,4.40663,0.1
8,1008,155,15290,0.612195,0.612195,5.85075,2.75231,0.1
8,1008,160,15780,0.612195,0.612195,6.0937,3.84804,0.1
8,1008,165,16270,0.612195,0.612195,4.54562,2.02489,0.1
8,1008,170,16760,0.612195,0.612195,4.40455,2.60447,0.1
8,1008,175,17250,0.612195,0.612195,5.70824,3.10649,0.1
8,1008,180,17740,0.612195,0.612195,6.50964,4.07273,0.1
8,1008,185,18230,0.612195,0.612195,5.3254,3.07648,0.1
8,1008,190,18720,0.612195,0.612195,5.26882,3.04084,0.1
8,1008,195,19210,0.612195,0.612195,4.66283,2.79287,0.1
8,1008,200,19700,0.612195,0.612195,4.89256,2.43199,0.1
8,1008,205,20190,0.612195,0.612195,5.11986,2.22451,0.1
8,1008,210,20680,0.612195,0.612195,5.77934,3.60078,0.1
8,1008,215,21170,0.612195,0.612195,5.89367,3.3602,0.1
8,1008,220,21660,0.612195,0.612195,4.12694,2.56422,0.1
8,1008,225,22150,0.612195,0.612195,4.89065,2.89167,0.1
8,1008,230,22640,0.612195,0.612195,4.70981,2.54195,0.1
8,1008,235,23130,0.612195,0.612195,5.11932,2.87465,0.1
8,1008,240,23620,0.612195,0.612195,5.79587,2.925,0.1
8,1008,245,24110,0.612195,0.612195,5.48825,3.10252,0.1
8,1008,250,24600,0.612195,0.612195,5.64618,3.30942,0.1
8,1008,255,25090,0.612195,0.612195,5.66665,2.85466,0.1
8,1008,260,25580,0.612195,0.612195,5.62621,2.76547,0.1
8,1008,265,26070,0.612195,0.612195,5.08733,2.84299,0.1
8,1008,270,26560,0.612195,0.612195,4.83739,3.03537,0.1
8,1008,275,27050,0.612195,0.612195,7.31275,4.06828,0.1
8,1008,280,27540,0.612195,0.612195,5.21027,2.68661,0.1
8,1008,285,28030,0.612195,0.612195,6.0668,3.31822,0.1
8,1008,290,28520,0.612195,0.612195,6.49901,3.60421,0.1
8,1008,295,29010,0.612195,0.612195,4.55095,2.45332,0.1
8,1008,300,29500,0.612195,0.612195,5.51131,3.16817,0.1
8,1008,305,29990,0.612195,0.612195,5.75562,4.19928,0.1
8,1008,310,30480,0.612195,0.612195,6.09209,3.26677,0.1
8,1008,315,30970,0.612195,0.612195,4.7533,2.66406,0.1
8,1008,320,31460,0.581458,0.581458,5.63084,3.0121,0.1
8,1008,325,31950,0.581458,0.581458,4.60027,2.83136,0.1
8,1008,330,32440,0.581458,0.581458,5.21271,3.25537,0.1
8,1008,335,32930,0.581458,0.581458,6.01492,3.22249,0.1
8,1008,340,33420,0.581458,0.581458,4.83427,2.74022,0.1
8,1008,345,33910,0.581458,0.581458,5.36366,2.79066,0.1
8,1008,350,34400,0.581458,0.581458,4.86075,2.53885,0.1
8,1008,355,34890,0.581458,0.581458,5.20789,2.91058,0.1
8,1008,360,35380,0.581458,0.581458,6.3975,3.55623,0.1
8,1008,365,35870,0.581458,0.581458,4.50488,2.43009,0.1
8,1008,370,36360,0.581458,0.581458,4.0959,2.73839,0.1
8,1008,375,36850,0.581458,0.581458,4.6291,2.37064,0.1
8,1008,380,37340,0.581458,0.581458,5.89365,2.71494,0.1
8,1008,385,37830,0.581458,0.581458,6.61295,4.03435,0.1
8,1008,390,38320,0.581458,0.581458,5.47027,2.54822,0.1
8,1008,395,38810,0.581458,0.581458,5.63223,3.19659,0.1
8,1008,400,39300,0.581458,0.581458,5.49719,3.13127,0.1
8,1008,405,39790,0.581458,0.581458,5.97163,2.80725,0.1
8,1008,410,40280,0.581458,0.581458,6.05094,3.42042,0.1
8,1008,415,40770,0.581458,0.581458,5.73159,2.87454,0.1
8,1008,420,41260,0.581458,0.581458,5.3304,2.74377,0.1
8,1008,425,41750,0.581458,0.581458,5.93466,2.34224,0.1
8,1008,430,42240,0.581458,0.581458,4.64705,2.47329,0.1
8,1008,435,42730,0.581458,0.581458,6.14959,2.36928,0.1
8,1008,440,43220,0.581458,0.581458,5.73746,3.332,0.1
8,1008,445,43710,0.581458,0.581458,5.38313,3.05439,0.1
8,1008,450,44200,0.562915,0.562915,4.8617,2.55154,0.1
8,1008,455,44690,0.562915,0.562915,5.91089,3.20723,0.1
8,1008,460,45180,0.562915,0.562915,5.57708,3.15822,0.1
8,1008,465,45670,0.562915,0.562915,6.26702,3.49487,0.1
8,1008,470,46160,0.562915,0.562915,6.75906,3.9143,0.1
8,1008,475,46650,0.562915,0.562915,6.81826,3.93231,0.1
8,1008,480,47140,0.562915,0.562915,6.235,2.80904,0.1
8,1008,485,47630,0.562915,0.562915,5.21071,3.31521,0.1
8,1008,490,48120,0.562915,0.562915,6.14514,3.41363,0.1
8,1008,495,48610,0.562915,0.562915,5.49631,2.6127,0.1
8,1008,500,49100,0.562915,0.562915,5.02198,2.53098,0.1
8,1008,505,49590,0.562915,0.562915,4.52017,2.27794,0.1
8,1008,510,50000,0.50586,0.50586,5.99757,3.04891,0.1
9,1009,0,100,121.784,121.784,301.293,292.281,0.1
9,1009,5,590,25.3964,25.3964,85.885,79.1441,0.1
9,1009,10,1080,6.31141,6.31141,25.3881,23.5986,0.1
9,1009,15,1570,3.19707,3.19707,11.7599,8.65536,0.1
9,1009,20,2060,1.8523,1.8523,7.36318,5.3378,0.1
9,1009,25,2550,1.29925,1.29925,6.46431,3.9934,0.1
9,1009,30,3040,1.0916,1.0916,6.21123,3.45787,0.1
9,1009,35,3530,1.0822,1.0822,7.72524,4.02298,0.1
9,1009,40,4020,1.06412,1.06412,6.43502,3.63079,0.1
9,1009,45,4510,1.06412,1.06412,4.72897,3.18414,0.1
9,1009,50,5000,1.06412,1.06412,4.98761,2.59968,0.1
9,1009,55,5490,1.02581,1.02581,6.27372,3.62986,0.1
9,1009,60,5980,0.98889,0.98889,5.43603,3.58047,0.1
9,1009,65,6470,0.98889,0.98889,7.41225,4.46631,0.1
9,1009,70,6960,0.98889,0.98889,5.66254,2.75426,0.1
9,1009,75,7450,0.946372,0.946372,5.4917,3.59964,0.1
9,1009,80,7940,0.707423,0.707423,5.62334,3.73158,0.1
9,1009,85,8430,0.707423,0.707423,5.20922,2.93956,0.1
9,1009,90,8920,0.707423,0.707423,5.35058,2.64095,0.1
9,1009,95,9410,0.706599,0.706599,5.10594,2.92139,0.1
9,1009,100,9900,0.706599,0.706599,6.20819,2.88429,0.1
9,1009,105,10390,0.706599,0.706599,6.0254,3.78855,0.1
9,1009,110,10880,0.706599,0.706599,4.85278,2.66997,0.1
9,1009,115,11370,0.706599,0.706599,6.13593,3.7834,0.1
9,1009,120,11860,0.706599,0.706599,5.26799,3.35734,0.1
9,1009,125,12350,0.706599,0.706599,4.71901,2.72855,0.1
9,1009,130,12840,0.706599,0.706599,5.55993,3.25738,0.1
9,1009,135,13330,0.706599,0.706599,6.49329,3.60389,0.1
9,1009,140,13820,0.706599,0.706599,5.46571,3.39121,0.1
9,1009,145,14310,0.706599,0.706599,6.5764,2.89152,0.1
9,1009,150,14800,0.706599,0.706599,7.43555,3.56343,0.1
9,1009,155,15290,0.706599,0.706599,4.80103,2.83426,0.1
9,1009,160,15780,0.706599,0.706599,5.93788,3.28259,0.1
9,1009,165,16270,0.706599,0.706599,5.67146,3.38195,0.1
9,1009,170,16760,0.706599,0.706599,5.38128,2.92696,0.1
9,1009,175,17250,0.706599,0.706599,6.11702,3.4826,0.1
9,1009,180,17740,0.627713,0.627713,5.8621,3.30661,0.1
9,1009,185,18230,0.627713,0.627713,5.43156,2.77195,0.1
9,1009,190,18720,0.627713,0.627713,5.8151,2.63691,0.1
9,1009,195,19210,0.627713,0.627713,5.68477,2.40453,0.1
9,1009,200,19700,0.627713,0.627713,6.34807,3.62658,0.1
9,1009,205,20190,0.627713,0.627713,6.40196,3.41889,0.1
9,1009,210,20680,0.627713,0.627713,5.95942,2.9998,0.1
9,1009,215,21170,0.627713,0.627713,5.3012,3.64686,0.1
9,1009,220,21660,0.627713,0.627713,4.66945,1.99329,0.1
9,1009,225,22150,0.627713,0.627713,5.68498,3.01899,0.1
9,1009,230,22640,0.627713,0.627713,4.67746,2.85946,0.1
9,1009,235,23130,0.627713,0.627713,5.60167,3.38627,0.1
9,1009,240,23620,0.627713,0.627713,4.89881,2.65132,0.1
9,1009,245,24110,0.627713,0.627713,4.81696,2.24112,0.1
9,1009,250,24600,0.627713,0.627713,4.79222,2.55419,0.1
9,1009,255,25090,0.627713,0.627713,5.87449,3.16949,0.1
9,1009,260,25580,0.627713,0.627713,6.74884,3.88162,0.1
9,1009,265,26070,0.627713,0.627713,5.51991,3.33298,0.1
9,1009,270,26560,0.627713,0.627713,5.1956,3.08853,0.1
9,1009,275,27050,0.627713,0.627713,5.30256,2.67054,0.1
9,1009,280,27540,0.627713,0.627713,5.61329,2.56679,0.1
9,1009,285,28030,0.538965,0.538965,5.87308,2.96819,0.1
9,1009,290,28520,0.538965,0.538965,4.66388,2.95052,0.1
9,1009,295,29010,0.538965,0.538965,5.13079,2.56857,0.1
9,1009,300,29500,0.538965,0.538965,6.39855,4.3162,0.1
9,1009,305,29990,0.538965,0.538965,5.5562,3.49232,0.1
9,1009,310,30480,0.538965,0.538965,6.44524,3.6393,0.1
9,1009,315,30970,0.538965,0.538965,5.05196,2.48918,0.1
9,1009,320,31460,0.538965,0.538965,5.26503,3.25615,0.1
9,1009,325,31950,0.538965,0.538965,6.10512,4.35264,0.1
9,1009,330,32440,0.538965,0.538965,5.73754,3.23193,0.1
9,1009,335,32930,0.538965,0.538965,5.42932,2.47601,0.1
9,1009,340,33420,0.538965,0.538965,5.93022,3.2565,0.1
9,1009,345,33910,0.538965,0.538965,5.72509,3.96941,0.1
9,1009,350,34400,0.538965,0.538965,5.91269,2.82333,0.1
9,1009,355,34890,0.538965,0.538965,5.34499,2.74753,0.1
9,1009,360,35380,0.538965,0.538965,5.59861,3.42985,0.1
9,1009,365,35870,0.538965,0.538965,5.47431,2.80615,0.1
9,1009,370,36360,0.538965,0.538965,4.85073,2.5305,0.1
9,1009,375,36850,0.538965,0.538965,4.33764,2.56557,0.1
9,1009,380,37340,0.538965,0.538965,5.86826,2.83596,0.1
9,1009,385,37830,0.538965,0.538965,5.80411,3.20578,0.1
9,1009,390,38320,0.538965,0.538965,5.8509,3.20693,0.1
9,1009,395,38810,0.538965,0.538965,4.54337,2.51226,0.1
9,1009,400,39300,0.538965,0.538965,5.30874,2.4951,0.1
9,1009,405,39790,0.538965,0.538965,5.64578,2.76125,0.1
9,1009,410,40280,0.538965,0.538965,5.66619,3.58881,0.1
9,1009,415,40770,0.538965,0.538965,6.33194,3.03285,0.1
9,1009,420,41260,0.538965,0.538965,5.05084,3.79809,0.1
9,1009,425,41750,0.538965,0.538965,5.62591,3.66594,0.1
9,1009,430,42240,0.538965,0.538965,6.27401,2.8289,0.1
9,1009,435,42730,0.538965,0.538965,4.41975,2.32933,0.1
9,1009,440,43220,0.538965,0.538965,5.33985,2.30676,0.1
9,1009,445,43710,0.538965,0.538965,5.49024,2.88543,0.1
9,1009,450,44200,0.538965,0.538965,5.4939,3.14914,0.1
9,1009,455,44690,0.538965,0.538965,5.275,3.26925,0.1
9,1009,460,45180,0.538965,0.538965,4.81197,2.7618,0.1
9,1009,465,45670,0.538965,0.538965,4.89336,2.09151,0.1
9,1009,470,46160,0.538965,0.538965,5.62482,2.34054,0.1
9,1009,475,46650,0.538965,0.538965,5.77557,2.89054,0.1
9,1009,480,47140,0.538965,0.538965,5.99012,3.21999,0.1
9,1009,485,47630,0.538965,0.538965,5.09237,2.87425,0.1
9,1009,490,48120,0.538965,0.538965,5.41064,2.8413,0.1
9,1009,495,48610,0.538965,0.538965,5.48721,3.85968,0.1
9,1009,500,49100,0.538965,0.538965,6.21116,3.42805,0.1
9,1009,505,49590,0.538965,0.538965,4.35117,2.18344,0.1
9,1009,510,50000,0.538965,0.538965,6.89807,4.38619,0.1
10,1010,0,100,116.55,116.55,303.127,301.111,0.1
10,1010,5,590,18.855,18.855,71.0999,62.8084,0.1
10,1010,10,1080,5.36965,5.36965,21.3852,18.295,0.1
10,1010,15,1570,2.04999,2.04999,9.37115,6.62643,0.1
10,1010,20,2060,1.61549,1.61549,6.26594,4.33261,0.1
10,1010,25,2550,1.00576,1.00576,5.82127,3.12229,0.1
10,1010,30,3040,1.00576,1.00576,6.02751,3.33223,0.1
10,1010,35,3530,1.00576,1.00576,4.96477,2.69727,0.1
10,1010,40,4020,1.00576,1.00576,5.24189,3.20148,0.1
10,1010,45,4510,1.00576,1.00576,5.87053,3.33314,0.1
10,1010,50,5000,1.00576,1.00576,5.20384,2.91674,0.1
10,1010,55,5490,1.00576,1.00576,4.83694,2.45207,0.1
10,1010,60,5980,1.00576,1.00576,6.09351,3.16801,0.1
10,1010,65,6470,1.00576,1.00576,6.32086,3.34686,0.1
10,1010,70,6960,1.00576,1.00576,5.72636,3.15202,0.1
10,1010,75,7450,1.00576,1.00576,5.6503,3.09905,0.1
10,1010,80,7940,1.00576,1.00576,5.54062,2.99278,0.1
10,1010,85,8430,1.00576,1.00576,5.3965,2.47363,0.1
10,1010,90,8920,1.00576,1.00576,5.70141,2.98927,0.1
10,1010,95,9410,0.970411,0.970411,5.8621,3.24075,0.1
10,1010,100,9900,0.970411,0.970411,6.56421,3.99445,0.1
10,1010,105,10390,0.970411,0.970411,6.72547,3.409,0.1
10,1010,110,10880,0.970411,0.970411,5.6316,3.22372,0.1
10,1010,115,11370,0.970411,0.970411,5.8777,3.30116,0.1
10,1010,120,11860,0.970411,0.970411,6.23247,2.93528,0.1
10,1010,125,12350,0.970411,0.970411,5.91631,3.9528,0.1
10,1010,130,12840,0.941214,0.941214,6.76772,3.93563,0.1
10,1010,135,13330,0.941214,0.941214,5.6244,2.8355,0.1
10,1010,140,13820,0.941214,0.941214,6.258,3.77664,0.1
10,1010,145,14310,0.941214,0.941214,5.59695,3.00631,0.1
10,1010,150,14800,0.941214,0.941214,6.68241,4.26616,0.1
10,1010,155,15290,0.941214,0.941214,4.82278,2.2742,0.1
10,1010,160,15780,0.941214,0.941214,6.23267,3.0573,0.1
10,1010,165,16270,0.941214,0.941214,6.64336,3.30061,0.1
10,1010,170,16760,0.941214,0.941214,6.14253,4.40138,0.1
10,1010,175,17250,0.941214,0.941214,6.72531,4.98583,0.1
10,1010,180,17740,0.941214,0.941214,6.20519,3.69237,0.1
10,1010,185,18230,0.941214,0.941214,4.49037,2.3054,0.1
10,1010,190,18720,0.941214,0.941214,4.97088,2.86698,0.1
10,1010,195,19210,0.941214,0.941214,6.0911,2.87892,0.1
10,1010,200,19700,0.941214,0.941214,5.0836,2.67223,0.1
10,1010,205,20190,0.941214,0.941214,6.84579,2.73043,0.1
10,1010,210,20680,0.941214,0.941214,5.15192,2.58884,0.1
10,1010,215,21170,0.941214,0.941214,6.462,3.84414,0.1
10,1010,220,21660,0.823428,0.823428,5.97072,3.24207,0.1
10,1010,225,22150,0.823428,0.823428,4.35468,3.17295,0.1
10,1010,230,22640,0.823428,0.823428,6.2181,3.27835,0.1
10,1010,235,23130,0.823428,0.823428,4.69754,2.21984,0.1
10,1010,240,23620,0.823428,0.823428,5.472,3.24718,0.1
10,1010,245,24110,0.823428,0.823428,4.61375,2.85375,0.1
10,1010,250,24600,0.823428,0.823428,5.83789,3.25325,0.1
10,1010,255,25090,0.823428,0.823428,6.53471,3.78305,0.1
10,1010,260,25580,0.823428,0.823428,4.58162,2.62977,0.1
10,1010,265,26070,0.823428,0.823428,5.38473,3.32067,0.1
10,1010,270,26560,0.823428,0.823428,5.82092,3.38248,0.1
10,1010,275,27050,0.823428,0.823428,5.42674,2.8484,0.1
10,1010,280,27540,0.823428,0.823428,5.55333,3.81847,0.1
10,1010,285,28030,0.823428,0.823428,5.09019,3.11321,0.1
10,1010,290,28520,0.823428,0.823428,5.57481,2.43342,0.1
10,1010,295,29010,0.823428,0.823428,5.27143,3.11781,0.1
10,1010,300,29500,0.823428,0.823428,5.48882,2.95789,0.1
10,1010,305,29990,0.823428,0.823428,6.15709,3.1218,0.1
10,1010,310,30480,0.789383,0.789383,4.35497,2.97792,0.1
10,1010,315,30970,0.789383,0.789383,4.96648,2.57386,0.1
10,1010,320,31460,0.789383,0.789383,6.02364,3.39579,0.1
10,1010,325,31950,0.789383,0.789383,6.15798,3.18503,0.1
10,1010,330,32440,0.789383,0.789383,5.25665,2.26655,0.1
10,1010,335,32930,0.789383,0.789383,5.62422,3.35679,0.1
10,1010,340,33420,0.789383,0.789383,5.28201,2.96071,0.1
10,1010,345,33910,0.758228,0.758228,6.42836,3.29126,0.1
10,1010,350,34400,0.758228,0.758228,5.85103,2.77279,0.1
10,1010,355,34890,0.758228,0.758228,5.05291,3.57127,0.1
10,1010,360,35380,0.758228,0.758228,5.66351,2.55284,0.1
10,1010,365,35870,0.758228,0.758228,4.7858,2.83752,0.1
10,1010,370,36360,0.758228,0.758228,5.66637,2.78072,0.1
10,1010,375,36850,0.758228,0.758228,5.51625,3.22142,0.1
10,1010,380,37340,0.758228,0.758228,5.38813,2.3781,0.1
10,1010,385,37830,0.751259,0.751259,5.71336,3.11003,0.1
10,1010,390,38320,0.751259,0.751259,5.91637,3.76679,0.1
10,1010,395,38810,0.751259,0.751259,5.00023,3.08472,0.1
10,1010,400,39300,0.751259,0.751259,6.3131,3.6103,0.1
10,1010,405,39790,0.751259,0.751259,6.25393,3.3566,0.1
10,1010,410,40280,0.751259,0.751259,5.2434,2.46441,0.1
10,1010,415,40770,0.751259,0.751259,4.82744,3.1177,0.1
10,1010,420,41260,0.751259,0.751259,4.06818,2.64944,0.1
10,1010,425,41750,0.751259,0.751259,6.80883,3.89509,0.1
10,1010,430,42240,0.751259,0.751259,5.22227,2.49131,0.1
10,1010,435,42730,0.751259,0.751259,5.77768,3.18465,0.1
10,1010,440,43220,0.751259,0.751259,6.05826,2.90516,0.1
10,1010,445,43710,0.751259,0.751259,7.3281,4.98246,0.1
10,1010,450,44200,0.751259,0.751259,6.69038,3.86407,0.1
10,1010,455,44690,0.751259,0.751259,6.2926,3.54461,0.1
10,1010,460,45180,0.751259,0.751259,4.75544,2.6517,0.1
10,1010,465,45670,0.751259,0.751259,4.53189,2.6538,0.1
10,1010,470,46160,0.751259,0.751259,5.57692,3.37394,0.1
10,1010,475,46650,0.73212,0.73212,5.29517,2.96637,0.1
10,1010,480,47140,0.73212,0.73212,5.99905,2.96096,0.1
10,1010,485,47630,0.73212,0.73212,6.41825,2.97469,0.1
10,1010,490,48120,0.73212,0.73212,5.29852,3.1236,0.1
10,1010,495,48610,0.73212,0.73212,5.92852,2.83788,0.1
10,1010,500,49100,0.73212,0.73212,5.57248,2.85285,0.1
10,1010,505,49590,0.73212,0.73212,5.91808,3.29483,0.1
10,1010,510,50000,0.73212,0.73212,5.76294,3.55496,0.1
11,1011,0,100,115.384,115.384,290.399,296.728,0.1
11,1011,5,590,6.61283,6.61283,46.6001,42.2573,0.1
11,1011,10,1080,3.95322,3.95322,15.6341,14.2949,0.1
11,1011,15,1570,1.47848,1.47848,8.78375,7.2759,0.1
11,1011,20,2060,1.19309,1.19309,6.95933,4.91052,0.1
11,1011,25,2550,1.17985,1.17985,6.39686,3.63434,0.1
11,1011,30,3040,1.08284,1.08284,7.89367,5.14513,0.1
11,1011,35,3530,1.08284,1.08284,5.5713,2.96256,0.1
11,1011,40,4020,1.02843,1.02843,4.59184,2.28211,0.1
11,1011,45,4510,1.0058,1.0058,5.32607,2.58402,0.1
11,1011,50,5000,0.944917,0.944917,4.04579,2.37383,0.1
11,1011,55,5490,0.944917,0.944917,4.91584,2.6439,0.1
11,1011,60,5980,0.944917,0.944917,4.9595,2.8383,0.1
11,1011,65,6470,0.944917,0.944917,5.89829,3.44183,0.1
11,1011,70,6960,0.829703,0.829703,5.76146,3.05995,0.1
11,1011,75,7450,0.829703,0.829703,4.36785,2.46511,0.1
11,1011,80,7940,0.829703,0.829703,5.01867,2.81556,0.1
11,1011,85,8430,0.829703,0.829703,5.53988,3.37283,0.1
11,1011,90,8920,0.781294,0.781294,5.07797,2.71586,0.1
11,1011,95,9410,0.781294,0.781294,5.00676,2.77442,0.1
11,1011,100,9900,0.781294,0.781294,4.57995,2.88347,0.1
11,1011,105,10390,0.781294,0.781294,4.82445,3.01922,0.1
11,1011,110,10880,0.781294,0.781294,5.93658,3.90876,0.1
11,1011,115,11370,0.781294,0.781294,5.49217,2.68293,0.1
11,1011,120,11860,0.781294,0.781294,5.68071,2.92451,0.1
11,1011,125,12350,0.781294,0.781294,6.71265,3.74452,0.1
11,1011,130,12840,0.781294,0.781294,6.0401,3.81908,0.1
11,1011,135,13330,0.781294,0.781294,4.95934,2.37955,0.1
11,1011,140,13820,0.781294,0.781294,5.65338,2.96043,0.1
11,1011,145,14310,0.781294,0.781294,5.23636,2.59754,0.1
11,1011,150,14800,0.73564,0.73564,5.96897,3.31137,0.1
11,1011,155,15290,0.73564,0.73564,3.90344,2.37277,0.1
11,1011,160,15780,0.73564,0.73564,5.33194,3.17584,0.1
11,1011,165,16270,0.73564,0.73564,6.10634,2.65806,0.1
11,1011,170,16760,0.73564,0.73564,6.39163,3.00547,0.1
11,1011,175,17250,0.73564,0.73564,5.42133,2.75627,0.1
11,1011,180,17740,0.73564,0.73564,6.44094,3.64426,0.1
11,1011,185,18230,0.65551,0.65551,5.97479,3.90678,0.1
11,1011,190,18720,0.65551,0.65551,5.41564,2.62486,0.1
11,1011,195,19210,0.65551,0.65551,5.9327,3.60691,0.1
11,1011,200,19700,0.65551,0.65551,6.43588,3.37432,0.1
11,1011,205,20190,0.65551,0.65551,4.59349,2.67024,0.1
11,1011,210,20680,0.65551,0.65551,4.81086,2.71589,0.1
11,1011,215,21170,0.65551,0.65551,5.25817,2.70465,0.1
11,1011,220,21660,0.65551,0.65551,4.74557,2.28441,0.1
11,1011,225,22150,0.65551,0.65551,6.33451,3.08034,0.1
11,1011,230,22640,0.65551,0.65551,4.62485,2.56627,0.1
11,1011,235,23130,0.65551,0.65551,5.00954,2.65853,0.1
11,1011,240,23620,0.625685,0.625685,5.42487,3.0555,0.1
11,1011,245,24110,0.625685,0.625685,5.53409,3.2015,0.1
11,1011,250,24600,0.625685,0.625685,5.81237,3.64663,0.1
11,1011,255,25090,0.625685,0.625685,6.22127,3.2422,0.1
11,1011,260,25580,0.625685,0.625685,5.55508,3.47152,0.1
11,1011,265,26070,0.625685,0.625685,5.57583,2.47557,0.1
11,1011,270,26560,0.625685,0.625685,6.38328,3.70453,0.1
11,1011,275,27050,0.625685,0.625685,6.56588,3.79742,0.1
11,1011,280,27540,0.625685,0.625685,5.15439,2.87413,0.1
11,1011,285,28030,0.625685,0.625685,6.2134,3.24683,0.1
11,1011,290,28520,0.625685,0.625685,4.50245,2.29052,0.1
11,1011,295,29010,0.625685,0.625685,4.95915,2.73572,0.1
11,1011,300,29500,0.625685,0.625685,5.43168,3.40961,0.1
11,1011,305,29990,0.561852,0.561852,5.18837,2.98613,0.1
11,1011,310,30480,0.561852,0.561852,4.96226,2.89112,0.1
11,1011,315,30970,0.561852,0.561852,6.22772,3.64983,0.1
11,1011,320,31460,0.561852,0.561852,5.76117,3.0972,0.1
11,1011,325,31950,0.561852,0.561852,5.14127,2.54011,0.1
11,1011,330,32440,0.561852,0.561852,4.96757,2.56331,0.1
11,1011,335,32930,0.561852,0.561852,5.95679,3.20196,0.1
11,1011,340,33420,0.561852,0.561852,6.41392,3.44952,0.1
11,1011,345,33910,0.561852,0.561852,3.73991,2.53255,0.1
11,1011,350,34400,0.561852,0.561852,5.48069,3.20776,0.1
11,1011,355,34890,0.442922,0.442922,5.82602,3.22307,0.1
11,1011,360,35380,0.442922,0.442922,5.2757,2.82095,0.1
11,1011,365,35870,0.442922,0.442922,5.96368,3.28648,0.1
11,1011,370,36360,0.442922,0.442922,5.02069,2.82012,0.1
11,1011,375,36850,0.442922,0.442922,6.36096,3.86421,0.1
11,1011,380,37340,0.442922,0.442922,5.1524,2.45482,0.1
11,1011,385,37830,0.442922,0.442922,5.26036,2.59349,0.1
11,1011,390,38320,0.442922,0.442922,4.87825,2.73082,0.1
11,1011,395,38810,0.442922,0.442922,5.77192,2.48637,0.1
11,1011,400,39300,0.442922,0.442922,6.80297,3.69027,0.1
11,1011,405,39790,0.442922,0.442922,7.65322,3.89556,0.1
11,1011,410,40280,0.442922,0.442922,6.87791,4.1815,0.1
11,1011,415,40770,0.442922,0.442922,5.95283,3.8232,0.1
11,1011,420,41260,0.442922,0.442922,6.39233,3.00033,0.1
11,1011,425,41750,0.442922,0.442922,6.54015,3.72126,0.1
11,1011,430,42240,0.442922,0.442922,7.2731,4.08361,0.1
11,1011,435,42730,0.442922,0.442922,5.94141,3.83516,0.1
11,1011,440,43220,0.442922,0.442922,5.40171,3.01533,0.1
11,1011,445,43710,0.442922,0.442922,5.07674,2.81497,0.1
11,1011,450,44200,0.442922,0.442922,5.87069,2.39852,0.1
11,1011,455,44690,0.442922,0.442922,6.49186,3.09206,0.1
11,1011,460,45180,0.442922,0.442922,5.07941,2.30689,0.1
11,1011,465,45670,0.442922,0.442922,6.1195,2.78614,0.1
11,1011,470,46160,0.442922,0.442922,6.50422,3.46124,0.1
11,1011,475,46650,0.442922,0.442922,5.47269,2.9771,0.1
11,1011,480,47140,0.442922,0.442922,5.03346,2.70557,0.1
11,1011,485,47630,0.442922,0.442922,3.79642,1.7463,0.1
11,1011,490,48120,0.442922,0.442922,5.40083,2.59777,0.1
11,1011,495,48610,0.442922,0.442922,5.5804,3.23662,0.1
11,1011,500,49100,0.442922,0.442922,5.71686,2.8411,0.1
11,1011,505,49590,0.442922,0.442922,6.92916,4.21692,0.1
11,1011,510,50000,0.442922,0.442922,6.10024,3.52711,0.1
12,1012,0,100,156.439,156.439,301.49,293.989,0.1
12,1012,5,590,19.3356,19.3356,85.8174,77.8757,0.1
12,1012,10,1080,5.44656,5.44656,19.5108,17.3547,0.1
12,1012,15,1570,2.37393,2.37393,11.0168,9.87385,0.1
12,1012,20,2060,1.65062,1.65062,6.60774,4.82062,0.1
12,1012,25,2550,1.10328,1.10328,7.31531,4.51401,0.1
12,1012,30,3040,1.10286,1.10286,5.28053,3.40318,0.1
12,1012,35,3530,1.07703,1.07703,5.86577,4.00939,0.1
12,1012,40,4020,1.05598,1.05598,5.40013,2.73494,0.1
12,1012,45,4510,1.00494,1.00494,4.76632,2.5636,0.1
12,1012,50,5000,1.00494,1.00494,7.69883,4.13192,0.1
12,1012,55,5490,1.00494,1.00494,5.64515,3.73056,0.1
12,1012,60,5980,1.00494,1.00494,5.23906,2.99972,0.1
12,1012,65,6470,1.00494,1.00494,6.32468,3.3145,0.1
12,1012,70,6960,0.9849,0.9849,6.34595,3.7653,0.1
12,1012,75,7450,0.9849,0.9849,6.64718,2.55419,0.1
12,1012,80,7940,0.9849,0.9849,5.99358,3.31708,0.1
12,1012,85,8430,0.9849,0.9849,5.53808,2.74334,0.1
12,1012,90,8920,0.9849,0.9849,5.67472,2.73301,0.1
12,1012,95,9410,0.9849,0.9849,5.73397,3.63152,0.1
12,1012,100,9900,0.9849,0.9849,5.70215,2.98057,0.1
12,1012,105,10390,0.9849,0.9849,6.47376,3.69055,0.1
12,1012,110,10880,0.9849,0.9849,5.46752,3.46781,0.1
12,1012,115,11370,0.9849,0.9849,6.13431,4.10107,0.1
12,1012,120,11860,0.9849,0.9849,4.38149,2.747,0.1
12,1012,125,12350,0.9849,0.9849,5.53539,3.48684,0.1
12,1012,130,12840,0.9849,0.9849,5.50888,3.4784,0.1
12,1012,135,13330,0.9849,0.9849,5.73347,3.08587,0.1
12,1012,140,13820,0.901282,0.901282,6.44663,3.3399,0.1
12,1012,145,14310,0.901282,0.901282,5.60147,3.19199,0.1
12,1012,150,14800,0.901282,0.901282,6.09758,4.29433,0.1
12,1012,155,15290,0.901282,0.901282,5.07205,2.52803,0.1
12,1012,160,15780,0.901282,0.901282,6.53781,4.19826,0.1
12,1012,165,16270,0.901282,0.901282,5.77672,3.4404,0.1
12,1012,170,16760,0.901282,0.901282,6.02802,4.39655,0.1
12,1012,175,17250,0.901282,0.901282,5.62179,3.1276,0.1
12,1012,180,17740,0.901282,0.901282,6.37065,3.73491,0.1
12,1012,185,18230,0.901282,0.901282,5.49335,3.10792,0.1
12,1012,190,18720,0.76438,0.76438,6.16475,3.00015,0.1
12,1012,195,19210,0.76438,0.76438,3.97579,2.27328,0.1
12,1012,200,19700,0.76438,0.76438,5.66988,2.51799,0.1
12,1012,205,20190,0.76438,0.76438,5.4833,3.12053,0.1
12,1012,210,20680,0.76438,0.76438,5.86307,2.9914,0.1
12,1012,215,21170,0.76438,0.76438,5.49868,2.57013,0.1
12,1012,220,21660,0.76438,0.76438,7.31875,3.08625,0.1
12,1012,225,22150,0.76438,0.76438,5.86162,2.97384,0.1
12,1012,230,22640,0.76438,0.76438,5.22729,3.53098,0.1
12,1012,235,23130,0.76438,0.76438,6.06241,3.28063,0.1
12,1012,240,23620,0.76438,0.76438,5.23683,3.49261,0.1
12,1012,245,24110,0.76438,0.76438,4.08086,2.44548,0.1
12,1012,250,24600,0.76438,0.76438,4.95985,3.11507,0.1
12,1012,255,25090,0.76438,0.76438,6.17761,4.05823,0.1
12,1012,260,25580,0.76438,0.76438,6.88023,4.18544,0.1
12,1012,265,26070,0.76438,0.76438,6.36277,2.55551,0.1
12,1012,270,26560,0.76438,0.76438,5.35366,2.61116,0.1
12,1012,275,27050,0.76438,0.76438,5.46249,2.90492,0.1
12,1012,280,27540,0.76438,0.76438,6.81047,4.41527,0.1
12,1012,285,28030,0.76438,0.76438,5.62006,3.60387,0.1
12,1012,290,28520,0.76438,0.76438,6.12515,3.4715,0.1
12,1012,295,29010,0.76438,0.76438,6.27035,3.82046,0.1
12,1012,300,29500,0.76438,0.76438,6.61272,4.36193,0.1
12,1012,305,29990,0.76438,0.76438,5.4218,2.47284,0.1
12,1012,310,30480,0.76438,0.76438,5.05245,2.89618,0.1
12,1012,315,30970,0.76438,0.76438,6.03925,3.64741,0.1
12,1012,320,31460,0.76438,0.76438,5.55359,3.0831,0.1
12,1012,325,31950,0.76438,0.76438,5.37439,3.80579,0.1
12,1012,330,32440,0.76438,0.76438,6.74471,3.51499,0.1
12,1012,335,32930,0.76438,0.76438,5.30823,2.99338,0.1
12,1012,340,33420,0.580675,0.580675,5.19415,3.32045,0.1
12,1012,345,33910,0.580675,0.580675,5.54277,2.90751,0.1
12,1012,350,34400,0.580675,0.580675,5.29488,2.81071,0.1
12,1012,355,34890,0.580675,0.580675,5.8108,3.18155,0.1
12,1012,360,35380,0.580675,0.580675,4.90406,2.42942,0.1
12,1012,365,35870,0.580675,0.580675,5.34408,2.87491,0.1
12,1012,370,36360,0.580675,0.580675,5.71386,2.95027,0.1
12,1012,375,36850,0.580675,0.580675,6.20956,3.81811,0.1
12,1012,380,37340,0.580675,0.580675,5.14563,2.15071,0.1
12,1012,385,37830,0.580675,0.580675,5.14231,3.02841,0.1
12,1012,390,38320,0.580675,0.580675,5.07578,2.53185,0.1
12,1012,395,38810,0.580675,0.580675,4.98642,2.48061,0.1
12,1012,400,39300,0.580675,0.580675,5.68919,3.20387,0.1
12,1012,405,39790,0.580675,0.580675,4.98624,2.31411,0.1
12,1012,410,40280,0.521081,0.521081,7.81816,3.27781,0.1
12,1012,415,40770,0.521081,0.521081,4.81873,2.4991,0.1
12,1012,420,41260,0.521081,0.521081,5.69725,2.14918,0.1
12,1012,425,41750,0.521081,0.521081,5.1026,3.26244,0.1
12,1012,430,42240,0.521081,0.521081,3.96796,2.12151,0.1
12,1012,435,42730,0.521081,0.521081,4.54098,2.59823,0.1
12,1012,440,43220,0.521081,0.521081,5.65902,2.76205,0.1
12,1012,445,43710,0.521081,0.521081,5.18289,2.40991,0.1
12,1012,450,44200,0.521081,0.521081,5.07455,2.64493,0.1
12,1012,455,44690,0.521081,0.521081,6.02458,3.63055,0.1
12,1012,460,45180,0.521081,0.521081,5.16383,2.36998,0.1
12,1012,465,45670,0.521081,0.521081,6.55228,3.73452,0.1
12,1012,470,46160,0.521081,0.521081,5.1809,3.75311,0.1
12,1012,475,46650,0.521081,0.521081,6.06472,3.21313,0.1
12,1012,480,47140,0.521081,0.521081,6.19272,3.33036,0.1
12,1012,485,47630,0.521081,0.521081,5.42333,2.8533,0.1
12,1012,490,48120,0.521081,0.521081,7.08587,4.42446,0.1
12,1012,495,48610,0.521081,0.521081,7.04639,3.85734,0.1
12,1012,500,49100,0.521081,0.521081,6.6791,4.3516,0.1
12,1012,505,49590,0.521081,0.521081,4.93668,2.66298,0.1
12,1012,510,50000,0.521081,0.521081,3.05155,1.88627,0.1
13,1013,0,100,134.402,134.402,306.098,308.206,0.1
13,1013,5,590,13.5584,13.5584,96.7776,87.2689,0.1
13,1013,10,1080,5.0778,5.0778,28.3795,23.2814,0.1
13,1013,15,1570,2.29805,2.29805,10.7827,7.74191,0.1
13,1013,20,2060,1.57797,1.57797,7.38407,4.80196,0.1
13,1013,25,2550,1.15734,1.15734,7.19781,4.40951,0.1
13,1013,30,3040,1.07864,1.07864,4.86749,2.93548,0.1
13,1013,35,3530,1.07864,1.07864,5.38621,2.89444,0.1
13,1013,40,4020,1.07864,1.07864,7.64956,4.71785,0.1
13,1013,45,4510,1.07864,1.07864,5.96921,3.21777,0.1
13,1013,50,5000,1.07864,1.07864,5.69611,3.0661,0.1
13,1013,55,5490,1.01005,1.01005,5.01596,2.86082,0.1
13,1013,60,5980,1.01005,1.01005,6.37705,3.43307,0.1
13,1013,65,6470,1.01005,1.01005,5.1217,2.92951,0.1
13,1013,70,6960,0.997584,0.997584,5.7372,2.97888,0.1
13,1013,75,7450,0.995009,0.995009,6.38171,2.98692,0.1
13,1013,80,7940,0.995009,0.995009,5.71934,2.8942,0.1
13,1013,85,8430,0.995009,0.995009,6.37909,3.27059,0.1
13,1013,90,8920,0.995009,0.995009,6.61936,3.34472,0.1
13,1013,95,9410,0.995009,0.995009,4.96719,2.66024,0.1
13,1013,100,9900,0.995009,0.995009,5.5568,3.51747,0.1
13,1013,105,10390,0.995009,0.995009,5.31384,3.11579,0.1
13,1013,110,10880,0.926598,0.926598,6.88691,3.45552,0.1
13,1013,115,11370,0.926598,0.926598,4.43033,3.04417,0.1
13,1013,120,11860,0.926598,0.926598,5.06726,2.43626,0.1
13,1013,125,12350,0.926598,0.926598,4.79419,2.52888,0.1
13,1013,130,12840,0.926598,0.926598,5.57647,3.18297,0.1
13,1013,135,13330,0.695316,0.695316,5.22104,2.93209,0.1
13,1013,140,13820,0.695316,0.695316,6.24067,2.9116,0.1
13,1013,145,14310,0.695316,0.695316,5.76908,3.25113,0.1
13,1013,150,14800,0.695316,0.695316,5.19894,3.11554,0.1
13,1013,155,15290,0.695316,0.695316,7.11929,4.69235,0.1
13,1013,160,15780,0.695316,0.695316,5.56197,3.05076,0.1
13,1013,165,16270,0.695316,0.695316,6.22932,3.38755,0.1
13,1013,170,16760,0.695316,0.695316,5.34214,3.6001,0.1
13,1013,175,17250,0.695316,0.695316,5.86804,2.97748,0.1
13,1013,180,17740,0.695316,0.695316,4.77689,2.48996,0.1
13,1013,185,18230,0.695316,0.695316,4.8997,2.46892,0.1
13,1013,190,18720,0.695316,0.695316,5.14677,2.4377,0.1
13,1013,195,19210,0.695316,0.695316,6.14995,3.09811,0.1
13,1013,200,19700,0.695316,0.695316,4.47211,2.92327,0.1
13,1013,205,20190,0.695316,0.695316,5.82582,3.7473,0.1
13,1013,210,20680,0.695316,0.695316,5.71131,3.63201,0.1
13,1013,215,21170,0.695316,0.695316,5.40427,2.93093,0.1
13,1013,220,21660,0.695316,0.695316,5.96397,2.98531,0.1
13,1013,225,22150,0.695316,0.695316,5.0402,2.86441,0.1
13,1013,230,22640,0.695316,0.695316,5.28421,2.32827,0.1
13,1013,235,23130,0.695316,0.695316,6.15078,4.13434,0.1
13,1013,240,23620,0.695316,0.695316,5.55126,3.29913,0.1
13,1013,245,24110,0.695316,0.695316,5.38856,2.8875,0.1
13,1013,250,24600,0.695316,0.695316,4.41083,2.23163,0.1
13,1013,255,25090,0.695316,0.695316,5.71686,2.64277,0.1
13,1013,260,25580,0.695316,0.695316,5.51947,3.59865,0.1
13,1013,265,26070,0.695316,0.695316,6.94605,5.04392,0.1
13,1013,270,26560,0.695316,0.695316,4.72266,2.28478,0.1
13,1013,275,27050,0.627902,0.627902,5.38746,2.72694,0.1
13,1013,280,27540,0.627902,0.627902,4.41866,2.25056,0.1
13,1013,285,28030,0.505285,0.505285,5.17725,2.76249,0.1
13,1013,290,28520,0.505285,0.505285,5.73768,2.15091,0.1
13,1013,295,29010,0.505285,0.505285,5.29675,2.63918,0.1
13,1013,300,29500,0.505285,0.505285,5.42117,3.52527,0.1
13,1013,305,29990,0.505285,0.505285,5.20415,2.40206,0.1
13,1013,310,30480,0.505285,0.505285,6.3562,2.94133,0.1
13,1013,315,30970,0.505285,0.505285,5.52392,3.10648,0.1
13,1013,320,31460,0.505285,0.505285,5.82048,2.86295,0.1
13,1013,325,31950,0.505285,0.505285,5.16066,3.16666,0.1
13,1013,330,32440,0.505285,0.505285,6.66627,3.31438,0.1
13,1013,335,32930,0.505285,0.505285,5.85892,3.89896,0.1
13,1013,340,33420,0.505285,0.505285,5.28488,2.18442,0.1
13,1013,345,33910,0.505285,0.505285,6.24117,3.2498,0.1
13,1013,350,34400,0.505285,0.505285,5.85804,3.8063,0.1
13,1013,355,34890,0.505285,0.505285,5.50335,3.35033,0.1
13,1013,360,35380,0.505285,0.505285,4.85853,3.2511,0.1
13,1013,365,35870,0.505285,0.505285,5.09497,2.71752,0.1
13,1013,370,36360,0.505285,0.505285,5.64987,2.88973,0.1
13,1013,375,36850,0.505285,0.505285,5.50278,2.60528,0.1
13,1013,380,37340,0.505285,0.505285,5.55788,3.21354,0.1
13,1013,385,37830,0.505285,0.505285,4.87157,3.19354,0.1
13,1013,390,38320,0.505285,0.505285,6.6254,3.84462,0.1
13,1013,395,38810,0.490292,0.490292,5.51363,2.81784,0.1
13,1013,400,39300,0.490292,0.490292,6.21705,2.86889,0.1
13,1013,405,39790,0.490292,0.490292,5.66412,3.32203,0.1
13,1013,410,40280,0.487034,0.487034,6.26748,3.70429,0.1
13,1013,415,40770,0.487034,0.487034,6.43234,2.9038,0.1
13,1013,420,41260,0.487034,0.487034,6.47135,4.16085,0.1
13,1013,425,41750,0.487034,0.487034,5.76521,3.34374,0.1
13,1013,430,42240,0.487034,0.487034,5.64568,2.67862,0.1
13,1013,435,42730,0.487034,0.487034,5.40297,3.23712,0.1
13,1013,440,43220,0.487034,0.487034,5.34977,3.01651,0.1
13,1013,445,43710,0.487034,0.487034,6.39957,2.94431,0.1
13,1013,450,44200,0.487034,0.487034,6.15949,3.64017,0.1
13,1013,455,44690,0.487034,0.487034,5.50333,2.6726,0.1
13,1013,460,45180,0.487034,0.487034,5.20652,3.08712,0.1
13,1013,465,45670,0.487034,0.487034,5.66184,3.49308,0.1
13,1013,470,46160,0.487034,0.487034,5.85777,3.51425,0.1
13,1013,475,46650,0.487034,0.487034,4.65367,2.53578,0.1
13,1013,480,47140,0.487034,0.487034,5.75773,2.38276,0.1
13,1013,485,47630,0.487034,0.487034,4.8722,2.33835,0.1
13,1013,490,48120,0.487034,0.487034,5.08,3.28092,0.1
13,1013,495,48610,0.487034,0.487034,6.08866,3.14156,0.1
13,1013,500,49100,0.487034,0.487034,5.29273,2.72786,0.1
13,1013,505,49590,0.487034,0.487034,5.61264,2.6809,0.1
13,1013,510,50000,0.487034,0.487034,8.44998,5.04983,0.1
14,1014,0,100,73.2356,73.2356,295.156,295.8,0.1
14,1014,5,590,36.5094,36.5094,100.81,93.976,0.1
14,1014,10,1080,12.3537,12.3537,40.5703,36.7942,0.1
14,1014,15,1570,3.36825,3.36825,12.9822,9.8097,0.1
14,1014,20,2060,1.62194,1.62194,8.41628,6.34849,0.1
14,1014,25,2550,1.46726,1.46726,6.32662,4.22962,0.1
14,1014,30,3040,1.19529,1.19529,6.87871,4.31393,0.1
14,1014,35,3530,1.19529,1.19529,4.89464,3.11196,0.1
14,1014,40,4020,1.11618,1.11618,6.7905,4.04969,0.1
14,1014,45,4510,1.11618,1.11618,5.68561,2.83014,0.1
14,1014,50,5000,1.11618,1.11618,5.61712,3.58538,0.1
14,1014,55,5490,1.11618,1.11618,6.34079,4.29276,0.1
14,1014,60,5980,1.07424,1.07424,5.37737,2.88405,0.1
14,1014,65,6470,1.07053,1.07053,5.89764,3.4071,0.1
14,1014,70,6960,1.07053,1.07053,6.13376,2.89794,0.1
14,1014,75,7450,0.9933,0.9933,4.75927,2.17097,0.1
14,1014,80,7940,0.9933,0.9933,5.58388,2.93058,0.1
14,1014,85,8430,0.752832,0.752832,6.0669,3.12679,0.1
14,1014,90,8920,0.752832,0.752832,5.22069,2.4938,0.1
14,1014,95,9410,0.752832,0.752832,6.65351,3.73737,0.1
14,1014,100,9900,0.752832,0.752832,6.21553,4.19488,0.1
14,1014,105,10390,0.752832,0.752832,4.81467,2.32768,0.1
14,1014,110,10880,0.698261,0.698261,5.37961,2.9596,0.1
14,1014,115,11370,0.698261,0.698261,5.35407,2.94325,0.1
14,1014,120,11860,0.632903,0.632903,5.9199,3.1486,0.1
14,1014,125,12350,0.632903,0.632903,5.14802,3.20954,0.1
14,1014,130,12840,0.632903,0.632903,5.22606,2.59136,0.1
14,1014,135,13330,0.618392,0.618392,6.05008,3.44488,0.1
14,1014,140,13820,0.618392,0.618392,6.46898,2.61747,0.1
14,1014,145,14310,0.618392,0.618392,4.92977,2.38633,0.1
14,1014,150,14800,0.618392,0.618392,5.40737,2.71575,0.1
14,1014,155,15290,0.618392,0.618392,5.25161,2.99032,0.1
14,1014,160,15780,0.618392,0.618392,5.75735,3.85263,0.1
14,1014,165,16270,0.618392,0.618392,5.01469,2.51589,0.1
14,1014,170,16760,0.447322,0.447322,6.76576,3.4597,0.1
14,1014,175,17250,0.447322,0.447322,6.94868,3.30181,0.1
14,1014,180,17740,0.447322,0.447322,6.29338,3.15047,0.1
14,1014,185,18230,0.447322,0.447322,6.42154,3.82073,0.1
14,1014,190,18720,0.447322,0.447322,7.08294,4.30196,0.1
14,1014,195,19210,0.447322,0.447322,5.44574,2.99343,0.1
14,1014,200,19700,0.447322,0.447322,5.24871,2.82866,0.1
14,1014,205,20190,0.447322,0.447322,6.0776,3.04184,0.1
14,1014,210,20680,0.447322,0.447322,6.06175,2.38771,0.1
14,1014,215,21170,0.447322,0.447322,5.12248,2.48292,0.1
14,1014,220,21660,0.447322,0.447322,5.73423,2.98067,0.1
14,1014,225,22150,0.447322,0.447322,5.22883,3.72834,0.1
14,1014,230,22640,0.447322,0.447322,7.54323,4.25276,0.1
14,1014,235,23130,0.447322,0.447322,5.6466,2.71932,0.1
14,1014,240,23620,0.447322,0.447322,5.59912,2.7975,0.1
14,1014,245,24110,0.447322,0.447322,6.9834,3.90913,0.1
14,1014,250,24600,0.447322,0.447322,5.81096,2.63919,0.1
14,1014,255,25090,0.447322,0.447322,5.05342,3.2508,0.1
14,1014,260,25580,0.447322,0.447322,5.59563,2.74825,0.1
14,1014,265,26070,0.447322,0.447322,4.94847,2.4565,0.1
14,1014,270,26560,0.447322,0.447322,5.21448,2.58395,0.1
14,1014,275,27050,0.447322,0.447322,6.67686,3.61531,0.1
14,1014,280,27540,0.447322,0.447322,5.63627,3.4601,0.1
14,1014,285,28030,0.447322,0.447322,5.12922,2.66899,0.1
14,1014,290,28520,0.447322,0.447322,6.28696,3.10801,0.1
14,1014,295,29010,0.447322,0.447322,6.27986,3.05576,0.1
14,1014,300,29500,0.384524,0.384524,5.75496,3.59396,0.1
14,1014,305,29990,0.384524,0.384524,6.07418,2.94289,0.1
14,1014,310,30480,0.384524,0.384524,5.19221,2.46474,0.1
14,1014,315,30970,0.384524,0.384524,5.86483,2.41809,0.1
14,1014,320,31460,0.384524,0.384524,3.57963,2.06894,0.1
14,1014,325,31950,0.384524,0.384524,5.75826,2.77876,0.1
14,1014,330,32440,0.384524,0.384524,6.03259,3.30857,0.1
14,1014,335,32930,0.384524,0.384524,6.38545,3.75687,0.1
14,1014,340,33420,0.384524,0.384524,4.67667,3.00107,0.1
14,1014,345,33910,0.384524,0.384524,4.94049,2.70077,0.1
14,1014,350,34400,0.384524,0.384524,5.15402,2.52434,0.1
14,1014,355,34890,0.384524,0.384524,4.9184,2.47442,0.1
14,1014,360,35380,0.384524,0.384524,4.72228,2.36114,0.1
14,1014,365,35870,0.384524,0.384524,5.31164,2.79266,0.1
14,1014,370,36360,0.384524,0.384524,6.01913,3.25356,0.1
14,1014,375,36850,0.384524,0.384524,5.81646,3.70353,0.1
14,1014,380,37340,0.384524,0.384524,5.92805,3.17302,0.1
14,1014,385,37830,0.384524,0.384524,5.18303,3.3396,0.1
14,1014,390,38320,0.384524,0.384524,4.62423,2.72755,0.1
14,1014,395,38810,0.384524,0.384524,7.1845,4.47294,0.1
14,1014,400,39300,0.384524,0.384524,5.57749,3.37122,0.1
14,1014,405,39790,0.384524,0.384524,5.17475,3.43974,0.1
14,1014,410,40280,0.384524,0.384524,4.77927,2.22462,0.1
14,1014,415,40770,0.384524,0.384524,4.85438,2.40938,0.1
14,1014,420,41260,0.384524,0.384524,4.98632,2.68614,0.1
14,1014,425,41750,0.384524,0.384524,4.82539,2.11757,0.1
14,1014,430,42240,0.384524,0.384524,6.39874,3.38608,0.1
14,1014,435,42730,0.384524,0.384524,5.8871,3.26562,0.1
14,1014,440,43220,0.384524,0.384524,7.267,4.70204,0.1
14,1014,445,43710,0.384524,0.384524,5.27025,2.79673,0.1
14,1014,450,44200,0.384524,0.384524,7.10584,4.07176,0.1
14,1014,455,44690,0.384524,0.384524,7.27697,3.98235,0.1
14,1014,460,45180,0.384524,0.384524,6.15186,3.53721,0.1
14,1014,465,45670,0.384524,0.384524,6.05542,3.95542,0.1
14,1014,470,46160,0.384524,0.384524,6.5005,4.13295,0.1
14,1014,475,46650,0.384524,0.384524,5.27098,2.79608,0.1
14,1014,480,47140,0.384524,0.384524,6.19202,3.48709,0.1
14,1014,485,47630,0.323578,0.323578,5.48786,3.41627,0.1
14,1014,490,48120,0.323578,0.323578,5.98398,2.91367,0.1
14,1014,495,48610,0.323578,0.323578,5.70955,3.37018,0.1
14,1014,500,49100,0.323578,0.323578,6.20665,3.22968,0.1
14,1014,505,49590,0.323578,0.323578,5.62576,2.24676,0.1
14,1014,510,50000,0.323578,0.323578,2.13005,1.7064,0.1
15,1015,0,100,78.6302,78.6302,293.593,285.354,0.1
15,1015,5,590,16.4991,16.4991,69.3974,59.72,0.1
15,1015,10,1080,5.34856,5.34856,22.3484,19.5992,0.1
15,1015,15,1570,2.23589,2.23589,13.2814,10.4245,0.1
15,1015,20,2060,1.6659,1.6659,8.81009,5.55391,0.1
15,1015,25,2550,1.27852,1.27852,5.78084,3.99833,0.1
15,1015,30,3040,1.26413,1.26413,5.53549,3.1897,0.1
15,1015,35,3530,1.14935,1.14935,5.69091,2.56072,0.1
15,1015,40,4020,1.05824,1.05824,6.50406,3.51413,0.1
15,1015,45,4510,1.05513,1.05513,5.48009,3.23066,0.1
15,1015,50,5000,1.04431,1.04431,6.42286,3.25391,0.1
15,1015,55,5490,1.04181,1.04181,5.90121,3.21037,0.1
15,1015,60,5980,1.03745,1.03745,5.77839,3.21412,0.1
15,1015,65,6470,0.938002,0.938002,4.97481,2.46808,0.1
15,1015,70,6960,0.938002,0.938002,5.25358,3.07608,0.1
15,1015,75,7450,0.938002,0.938002,5.6668,3.53308,0.1
15,1015,80,7940,0.853414,0.853414,4.70529,2.66534,0.1
15,1015,85,8430,0.853414,0.853414,6.5637,4.03038,0.1
15,1015,90,8920,0.853414,0.853414,5.28727,3.23729,0.1
15,1015,95,9410,0.784744,0.784744,6.19634,3.59184,0.1
15,1015,100,9900,0.784744,0.784744,5.55174,3.51174,0.1
15,1015,105,10390,0.784744,0.784744,6.82002,4.18841,0.1
15,1015,110,10880,0.784744,0.784744,5.0916,3.59997,0.1
15,1015,115,11370,0.784744,0.784744,5.09883,2.76874,0.1
15,1015,120,11860,0.784744,0.784744,5.66019,2.82863,0.1
15,1015,125,12350,0.784744,0.784744,7.16266,3.40881,0.1
15,1015,130,12840,0.784744,0.784744,6.04239,3.31151,0.1
15,1015,135,13330,0.784744,0.784744,5.29285,3.02712,0.1
15,1015,140,13820,0.784744,0.784744,4.85141,2.91822,0.1
15,1015,145,14310,0.784744,0.784744,5.24612,3.35787,0.1
15,1015,150,14800,0.784744,0.784744,5.9438,3.54126,0.1
15,1015,155,15290,0.784744,0.784744,6.77284,3.41871,0.1
15,1015,160,15780,0.784744,0.784744,5.96922,3.0027,0.1
15,1015,165,16270,0.784744,0.784744,6.16424,3.75269,0.1
15,1015,170,16760,0.784744,0.784744,5.01769,3.08578,0.1
15,1015,175,17250,0.784744,0.784744,7.18244,4.10809,0.1
15,1015,180,17740,0.784744,0.784744,5.08832,2.44017,0.1
15,1015,185,18230,0.784744,0.784744,6.61981,3.6398,0.1
15,1015,190,18720,0.784744,0.784744,6.02021,2.90486,0.1
15,1015,195,19210,0.784744,0.784744,6.49606,3.77471,0.1
15,1015,200,19700,0.784744,0.784744,5.84401,2.90136,0.1
15,1015,205,20190,0.784744,0.784744,5.87608,2.70198,0.1
15,1015,210,20680,0.768227,0.768227,5.08457,3.13965,0.1
15,1015,215,21170,0.768227,0.768227,5.59812,3.73812,0.1
15,1015,220,21660,0.768227,0.768227,5.19298,2.62166,0.1
15,1015,225,22150,0.768227,0.768227,6.08272,3.64061,0.1
15,1015,230,22640,0.768227,0.768227,5.40171,2.81525,0.1
15,1015,235,23130,0.768227,0.768227,6.37817,3.48023,0.1
15,1015,240,23620,0.768227,0.768227,6.41625,3.14769,0.1
15,1015,245,24110,0.768227,0.768227,6.73834,4.91658,0.1
15,1015,250,24600,0.768227,0.768227,6.10271,2.75346,0.1
15,1015,255,25090,0.764141,0.764141,5.98908,3.37335,0.1
15,1015,260,25580,0.748538,0.748538,5.6363,3.20281,0.1
15,1015,265,26070,0.672393,0.672393,4.27135,2.28906,0.1
15,1015,270,26560,0.582194,0.582194,4.42487,2.40742,0.1
15,1015,275,27050,0.582194,0.582194,5.9647,2.9396,0.1
15,1015,280,27540,0.582194,0.582194,5.58151,2.8081,0.1
15,1015,285,28030,0.582194,0.582194,6.39921,3.74655,0.1
15,1015,290,28520,0.582194,0.582194,6.19721,3.70549,0.1
15,1015,295,29010,0.582194,0.582194,6.25746,3.0942,0.1
15,1015,300,29500,0.582194,0.582194,6.2687,3.2313,0.1
15,1015,305,29990,0.582194,0.582194,4.92471,3.01097,0.1
15,1015,310,30480,0.582194,0.582194,4.80906,2.78035,0.1
15,1015,315,30970,0.582194,0.582194,5.50614,3.02893,0.1
15,1015,320,31460,0.582194,0.582194,4.95521,2.73578,0.1
15,1015,325,31950,0.582194,0.582194,4.33389,2.17697,0.1
15,1015,330,32440,0.582194,0.582194,6.16439,4.13948,0.1
15,1015,335,32930,0.582194,0.582194,5.18427,2.83704,0.1
15,1015,340,33420,0.582194,0.582194,7.12169,3.01857,0.1
15,1015,345,33910,0.582194,0.582194,4.95885,2.65142,0.1
15,1015,350,34400,0.582194,0.582194,5.41285,2.52357,0.1
15,1015,355,34890,0.582194,0.582194,6.14175,3.62164,0.1
15,1015,360,35380,0.582194,0.582194,5.46686,3.08824,0.1
15,1015,365,35870,0.582194,0.582194,5.15191,3.64787,0.1
15,1015,370,36360,0.582194,0.582194,5.82906,3.39267,0.1
15,1015,375,36850,0.582194,0.582194,5.34705,3.36755,0.1
15,1015,380,37340,0.582194,0.582194,5.36301,3.06963,0.1
15,1015,385,37830,0.582194,0.582194,4.97387,2.71046,0.1
15,1015,390,38320,0.582194,0.582194,6.16364,3.5865,0.1
15,1015,395,38810,0.582194,0.582194,6.45149,3.49213,0.1
15,1015,400,39300,0.582194,0.582194,5.40851,3.22539,0.1
15,1015,405,39790,0.582194,0.582194,5.19899,3.1718,0.1
15,1015,410,40280,0.582194,0.582194,6.49461,3.56371,0.1
15,1015,415,40770,0.582194,0.582194,6.68356,3.35205,0.1
15,1015,420,41260,0.516299,0.516299,5.09981,2.56208,0.1
15,1015,425,41750,0.516299,0.516299,6.1477,3.55234,0.1
15,1015,430,42240,0.516299,0.516299,6.96189,3.90535,0.1
15,1015,435,42730,0.516299,0.516299,6.00388,3.20969,0.1
15,1015,440,43220,0.516299,0.516299,6.45826,3.49063,0.1
15,1015,445,43710,0.516299,0.516299,5.48233,2.63209,0.1
15,1015,450,44200,0.516299,0.516299,4.90246,2.45564,0.1
15,1015,455,44690,0.516299,0.516299,4.75986,2.48093,0.1
15,1015,460,45180,0.516299,0.516299,7.31565,3.08244,0.1
15,1015,465,45670,0.516299,0.516299,5.41838,3.02523,0.1
15,1015,470,46160,0.516299,0.516299,5.19045,3.05875,0.1
15,1015,475,46650,0.516299,0.516299,5.28617,3.17334,0.1
15,1015,480,47140,0.516299,0.516299,5.28818,2.60074,0.1
15,1015,485,47630,0.516299,0.516299,6.02269,3.45784,0.1
15,1015,490,48120,0.516299,0.516299,4.55158,2.75377,0.1
15,1015,495,48610,0.516299,0.516299,5.21511,2.95553,0.1
15,1015,500,49100,0.516299,0.516299,5.77278,3.04539,0.1
15,1015,505,49590,0.516299,0.516299,5.60874,3.0517,0.1
15,1015,510,50000,0.516299,0.516299,5.40684,2.96715,0.1
16,1016,0,100,98.7541,98.7541,307.785,299.745,0.1
16,1016,5,590,27.8159,27.8159,87.6881,82.1178,0.1
16,1016,10,1080,5.59864,5.59864,23.0282,19.5979,0.1
16,1016,15,1570,2.27881,2.27881,9.22388,6.26236,0.1
16,1016,20,2060,1.32203,1.32203,6.80796,4.99178,0.1
16,1016,25,2550,1.18373,1.18373,5.46564,3.14491,0.1
16,1016,30,3040,1.13345,1.13345,4.31555,2.38527,0.1
16,1016,35,3530,1.13345,1.13345,4.52137,2.70631,0.1
16,1016,40,4020,1.03871,1.03871,6.11716,3.57767,0.1
16,1016,45,4510,1.03251,1.03251,4.83799,2.63568,0.1
16,1016,50,5000,0.991572,0.991572,5.64569,3.27483,0.1
16,1016,55,5490,0.991572,0.991572,5.75777,2.76105,0.1
16,1016,60,5980,0.991572,0.991572,6.96886,4.04687,0.1
16,1016,65,6470,0.991572,0.991572,6.50585,2.50064,0.1
16,1016,70,6960,0.991008,0.991008,5.63861,3.53346,0.1
16,1016,75,7450,0.991008,0.991008,5.49956,2.99636,0.1
16,1016,80,7940,0.991008,0.991008,6.62857,3.05407,0.1
16,1016,85,8430,0.991008,0.991008,5.76449,3.32058,0.1
16,1016,90,8920,0.991008,0.991008,7.03402,4.45325,0.1
16,1016,95,9410,0.991008,0.991008,7.42538,2.85944,0.1
16,1016,100,9900,0.991008,0.991008,4.76732,2.42823,0.1
16,1016,105,10390,0.991008,0.991008,6.11453,3.50685,0.1
16,1016,110,10880,0.991008,0.991008,5.10853,2.60708,0.1
16,1016,115,11370,0.991008,0.991008,5.418,2.51754,0.1
16,1016,120,11860,0.991008,0.991008,4.74486,2.85308,0.1
16,1016,125,12350,0.991008,0.991008,5.73488,3.54321,0.1
16,1016,130,12840,0.991008,0.991008,6.14577,3.47381,0.1
16,1016,135,13330,0.983433,0.983433,5.95822,3.53133,0.1
16,1016,140,13820,0.858043,0.858043,6.59428,4.13887,0.1
16,1016,145,14310,0.858043,0.858043,5.88043,3.29284,0.1
16,1016,150,14800,0.858043,0.858043,6.96999,3.29765,0.1
16,1016,155,15290,0.858043,0.858043,6.95622,3.902,0.1
16,1016,160,15780,0.858043,0.858043,5.95202,3.51607,0.1
16,1016,165,16270,0.858043,0.858043,5.31973,3.03954,0.1
16,1016,170,16760,0.858043,0.858043,6.08859,3.57527,0.1
16,1016,175,17250,0.858043,0.858043,5.45108,3.04817,0.1
16,1016,180,17740,0.858043,0.858043,5.47955,3.25278,0.1
16,1016,185,18230,0.850214,0.850214,4.8295,2.67669,0.1
16,1016,190,18720,0.850214,0.850214,5.52396,2.79538,0.1
16,1016,195,19210,0.850214,0.850214,5.98839,3.65154,0.1
16,1016,200,19700,0.850214,0.850214,5.71397,3.49078,0.1
16,1016,205,20190,0.850214,0.850214,6.6621,3.57974,0.1
16,1016,210,20680,0.850214,0.850214,5.37509,2.88859,0.1
16,1016,215,21170,0.850214,0.850214,4.33154,2.13016,0.1
16,1016,220,21660,0.850214,0.850214,5.66273,2.69649,0.1
16,1016,225,22150,0.850214,0.850214,5.82813,4.05216,0.1
16,1016,230,22640,0.843832,0.843832,4.63097,2.57631,0.1
16,1016,235,23130,0.843832,0.843832,5.36156,3.05517,0.1
16,1016,240,23620,0.843832,0.843832,5.28228,2.80874,0.1
16,1016,245,24110,0.840563,0.840563,4.54832,2.37012,0.1
16,1016,250,24600,0.840563,0.840563,4.67479,2.2727,0.1
16,1016,255,25090,0.840563,0.840563,6.25865,2.68422,0.1
16,1016,260,25580,0.805994,0.805994,6.01988,2.94535,0.1
16,1016,265,26070,0.805994,0.805994,5.31739,2.70783,0.1
16,1016,270,26560,0.805994,0.805994,5.21081,2.42412,0.1
16,1016,275,27050,0.805994,0.805994,6.6746,3.41514,0.1
16,1016,280,27540,0.805994,0.805994,6.39462,3.3891,0.1
16,1016,285,28030,0.805994,0.805994,5.21654,3.06588,0.1
16,1016,290,28520,0.805994,0.805994,5.13665,2.65705,0.1
16,1016,295,29010,0.805994,0.805994,6.15544,4.02461,0.1
16,1016,300,29500,0.805994,0.805994,4.28342,2.04429,0.1
16,1016,305,29990,0.805994,0.805994,6.08825,3.05402,0.1
16,1016,310,30480,0.725855,0.725855,6.06633,3.44151,0.1
16,1016,315,30970,0.725855,0.725855,5.40688,2.32069,0.1
16,1016,320,31460,0.725855,0.725855,5.20368,2.74865,0.1
16,1016,325,31950,0.725855,0.725855,6.40217,3.89544,0.1
16,1016,330,32440,0.725855,0.725855,5.15686,3.14197,0.1
16,1016,335,32930,0.725855,0.725855,5.53846,3.52731,0.1
16,1016,340,33420,0.725855,0.725855,5.05325,2.33202,0.1
16,1016,345,33910,0.725855,0.725855,5.82077,2.94517,0.1
16,1016,350,34400,0.725855,0.725855,5.52249,3.08168,0.1
16,1016,355,34890,0.725855,0.725855,4.91282,2.91131,0.1
16,1016,360,35380,0.506068,0.506068,5.91953,3.56191,0.1
16,1016,365,35870,0.506068,0.506068,5.56824,2.8011,0.1
16,1016,370,36360,0.506068,0.506068,4.9907,2.43992,0.1
16,1016,375,36850,0.506068,0.506068,5.92802,2.96304,0.1
16,1016,380,37340,0.506068,0.506068,5.08663,2.26016,0.1
16,1016,385,37830,0.506068,0.506068,5.32573,3.07379,0.1
16,1016,390,38320,0.506068,0.506068,5.44186,3.80016,0.1
16,1016,395,38810,0.504541,0.504541,5.4582,2.61621,0.1
16,1016,400,39300,0.504541,0.504541,5.586,2.64552,0.1
16,1016,405,39790,0.503825,0.503825,6.7344,3.39518,0.1
16,1016,410,40280,0.503825,0.503825,5.41947,3.10605,0.1
16,1016,415,40770,0.503825,0.503825,6.14497,3.19339,0.1
16,1016,420,41260,0.503825,0.503825,4.59034,3.08851,0.1
16,1016,425,41750,0.503825,0.503825,5.15147,2.77022,0.1
16,1016,430,42240,0.503825,0.503825,6.46147,2.96048,0.1
16,1016,435,42730,0.503825,0.503825,5.6926,3.17912,0.1
16,1016,440,43220,0.503825,0.503825,4.12681,2.04416,0.1
16,1016,445,43710,0.503825,0.503825,5.89105,3.30168,0.1
16,1016,450,44200,0.503825,0.503825,5.66546,3.41564,0.1
16,1016,455,44690,0.398633,0.398633,5.72053,3.34674,0.1
16,1016,460,45180,0.398633,0.398633,5.5987,2.86141,0.1
16,1016,465,45670,0.398633,0.398633,5.38837,2.98329,0.1
16,1016,470,46160,0.398633,0.398633,6.32672,3.65525,0.1
16,1016,475,46650,0.398633,0.398633,6.57724,3.23849,0.1
16,1016,480,47140,0.398633,0.398633,5.02162,2.63315,0.1
16,1016,485,47630,0.398633,0.398633,5.30361,3.16562,0.1
16,1016,490,48120,0.398633,0.398633,4.48989,2.28191,0.1
16,1016,495,48610,0.398633,0.398633,5.29328,2.98681,0.1
16,1016,500,49100,0.398633,0.398633,5.99741,4.09307,0.1
16,1016,505,49590,0.398633,0.398633,5.59405,3.37712,0.1
16,1016,510,50000,0.398633,0.398633,6.3408,3.69366,0.1
17,1017,0,100,122.571,122.571,309.872,317.146,0.1
17,1017,5,590,21.6147,21.6147,82.0386,79.4827,0.1
17,1017,10,1080,4.44508,4.44508,21.3143,18.2428,0.1
17,1017,15,1570,2.51118,2.51118,10.6097,8.15789,0.1
17,1017,20,2060,1.58679,1.58679,7.24765,4.72447,0.1
17,1017,25,2550,1.18666,1.18666,7.68518,4.58347,0.1
17,1017,30,3040,1.14386,1.14386,5.53597,3.56505,0.1
17,1017,35,3530,0.978787,0.978787,5.8807,3.42681,0.1
17,1017,40,4020,0.978787,0.978787,5.74816,2.59276,0.1
17,1017,45,4510,0.978787,0.978787,5.56459,2.83914,0.1
17,1017,50,5000,0.978787,0.978787,6.80185,3.08995,0.1
17,1017,55,5490,0.978787,0.978787,6.69756,4.90519,0.1
17,1017,60,5980,0.978787,0.978787,5.75701,2.89809,0.1
17,1017,65,6470,0.978787,0.978787,5.57908,3.71437,0.1
17,1017,70,6960,0.978787,0.978787,6.77249,3.33629,0.1
17,1017,75,7450,0.978787,0.978787,4.7209,2.29725,0.1
17,1017,80,7940,0.978787,0.978787,5.12369,2.53836,0.1
17,1017,85,8430,0.978787,0.978787,5.31421,2.99759,0.1
17,1017,90,8920,0.860076,0.860076,5.84453,2.99573,0.1
17,1017,95,9410,0.860076,0.860076,5.23367,2.71001,0.1
17,1017,100,9900,0.860076,0.860076,5.0995,2.70853,0.1
17,1017,105,10390,0.860076,0.860076,6.64266,3.35354,0.1
17,1017,110,10880,0.860076,0.860076,6.54223,3.95933,0.1
17,1017,115,11370,0.860076,0.860076,6.0115,2.76069,0.1
17,1017,120,11860,0.79809,0.79809,6.34442,3.44013,0.1
17,1017,125,12350,0.79809,0.79809,6.41102,3.45156,0.1
17,1017,130,12840,0.79809,0.79809,4.84566,2.71403,0.1
17,1017,135,13330,0.79809,0.79809,5.22863,2.76953,0.1
17,1017,140,13820,0.79809,0.79809,5.00181,2.7009,0.1
17,1017,145,14310,0.651233,0.651233,6.58372,2.86832,0.1
17,1017,150,14800,0.651233,0.651233,5.1714,3.26107,0.1
17,1017,155,15290,0.651233,0.651233,5.13244,2.27484,0.1
17,1017,160,15780,0.651233,0.651233,6.70666,3.85671,0.1
17,1017,165,16270,0.651233,0.651233,7.77331,4.02683,0.1
17,1017,170,16760,0.651233,0.651233,5.55118,3.86716,0.1
17,1017,175,17250,0.651233,0.651233,5.12237,2.78391,0.1
17,1017,180,17740,0.651233,0.651233,4.76128,2.35696,0.1
17,1017,185,18230,0.651233,0.651233,5.70151,3.1514,0.1
17,1017,190,18720,0.651233,0.651233,6.45723,3.07909,0.1
17,1017,195,19210,0.651233,0.651233,5.61852,3.15242,0.1
17,1017,200,19700,0.651233,0.651233,6.10045,2.86428,0.1
17,1017,205,20190,0.651233,0.651233,5.78585,3.38075,0.1
17,1017,210,20680,0.651233,0.651233,5.64002,3.19044,0.1
17,1017,215,21170,0.651233,0.651233,5.12501,3.2683,0.1
17,1017,220,21660,0.651233,0.651233,5.90123,3.57875,0.1
17,1017,225,22150,0.651233,0.651233,5.01923,2.75133,0.1
17,1017,230,22640,0.651233,0.651233,6.73089,4.16156,0.1
17,1017,235,23130,0.623347,0.623347,5.82094,2.98995,0.1
17,1017,240,23620,0.623347,0.623347,7.11943,3.74129,0.1
17,1017,245,24110,0.623347,0.623347,5.39114,2.61892,0.1
17,1017,250,24600,0.623347,0.623347,5.38539,3.38455,0.1
17,1017,255,25090,0.623347,0.623347,6.0948,3.59562,0.1
17,1017,260,25580,0.623347,0.623347,6.01555,3.27645,0.1
17,1017,265,26070,0.623347,0.623347,5.69958,2.33291,0.1
17,1017,270,26560,0.623347,0.623347,4.39122,2.1636,0.1
17,1017,275,27050,0.623347,0.623347,5.53578,3.33488,0.1
17,1017,280,27540,0.623347,0.623347,5.93336,3.58198,0.1
17,1017,285,28030,0.623347,0.623347,5.04247,2.96607,0.1
17,1017,290,28520,0.623347,0.623347,5.86224,3.936,0.1
17,1017,295,29010,0.623347,0.623347,5.00283,2.53409,0.1
17,1017,300,29500,0.623347,0.623347,5.44355,3.26086,0.1
17,1017,305,29990,0.623347,0.623347,5.26883,2.96969,0.1
17,1017,310,30480,0.623347,0.623347,5.39855,3.61353,0.1
17,1017,315,30970,0.36807,0.36807,6.82239,3.18373,0.1
17,1017,320,31460,0.36807,0.36807,4.93836,3.1359,0.1
17,1017,325,31950,0.36807,0.36807,5.2498,2.8866,0.1
17,1017,330,32440,0.36807,0.36807,7.31592,4.25936,0.1
17,1017,335,32930,0.36807,0.36807,6.01097,3.90524,0.1
17,1017,340,33420,0.36807,0.36807,6.08697,3.92811,0.1
17,1017,345,33910,0.36807,0.36807,4.91321,2.70434,0.1
17,1017,350,34400,0.36807,0.36807,5.16435,2.0891,0.1
17,1017,355,34890,0.36807,0.36807,6.06693,2.87387,0.1
17,1017,360,35380,0.36807,0.36807,4.47578,1.92363,0.1
17,1017,365,35870,0.36807,0.36807,5.29084,2.95038,0.1
17,1017,370,36360,0.36807,0.36807,6.16286,3.11378,0.1
17,1017,375,36850,0.36807,0.36807,6.69271,2.99639,0.1
17,1017,380,37340,0.36807,0.36807,6.39438,3.46953,0.1
17,1017,385,37830,0.36807,0.36807,5.36652,3.1,0.1
17,1017,390,38320,0.36807,0.36807,5.41065,3.26648,0.1
17,1017,395,38810,0.36807,0.36807,5.75823,3.41226,0.1
17,1017,400,39300,0.36807,0.36807,6.2249,3.04555,0.1
17,1017,405,39790,0.36807,0.36807,6.07489,2.99051,0.1
17,1017,410,40280,0.36807,0.36807,5.39593,2.63106,0.1
17,1017,415,40770,0.36807,0.36807,6.00482,4.02385,0.1
17,1017,420,41260,0.36807,0.36807,6.45666,3.59625,0.1
17,1017,425,41750,0.36807,0.36807,5.85588,3.67521,0.1
17,1017,430,42240,0.36807,0.36807,4.94208,2.95423,0.1
17,1017,435,42730,0.36807,0.36807,6.32831,3.60804,0.1
17,1017,440,43220,0.36807,0.36807,5.85008,2.79506,0.1
17,1017,445,43710,0.36807,0.36807,6.22604,4.19363,0.1
17,1017,450,44200,0.36807,0.36807,5.56133,2.86832,0.1
17,1017,455,44690,0.36807,0.36807,4.82984,2.29316,0.1
17,1017,460,45180,0.36807,0.36807,5.75142,2.5689,0.1
17,1017,465,45670,0.36807,0.36807,5.72198,3.6483,0.1
17,1017,470,46160,0.36807,0.36807,5.24547,2.76736,0.1
17,1017,475,46650,0.36807,0.36807,4.78008,3.03384,0.1
17,1017,480,47140,0.36807,0.36807,6.7088,3.60205,0.1
17,1017,485,47630,0.36807,0.36807,5.57058,3.08101,0.1
17,1017,490,48120,0.36807,0.36807,4.5351,2.16089,0.1
17,1017,495,48610,0.36807,0.36807,5.86926,3.70811,0.1
17,1017,500,49100,0.36807,0.36807,5.84297,3.20814,0.1
17,1017,505,49590,0.36807,0.36807,4.34759,2.49227,0.1
17,1017,510,50000,0.36807,0.36807,6.7971,1.93928,0.1
18,1018,0,100,103.949,103.949,297.863,292.377,0.1
18,1018,5,590,21.9575,21.9575,73.5659,70.033,0.1
18,1018,10,1080,9.63858,9.63858,26.9845,23.6743,0.1
18,1018,15,1570,2.37333,2.37333,11.5338,8.47916,0.1
18,1018,20,2060,1.4243,1.4243,7.55319,4.38179,0.1
18,1018,25,2550,1.18557,1.18557,4.88876,3.12177,0.1
18,1018,30,3040,1.13743,1.13743,6.17886,3.83853,0.1
18,1018,35,3530,1.09842,1.09842,5.52985,3.64749,0.1
18,1018,40,4020,1.05732,1.05732,6.28265,3.92461,0.1
18,1018,45,4510,1.01632,1.01632,5.39913,2.39457,0.1
18,1018,50,5000,0.999499,0.999499,4.98364,2.80375,0.1
18,1018,55,5490,0.999499,0.999499,5.83337,3.06517,0.1
18,1018,60,5980,0.999499,0.999499,6.2696,2.87752,0.1
18,1018,65,6470,0.999499,0.999499,5.73009,2.66918,0.1
18,1018,70,6960,0.999499,0.999499,6.25264,3.2291,0.1
18,1018,75,7450,0.999499,0.999499,5.37499,3.56383,0.1
18,1018,80,7940,0.999499,0.999499,5.79424,2.54288,0.1
18,1018,85,8430,0.999499,0.999499,6.16146,3.71369,0.1
18,1018,90,8920,0.960779,0.960779,4.57694,2.66416,0.1
18,1018,95,9410,0.960779,0.960779,5.68314,3.0618,0.1
18,1018,100,9900,0.960779,0.960779,4.70948,2.68023,0.1
18,1018,105,10390,0.909852,0.909852,4.47526,2.43706,0.1
18,1018,110,10880,0.909852,0.909852,5.45954,2.77613,0.1
18,1018,115,11370,0.909852,0.909852,5.99553,3.23299,0.1
18,1018,120,11860,0.909852,0.909852,5.27625,2.60208,0.1
18,1018,125,12350,0.909852,0.909852,5.82176,3.84603,0.1
18,1018,130,12840,0.909852,0.909852,5.31304,3.05586,0.1
18,1018,135,13330,0.909852,0.909852,5.45402,3.30248,0.1
18,1018,140,13820,0.909852,0.909852,4.93067,3.49334,0.1
18,1018,145,14310,0.909852,0.909852,6.60081,3.0585,0.1
18,1018,150,14800,0.909852,0.909852,6.23021,3.4014,0.1
18,1018,155,15290,0.909852,0.909852,5.55889,3.72157,0.1
18,1018,160,15780,0.909852,0.909852,6.45601,3.66594,0.1
18,1018,165,16270,0.909852,0.909852,5.16919,2.98493,0.1
18,1018,170,16760,0.909852,0.909852,5.20314,3.26521,0.1
18,1018,175,17250,0.909852,0.909852,6.22772,2.83125,0.1
18,1018,180,17740,0.909852,0.909852,5.24244,2.348,0.1
18,1018,185,18230,0.909852,0.909852,5.26501,3.37953,0.1
18,1018,190,18720,0.909852,0.909852,5.53192,2.11458,0.1
18,1018,195,19210,0.905772,0.905772,5.58912,2.92614,0.1
18,1018,200,19700,0.905772,0.905772,6.46522,3.13689,0.1
18,1018,205,20190,0.905772,0.905772,5.53981,2.15505,0.1
18,1018,210,20680,0.905772,0.905772,5.22792,2.55253,0.1
18,1018,215,21170,0.83589,0.83589,6.39232,2.54101,0.1
18,1018,220,21660,0.83589,0.83589,5.19345,3.38532,0.1
18,1018,225,22150,0.83589,0.83589,6.17823,2.85829,0.1
18,1018,230,22640,0.71314,0.71314,5.53888,3.73467,0.1
18,1018,235,23130,0.71314,0.71314,7.50334,4.49413,0.1
18,1018,240,23620,0.71314,0.71314,6.6379,3.14882,0.1
18,1018,245,24110,0.71314,0.71314,5.18545,2.85146,0.1
18,1018,250,24600,0.71314,0.71314,5.42055,3.01017,0.1
18,1018,255,25090,0.71314,0.71314,5.14211,3.16319,0.1
18,1018,260,25580,0.71314,0.71314,4.1203,2.3108,0.1
18,1018,265,26070,0.71314,0.71314,6.04647,2.96819,0.1
18,1018,270,26560,0.71314,0.71314,5.08416,2.74183,0.1
18,1018,275,27050,0.71314,0.71314,7.18072,3.99192,0.1
18,1018,280,27540,0.71314,0.71314,5.5081,2.94732,0.1
18,1018,285,28030,0.71314,0.71314,5.59049,2.47333,0.1
18,1018,290,28520,0.71314,0.71314,5.71808,2.82363,0.1
18,1018,295,29010,0.71314,0.71314,4.97759,3.05569,0.1
18,1018,300,29500,0.71314,0.71314,6.17319,2.93266,0.1
18,1018,305,29990,0.71314,0.71314,5.86127,3.64151,0.1
18,1018,310,30480,0.71314,0.71314,5.47717,3.33096,0.1
18,1018,315,30970,0.71314,0.71314,5.59721,2.6697,0.1
18,1018,320,31460,0.71314,0.71314,6.24754,2.95169,0.1
18,1018,325,31950,0.71314,0.71314,5.48082,2.6538,0.1
18,1018,330,32440,0.71314,0.71314,4.85916,2.73369,0.1
18,1018,335,32930,0.71314,0.71314,6.73444,4.65817,0.1
18,1018,340,33420,0.71314,0.71314,6.82528,3.56163,0.1
18,1018,345,33910,0.71314,0.71314,6.31174,3.06835,0.1
18,1018,350,34400,0.71314,0.71314,4.49905,2.58564,0.1
18,1018,355,34890,0.71314,0.71314,5.37115,2.96436,0.1
18,1018,360,35380,0.71314,0.71314,5.47431,2.89184,0.1
18,1018,365,35870,0.71314,0.71314,5.09842,2.6883,0.1
18,1018,370,36360,0.71314,0.71314,5.9968,3.17826,0.1
18,1018,375,36850,0.71314,0.71314,5.48113,3.03815,0.1
18,1018,380,37340,0.71314,0.71314,5.01451,2.73481,0.1
18,1018,385,37830,0.71314,0.71314,5.88195,3.21303,0.1
18,1018,390,38320,0.71314,0.71314,5.16318,2.62921,0.1
18,1018,395,38810,0.71314,0.71314,6.15,3.00385,0.1
18,1018,400,39300,0.687404,0.687404,4.97,2.39676,0.1
18,1018,405,39790,0.687404,0.687404,6.35789,4.25995,0.1
18,1018,410,40280,0.687404,0.687404,4.69943,2.48897,0.1
18,1018,415,40770,0.687404,0.687404,6.76221,4.1298,0.1
18,1018,420,41260,0.687404,0.687404,5.44499,3.64796,0.1
18,1018,425,41750,0.687404,0.687404,5.65685,3.14552,0.1
18,1018,430,42240,0.687404,0.687404,6.36545,2.99137,0.1
18,1018,435,42730,0.687404,0.687404,6.21499,2.74928,0.1
18,1018,440,43220,0.687404,0.687404,5.85727,3.22157,0.1
18,1018,445,43710,0.687404,0.687404,5.4011,3.44192,0.1
18,1018,450,44200,0.687404,0.687404,5.82947,2.8912,0.1
18,1018,455,44690,0.687404,0.687404,5.27054,2.49168,0.1
18,1018,460,45180,0.687404,0.687404,7.19458,3.38017,0.1
18,1018,465,45670,0.687404,0.687404,5.91227,3.5319,0.1
18,1018,470,46160,0.687404,0.687404,6.30176,3.20098,0.1
18,1018,475,46650,0.687404,0.687404,6.28732,3.30534,0.1
18,1018,480,47140,0.687404,0.687404,5.95406,3.69718,0.1
18,1018,485,47630,0.687404,0.687404,6.37938,2.94234,0.1
18,1018,490,48120,0.687404,0.687404,6.90623,4.26589,0.1
18,1018,495,48610,0.687404,0.687404,7.18166,4.39512,0.1
18,1018,500,49100,0.687404,0.687404,6.64049,3.71928,0.1
18,1018,505,49590,0.687404,0.687404,5.06884,2.62378,0.1
18,1018,510,50000,0.687404,0.687404,5.56661,2.36371,0.1
19,1019,0,100,58.6172,58.6172,301.73,297.31,0.1
19,1019,5,590,10.7149,10.7149,55.1455,46.3419,0.1
19,1019,10,1080,3.48217,3.48217,17.2264,15.4242,0.1
19,1019,15,1570,2.68229,2.68229,9.81075,7.42615,0.1
19,1019,20,2060,1.95787,1.95787,8.42459,6.40495,0.1
19,1019,25,2550,1.28026,1.28026,8.20655,5.27722,0.1
19,1019,30,3040,1.2192,1.2192,5.97675,3.32221,0.1
19,1019,35,3530,1.03064,1.03064,6.75806,3.19747,0.1
19,1019,40,4020,1.03064,1.03064,6.68402,4.08761,0.1
19,1019,45,4510,1.03064,1.03064,6.41015,3.65917,0.1
19,1019,50,5000,1.03064,1.03064,5.98738,3.75206,0.1
19,1019,55,5490,1.03064,1.03064,5.83532,4.29766,0.1
19,1019,60,5980,0.958397,0.958397,5.08528,3.12832,0.1
19,1019,65,6470,0.894253,0.894253,5.10887,2.73381,0.1
19,1019,70,6960,0.894253,0.894253,6.39335,3.56315,0.1
19,1019,75,7450,0.894253,0.894253,5.19827,2.91967,0.1
19,1019,80,7940,0.894253,0.894253,6.58224,4.14613,0.1
19,1019,85,8430,0.894253,0.894253,5.89864,3.2018,0.1
19,1019,90,8920,0.894253,0.894253,4.98654,3.05474,0.1
19,1019,95,9410,0.894253,0.894253,6.41383,4.59338,0.1
19,1019,100,9900,0.894253,0.894253,5.19618,3.34941,0.1
19,1019,105,10390,0.612639,0.612639,5.73189,3.3043,0.1
19,1019,110,10880,0.612639,0.612639,4.58839,2.57373,0.1
19,1019,115,11370,0.612639,0.612639,5.98586,2.37712,0.1
19,1019,120,11860,0.612639,0.612639,6.45907,3.61103,0.1
19,1019,125,12350,0.612639,0.612639,5.04182,3.36812,0.1
19,1019,130,12840,0.612639,0.612639,5.64042,2.97592,0.1
19,1019,135,13330,0.612639,0.612639,5.65738,3.37887,0.1
19,1019,140,13820,0.612639,0.612639,5.84099,3.08871,0.1
19,1019,145,14310,0.612639,0.612639,4.68306,2.91125,0.1
19,1019,150,14800,0.612639,0.612639,4.95703,2.86291,0.1
19,1019,155,15290,0.612639,0.612639,3.99208,1.92256,0.1
19,1019,160,15780,0.612639,0.612639,4.73583,2.65054,0.1
19,1019,165,16270,0.600204,0.600204,4.77867,2.43349,0.1
19,1019,170,16760,0.600204,0.600204,5.4444,3.28552,0.1
19,1019,175,17250,0.600204,0.600204,5.61424,3.33359,0.1
19,1019,180,17740,0.600204,0.600204,5.79905,3.06879,0.1
19,1019,185,18230,0.600204,0.600204,4.39316,2.90404,0.1
19,1019,190,18720,0.600204,0.600204,4.74261,2.9864,0.1
19,1019,195,19210,0.600204,0.600204,5.75669,2.80232,0.1
19,1019,200,19700,0.600204,0.600204,5.75489,3.00585,0.1
19,1019,205,20190,0.600204,0.600204,6.04134,2.77175,0.1
19,1019,210,20680,0.600204,0.600204,5.41947,2.17825,0.1
19,1019,215,21170,0.580973,0.580973,5.58016,3.0317,0.1
19,1019,220,21660,0.580973,0.580973,6.2701,3.37298,0.1
19,1019,225,22150,0.580973,0.580973,5.82071,2.67673,0.1
19,1019,230,22640,0.580973,0.580973,6.36659,3.54942,0.1
19,1019,235,23130,0.580973,0.580973,5.73339,2.93031,0.1
19,1019,240,23620,0.580973,0.580973,6.22823,3.33666,0.1
19,1019,245,24110,0.580973,0.580973,5.87372,3.29619,0.1
19,1019,250,24600,0.580973,0.580973,5.64957,3.60637,0.1
19,1019,255,25090,0.580973,0.580973,5.89661,2.87703,0.1
19,1019,260,25580,0.580973,0.580973,5.90197,2.88233,0.1
19,1019,265,26070,0.580973,0.580973,5.74431,2.93525,0.1
19,1019,270,26560,0.580973,0.580973,6.6592,3.78936,0.1
19,1019,275,27050,0.580973,0.580973,5.91199,3.8414,0.1
19,1019,280,27540,0.580973,0.580973,4.86942,2.31916,0.1
19,1019,285,28030,0.580973,0.580973,5.77133,2.9848,0.1
19,1019,290,28520,0.580973,0.580973,4.56702,2.91826,0.1
19,1019,295,29010,0.580973,0.580973,6.092,3.8034,0.1
19,1019,300,29500,0.580973,0.580973,5.50679,3.40927,0.1
19,1019,305,29990,0.580973,0.580973,5.5048,2.7213,0.1
19,1019,310,30480,0.577168,0.577168,6.67161,3.56737,0.1
19,1019,315,30970,0.577168,0.577168,5.77901,2.46504,0.1
19,1019,320,31460,0.560966,0.560966,5.37656,2.50018,0.1
19,1019,325,31950,0.560966,0.560966,5.34394,2.75469,0.1
19,1019,330,32440,0.560966,0.560966,5.31161,3.11726,0.1
19,1019,335,32930,0.560966,0.560966,6.8872,3.84538,0.1
19,1019,340,33420,0.560966,0.560966,5.41886,3.17761,0.1
19,1019,345,33910,0.560966,0.560966,6.09455,2.94585,0.1
19,1019,350,34400,0.560966,0.560966,5.63154,3.13534,0.1
19,1019,355,34890,0.560966,0.560966,4.78532,2.96807,0.1
19,1019,360,35380,0.560966,0.560966,5.32508,2.5463,0.1
19,1019,365,35870,0.560966,0.560966,4.87027,2.47992,0.1
19,1019,370,36360,0.560966,0.560966,5.57404,3.26889,0.1
19,1019,375,36850,0.560966,0.560966,5.72675,3.69638,0.1
19,1019,380,37340,0.560966,0.560966,5.59168,3.26468,0.1
19,1019,385,37830,0.560966,0.560966,4.84449,2.71389,0.1
19,1019,390,38320,0.560966,0.560966,6.75603,4.37057,0.1
19,1019,395,38810,0.560966,0.560966,6.23085,3.32561,0.1
19,1019,400,39300,0.560966,0.560966,6.21391,3.32333,0.1
19,1019,405,39790,0.560966,0.560966,4.60548,2.199,0.1
19,1019,410,40280,0.560966,0.560966,4.50074,2.44209,0.1
19,1019,415,40770,0.560966,0.560966,5.90172,3.06274,0.1
19,1019,420,41260,0.560966,0.560966,6.82585,3.68927,0.1
19,1019,425,41750,0.560966,0.560966,4.22806,2.50495,0.1
19,1019,430,42240,0.560966,0.560966,5.83601,3.89475,0.1
19,1019,435,42730,0.560966,0.560966,4.91971,2.54411,0.1
19,1019,440,43220,0.560966,0.560966,4.58603,2.40539,0.1
19,1019,445,43710,0.560966,0.560966,5.18877,3.0158,0.1
19,1019,450,44200,0.560966,0.560966,5.79612,3.56288,0.1
19,1019,455,44690,0.560966,0.560966,5.5009,3.0741,0.1
19,1019,460,45180,0.560966,0.560966,6.60443,4.12484,0.1
19,1019,465,45670,0.560966,0.560966,6.6801,3.94613,0.1
19,1019,470,46160,0.560966,0.560966,5.5168,4.29384,0.1
19,1019,475,46650,0.560966,0.560966,5.6405,2.81465,0.1
19,1019,480,47140,0.560966,0.560966,5.25833,2.64571,0.1
19,1019,485,47630,0.560966,0.560966,5.39697,3.10447,0.1
19,1019,490,48120,0.560966,0.560966,5.93126,3.10588,0.1
19,1019,495,48610,0.560966,0.560966,5.82028,2.83898,0.1
19,1019,500,49100,0.560966,0.560966,5.73196,3.16888,0.1
19,1019,505,49590,0.560966,0.560966,5.87298,3.31989,0.1
19,1019,510,50000,0.560966,0.560966,5.31248,3.01243,0.1
