run,seed,gen,evals,best_so_far,pop_best,pop_mean,pop_median,sigma_med
0,1000,0,100,100.628,100.628,293.485,304.432,0.001
0,1000,5,590,19.445,19.445,68.026,63.084,0.001
0,1000,10,1080,5.73625,5.73625,14.3241,13.9811,0.001
0,1000,15,1570,1.57508,1.57508,3.14224,2.97656,0.001
0,1000,20,2060,1.17783,1.17783,1.45545,1.43885,0.001
0,1000,25,2550,0.857428,0.857428,1.08805,1.08205,0.001
0,1000,30,3040,0.496438,0.496438,1.01567,1.02421,0.001
0,1000,35,3530,0.496438,0.496438,1.01265,1.02185,0.001
0,1000,40,4020,0.378019,0.378019,0.956126,1.01168,0.001
0,1000,45,4510,0.155559,0.155559,0.696134,0.698468,0.001
0,1000,50,5000,0.0672133,0.0672133,0.353922,0.243279,0.001
0,1000,55,5490,0.0467057,0.0467057,0.305023,0.188456,0.001
0,1000,60,5980,0.0362358,0.0362358,0.234112,0.139556,0.001
0,1000,65,6470,0.0318252,0.0318252,0.237065,0.0998476,0.001
0,1000,70,6960,0.0290545,0.0290545,0.162261,0.0841392,0.001
0,1000,75,7450,0.0284289,0.0284289,0.18903,0.0709511,0.001
0,1000,80,7940,0.0270607,0.0270607,0.218789,0.0951896,0.001
0,1000,85,8430,0.0269836,0.0269836,0.259064,0.10424,0.001
0,1000,90,8920,0.0269836,0.0269836,0.233177,0.119675,0.001
0,1000,95,9410,0.0256031,0.0256031,0.20274,0.0960145,0.001
0,1000,100,9900,0.0256031,0.0256031,0.189896,0.0886198,0.001
0,1000,105,10390,0.0256031,0.0256031,0.236803,0.130773,0.001
0,1000,110,10880,0.0256031,0.0256031,0.21163,0.0970941,0.001
0,1000,115,11370,0.0256031,0.0256031,0.210608,0.105773,0.001
0,1000,120,11860,0.0253172,0.0253172,0.245365,0.14171,0.001
0,1000,125,12350,0.0253172,0.0253172,0.249962,0.106837,0.001
0,1000,130,12840,0.0251311,0.0251311,0.233442,0.0834268,0.001
0,1000,135,13330,0.0251311,0.0251311,0.268462,0.128194,0.001
0,1000,140,13820,0.0251311,0.0251311,0.22915,0.0912153,0.001
0,1000,145,14310,0.0251311,0.0251311,0.186767,0.0797845,0.001
0,1000,150,14800,0.0251311,0.0251311,0.236638,0.0961276,0.001
0,1000,155,15290,0.0251311,0.0251311,0.258198,0.131933,0.001
0,1000,160,15780,0.0250412,0.0250412,0.226485,0.132167,0.001
0,1000,165,16270,0.0250412,0.0250412,0.193182,0.118916,0.001
0,1000,170,16760,0.0250412,0.0250412,0.203048,0.121974,0.001
0,1000,175,17250,0.0249548,0.0249548,0.272425,0.0982801,0.001
0,1000,180,17740,0.0249548,0.0249548,0.276105,0.120383,0.001
0,1000,185,18230,0.0249548,0.0249548,0.22399,0.101945,0.001
0,1000,190,18720,0.0249548,0.0249548,0.199696,0.0909071,0.001
0,1000,195,19210,0.0249548,0.0249548,0.235862,0.130332,0.001
0,1000,200,19700,0.0249548,0.0249548,0.214044,0.111826,0.001
0,1000,205,20190,0.0249548,0.0249548,0.249291,0.11615,0.001
0,1000,210,20680,0.0249548,0.0249548,0.24458,0.143473,0.001
0,1000,215,21170,0.0249548,0.0249548,0.237532,0.12473,0.001
0,1000,220,21660,0.0249548,0.0249548,0.267191,0.134686,0.001
0,1000,225,22150,0.0249548,0.0249548,0.192983,0.123264,0.001
0,1000,230,22640,0.0249548,0.0249548,0.260295,0.116306,0.001
0,1000,235,23130,0.0249548,0.0249548,0.218529,0.093852,0.001
0,1000,240,23620,0.0249548,0.0249548,0.230916,0.0843433,0.001
0,1000,245,24110,0.0249548,0.0249548,0.250103,0.10524,0.001
0,1000,250,24600,0.0249548,0.0249548,0.184171,0.0946995,0.001
0,1000,255,25090,0.0249548,0.0249548,0.230616,0.105668,0.001
0,1000,260,25580,0.0249548,0.0249548,0.204608,0.0927817,0.001
0,1000,265,26070,0.0249548,0.0249548,0.147269,0.080949,0.001
0,1000,270,26560,0.0249548,0.0249548,0.218999,0.128042,0.001
0,1000,275,27050,0.0249368,0.0249368,0.225138,0.107353,0.001
0,1000,280,27540,0.0249368,0.0249368,0.220649,0.10095,0.001
0,1000,285,28030,0.0249368,0.0249368,0.215117,0.0774271,0.001
0,1000,290,28520,0.0249368,0.0249368,0.219215,0.11423,0.001
0,1000,295,29010,0.0249368,0.0249368,0.200057,0.0834092,0.001
0,1000,300,29500,0.0249368,0.0249368,0.304517,0.154495,0.001
0,1000,305,29990,0.0249368,0.0249368,0.233941,0.0937906,0.001
0,1000,310,30480,0.0249368,0.0249368,0.225048,0.116913,0.001
0,1000,315,30970,0.0249368,0.0249368,0.24476,0.146042,0.001
0,1000,320,31460,0.0249368,0.0249368,0.250172,0.12523,0.001
0,1000,325,31950,0.0249368,0.0249368,0.208437,0.103499,0.001
0,1000,330,32440,0.0249368,0.0249368,0.192211,0.0754827,0.001
0,1000,335,32930,0.0249368,0.0249368,0.207448,0.0981064,0.001
0,1000,340,33420,0.0249342,0.0249342,0.190561,0.0731838,0.001
0,1000,345,33910,0.0249296,0.0249296,0.222472,0.148724,0.001
0,1000,350,34400,0.0249281,0.0249281,0.216296,0.101266,0.001
0,1000,355,34890,0.0249281,0.0249281,0.261856,0.143129,0.001
0,1000,360,35380,0.0249267,0.0249267,0.215808,0.121763,0.001
0,1000,365,35870,0.0249267,0.0249267,0.219503,0.115025,0.001
0,1000,370,36360,0.0249267,0.0249267,0.221427,0.114471,0.001
0,1000,375,36850,0.0249267,0.0249267,0.222364,0.083245,0.001
0,1000,380,37340,0.0249267,0.0249267,0.272784,0.146232,0.001
0,1000,385,37830,0.0249267,0.0249267,0.252042,0.117466,0.001
0,1000,390,38320,0.0249267,0.0249267,0.254882,0.148811,0.001
0,1000,395,38810,0.0249267,0.0249267,0.200344,0.0924042,0.001
0,1000,400,39300,0.0249267,0.0249267,0.238013,0.112531,0.001
0,1000,405,39790,0.0249267,0.0249267,0.247235,0.0825718,0.001
0,1000,410,40280,0.0249267,0.0249267,0.252812,0.135539,0.001
0,1000,415,40770,0.0249267,0.0249267,0.223826,0.10386,0.001
0,1000,420,41260,0.0249267,0.0249267,0.222632,0.129281,0.001
0,1000,425,41750,0.0249267,0.0249267,0.195739,0.112029,0.001
0,1000,430,42240,0.0249267,0.0249267,0.193178,0.105923,0.001
0,1000,435,42730,0.0249267,0.0249267,0.272101,0.105609,0.001
0,1000,440,43220,0.0249267,0.0249267,0.257903,0.147888,0.001
0,1000,445,43710,0.0249267,0.0249267,0.214808,0.121825,0.001
0,1000,450,44200,0.0249267,0.0249267,0.207654,0.078864,0.001
0,1000,455,44690,0.0249267,0.0249267,0.198239,0.0864914,0.001
0,1000,460,45180,0.0249267,0.0249267,0.16495,0.0716295,0.001
0,1000,465,45670,0.0249267,0.0249267,0.228791,0.105635,0.001
0,1000,470,46160,0.0249189,0.0249189,0.239479,0.0896338,0.001
0,1000,475,46650,0.0249081,0.0249081,0.231292,0.124066,0.001
0,1000,480,47140,0.0249081,0.0249081,0.195617,0.101881,0.001
0,1000,485,47630,0.0249081,0.0249081,0.213593,0.110555,0.001
0,1000,490,48120,0.0249081,0.0249081,0.241427,0.127909,0.001
0,1000,495,48610,0.0249081,0.0249081,0.202609,0.102775,0.001
0,1000,500,49100,0.0249081,0.0249081,0.242192,0.125714,0.001
0,1000,505,49590,0.0249081,0.0249081,0.240057,0.121645,0.001
0,1000,510,50000,0.0249081,0.0249081,0.227185,0.0940018,0.001
1,1001,0,100,108.37,108.37,295.742,290.623,0.001
1,1001,5,590,22.808,22.808,65.6507,59.8026,0.001
1,1001,10,1080,5.94363,5.94363,16.6175,14.8297,0.001
1,1001,15,1570,1.79783,1.79783,4.06153,4.03196,0.001
1,1001,20,2060,1.29378,1.29378,1.82504,1.79788,0.001
1,1001,25,2550,0.925936,0.925936,1.19544,1.18579,0.001
1,1001,30,3040,0.898643,0.898643,1.07814,1.06917,0.001
1,1001,35,3530,0.880662,0.880662,1.04824,1.03671,0.001
1,1001,40,4020,0.59828,0.59828,1.02176,1.01762,0.001
1,1001,45,4510,0.321042,0.321042,0.952266,1.00286,0.001
1,1001,50,5000,0.199423,0.199423,0.607959,0.576633,0.001
1,1001,55,5490,0.116998,0.116998,0.371276,0.288207,0.001
1,1001,60,5980,0.0396768,0.0396768,0.312933,0.215541,0.001
1,1001,65,6470,0.0266768,0.0266768,0.223078,0.103183,0.001
1,1001,70,6960,0.0207724,0.0207724,0.25304,0.140055,0.001
1,1001,75,7450,0.0183688,0.0183688,0.313105,0.107949,0.001
1,1001,80,7940,0.016328,0.016328,0.222602,0.120796,0.001
1,1001,85,8430,0.016328,0.016328,0.185537,0.0686594,0.001
1,1001,90,8920,0.0155269,0.0155269,0.202091,0.108064,0.001
1,1001,95,9410,0.0155269,0.0155269,0.244513,0.118698,0.001
1,1001,100,9900,0.0147971,0.0147971,0.201727,0.0808978,0.001
1,1001,105,10390,0.014198,0.014198,0.229362,0.113823,0.001
1,1001,110,10880,0.0136227,0.0136227,0.223837,0.115278,0.001
1,1001,115,11370,0.0136227,0.0136227,0.182818,0.0568865,0.001
1,1001,120,11860,0.0131537,0.0131537,0.185388,0.102344,0.001
1,1001,125,12350,0.0131537,0.0131537,0.177929,0.0739533,0.001
1,1001,130,12840,0.0131537,0.0131537,0.183896,0.0814849,0.001
1,1001,135,13330,0.0131537,0.0131537,0.20945,0.117342,0.001
1,1001,140,13820,0.0130564,0.0130564,0.172177,0.0716503,0.001
1,1001,145,14310,0.0127241,0.0127241,0.254549,0.0784375,0.001
1,1001,150,14800,0.0127241,0.0127241,0.187172,0.0544136,0.001
1,1001,155,15290,0.0127241,0.0127241,0.182416,0.0681362,0.001
1,1001,160,15780,0.0126202,0.0126202,0.164069,0.0809954,0.001
1,1001,165,16270,0.0126202,0.0126202,0.203017,0.131379,0.001
1,1001,170,16760,0.0125486,0.0125486,0.228706,0.0955762,0.001
1,1001,175,17250,0.0125486,0.0125486,0.195971,0.106002,0.001
1,1001,180,17740,0.0125486,0.0125486,0.213224,0.109001,0.001
1,1001,185,18230,0.0125486,0.0125486,0.23722,0.093129,0.001
1,1001,190,18720,0.0125486,0.0125486,0.217485,0.135571,0.001
1,1001,195,19210,0.0125486,0.0125486,0.286729,0.171411,0.001
1,1001,200,19700,0.0125486,0.0125486,0.234256,0.139192,0.001
1,1001,205,20190,0.0125486,0.0125486,0.172342,0.0690396,0.001
1,1001,210,20680,0.0125486,0.0125486,0.169554,0.0547663,0.001
1,1001,215,21170,0.0125486,0.0125486,0.20208,0.0858381,0.001
1,1001,220,21660,0.0125486,0.0125486,0.22943,0.103943,0.001
1,1001,225,22150,0.0125486,0.0125486,0.205938,0.0987516,0.001
1,1001,230,22640,0.0125486,0.0125486,0.217665,0.0730671,0.001
1,1001,235,23130,0.0125486,0.0125486,0.195225,0.115215,0.001
1,1001,240,23620,0.0125486,0.0125486,0.188419,0.0973071,0.001
1,1001,245,24110,0.0125486,0.0125486,0.25001,0.0875378,0.001
1,1001,250,24600,0.0125486,0.0125486,0.270547,0.116218,0.001
1,1001,255,25090,0.0125486,0.0125486,0.190692,0.0769324,0.001
1,1001,260,25580,0.0125486,0.0125486,0.231491,0.118522,0.001
1,1001,265,26070,0.0125486,0.0125486,0.24209,0.136956,0.001
1,1001,270,26560,0.0125486,0.0125486,0.246092,0.0770134,0.001
1,1001,275,27050,0.0125486,0.0125486,0.219114,0.0805115,0.001
1,1001,280,27540,0.0125486,0.0125486,0.197616,0.0609218,0.001
1,1001,285,28030,0.0125486,0.0125486,0.22896,0.107527,0.001
1,1001,290,28520,0.0125486,0.0125486,0.187884,0.08565,0.001
1,1001,295,29010,0.0125486,0.0125486,0.247817,0.109353,0.001
1,1001,300,29500,0.0125486,0.0125486,0.20087,0.0905896,0.001
1,1001,305,29990,0.0125486,0.0125486,0.171202,0.0788998,0.001
1,1001,310,30480,0.0125486,0.0125486,0.236355,0.0787691,0.001
1,1001,315,30970,0.0125486,0.0125486,0.175599,0.0862395,0.001
1,1001,320,31460,0.0125486,0.0125486,0.270995,0.120718,0.001
1,1001,325,31950,0.0125486,0.0125486,0.221289,0.135674,0.001
1,1001,330,32440,0.0125486,0.0125486,0.20328,0.106554,0.001
1,1001,335,32930,0.0125486,0.0125486,0.226015,0.124226,0.001
1,1001,340,33420,0.0125486,0.0125486,0.234099,0.103264,0.001
1,1001,345,33910,0.0125486,0.0125486,0.246263,0.134174,0.001
1,1001,350,34400,0.0125486,0.0125486,0.221371,0.0970824,0.001
1,1001,355,34890,0.0125486,0.0125486,0.26371,0.135421,0.001
1,1001,360,35380,0.0125486,0.0125486,0.239349,0.0964445,0.001
1,1001,365,35870,0.0125486,0.0125486,0.195864,0.100153,0.001
1,1001,370,36360,0.0125486,0.0125486,0.265232,0.103092,0.001
1,1001,375,36850,0.0125486,0.0125486,0.243958,0.11382,0.001
1,1001,380,37340,0.0125486,0.0125486,0.156791,0.0627151,0.001
1,1001,385,37830,0.0125486,0.0125486,0.196882,0.0744568,0.001
1,1001,390,38320,0.0125486,0.0125486,0.196725,0.0945949,0.001
1,1001,395,38810,0.0125486,0.0125486,0.240856,0.130528,0.001
1,1001,400,39300,0.0125486,0.0125486,0.221041,0.0692257,0.001
1,1001,405,39790,0.0125486,0.0125486,0.222543,0.0930999,0.001
1,1001,410,40280,0.0125486,0.0125486,0.153946,0.0766989,0.001
1,1001,415,40770,0.0125486,0.0125486,0.173193,0.111346,0.001
1,1001,420,41260,0.0125486,0.0125486,0.192498,0.0807055,0.001
1,1001,425,41750,0.0125486,0.0125486,0.200296,0.0826539,0.001
1,1001,430,42240,0.0125486,0.0125486,0.203379,0.0809787,0.001
1,1001,435,42730,0.0125486,0.0125486,0.242129,0.0727101,0.001
1,1001,440,43220,0.0125486,0.0125486,0.249831,0.126138,0.001
1,1001,445,43710,0.0125486,0.0125486,0.231345,0.0675726,0.001
1,1001,450,44200,0.0125395,0.0125395,0.254996,0.112042,0.001
1,1001,455,44690,0.0125395,0.0125395,0.203838,0.0922669,0.001
1,1001,460,45180,0.0125395,0.0125395,0.19626,0.108386,0.001
1,1001,465,45670,0.0125395,0.0125395,0.259611,0.0820536,0.001
1,1001,470,46160,0.0125395,0.0125395,0.223377,0.110888,0.001
1,1001,475,46650,0.0125395,0.0125395,0.245901,0.122733,0.001
1,1001,480,47140,0.0125395,0.0125395,0.170963,0.0840828,0.001
1,1001,485,47630,0.0125395,0.0125395,0.184569,0.0678024,0.001
1,1001,490,48120,0.0125395,0.0125395,0.23003,0.0911344,0.001
1,1001,495,48610,0.012503,0.012503,0.218923,0.0827016,0.001
1,1001,500,49100,0.012503,0.012503,0.174287,0.0805383,0.001
1,1001,505,49590,0.012503,0.012503,0.297943,0.130307,0.001
1,1001,510,50000,0.012503,0.012503,0.169405,0.0526979,0.001
2,1002,0,100,103.106,103.106,301.662,302.775,0.001
2,1002,5,590,23.2697,23.2697,79.9167,73.6207,0.001
2,1002,10,1080,5.34993,5.34993,14.7212,12.5468,0.001
2,1002,15,1570,1.57421,1.57421,3.52209,3.33628,0.001
2,1002,20,2060,1.07641,1.07641,1.4095,1.35702,0.001
2,1002,25,2550,0.514134,0.514134,1.09945,1.09223,0.001
2,1002,30,3040,0.514134,0.514134,1.03328,1.03573,0.001
2,1002,35,3530,0.514134,0.514134,1.00891,1.01974,0.001
2,1002,40,4020,0.514134,0.514134,0.974317,1.01557,0.001
2,1002,45,4510,0.285062,0.285062,0.948374,1.00737,0.001
2,1002,50,5000,0.0802731,0.0802731,0.493559,0.412831,0.001
2,1002,55,5490,0.0413486,0.0413486,0.354929,0.236728,0.001
2,1002,60,5980,0.0218567,0.0218567,0.242307,0.139846,0.001
2,1002,65,6470,0.0204279,0.0204279,0.193565,0.0995265,0.001
2,1002,70,6960,0.0112765,0.0112765,0.241727,0.11827,0.001
2,1002,75,7450,0.00537219,0.00537219,0.209923,0.0790567,0.001
2,1002,80,7940,0.00327881,0.00327881,0.193833,0.0793832,0.001
2,1002,85,8430,0.00327881,0.00327881,0.182906,0.0953912,0.001
2,1002,90,8920,0.00207091,0.00207091,0.204959,0.0724837,0.001
2,1002,95,9410,0.00207091,0.00207091,0.185972,0.0813775,0.001
2,1002,100,9900,0.00137706,0.00137706,0.211414,0.0920142,0.001
2,1002,105,10390,0.00122183,0.00122183,0.205267,0.103416,0.001
2,1002,110,10880,0.00117022,0.00117022,0.232398,0.104094,0.001
2,1002,115,11370,0.000992194,0.000992194,0.199193,0.0753069,0.001
2,1002,120,11860,0.000992194,0.000992194,0.156161,0.0679691,0.001
2,1002,125,12350,0.000992194,0.000992194,0.210215,0.110624,0.001
2,1002,130,12840,0.000684627,0.000684627,0.27217,0.0951225,0.001
2,1002,135,13330,0.000494707,0.000494707,0.231693,0.0878263,0.001
2,1002,140,13820,0.000494707,0.000494707,0.201267,0.100735,0.001
2,1002,145,14310,0.000494707,0.000494707,0.16898,0.062326,0.001
2,1002,150,14800,0.000494707,0.000494707,0.241939,0.0976557,0.001
2,1002,155,15290,0.000488643,0.000488643,0.195819,0.063721,0.001
2,1002,160,15780,0.000488643,0.000488643,0.233441,0.110091,0.001
2,1002,165,16270,0.000238423,0.000238423,0.17322,0.100395,0.001
2,1002,170,16760,0.000238423,0.000238423,0.162393,0.072889,0.001
2,1002,175,17250,0.000238423,0.000238423,0.152068,0.0583017,0.001
2,1002,180,17740,0.000238423,0.000238423,0.185872,0.0800018,0.001
2,1002,185,18230,0.000238423,0.000238423,0.221203,0.135819,0.001
2,1002,190,18720,0.000238423,0.000238423,0.241755,0.102862,0.001
2,1002,195,19210,0.000238423,0.000238423,0.192952,0.078384,0.001
2,1002,200,19700,0.000235755,0.000235755,0.16946,0.0934818,0.001
2,1002,205,20190,0.000207581,0.000207581,0.164429,0.0707854,0.001
2,1002,210,20680,0.000207581,0.000207581,0.173323,0.0610542,0.001
2,1002,215,21170,0.000207581,0.000207581,0.180164,0.0830557,0.001
2,1002,220,21660,0.000207581,0.000207581,0.173761,0.0579862,0.001
2,1002,225,22150,0.000207581,0.000207581,0.143352,0.057126,0.001
2,1002,230,22640,0.000207581,0.000207581,0.187789,0.0750385,0.001
2,1002,235,23130,0.000207581,0.000207581,0.122575,0.054563,0.001
2,1002,240,23620,0.000165674,0.000165674,0.169169,0.0736983,0.001
2,1002,245,24110,0.000165674,0.000165674,0.22678,0.0923934,0.001
2,1002,250,24600,0.000165674,0.000165674,0.189036,0.0436302,0.001
2,1002,255,25090,0.000165674,0.000165674,0.211059,0.0624999,0.001
2,1002,260,25580,0.000165674,0.000165674,0.183902,0.0630114,0.001
2,1002,265,26070,0.000165674,0.000165674,0.194687,0.0582518,0.001
2,1002,270,26560,0.000165674,0.000165674,0.178493,0.061389,0.001
2,1002,275,27050,0.000165674,0.000165674,0.169976,0.0541866,0.001
2,1002,280,27540,0.000165674,0.000165674,0.239394,0.0857058,0.001
2,1002,285,28030,0.000165674,0.000165674,0.203665,0.0596443,0.001
2,1002,290,28520,0.000165674,0.000165674,0.22276,0.0981085,0.001
2,1002,295,29010,0.000165674,0.000165674,0.183137,0.0831881,0.001
2,1002,300,29500,0.000165674,0.000165674,0.22633,0.101472,0.001
2,1002,305,29990,0.000165674,0.000165674,0.213236,0.0934254,0.001
2,1002,310,30480,0.000165674,0.000165674,0.212881,0.085487,0.001
2,1002,315,30970,0.000165674,0.000165674,0.209095,0.10703,0.001
2,1002,320,31460,0.000165674,0.000165674,0.212663,0.0726128,0.001
2,1002,325,31950,0.000165674,0.000165674,0.220705,0.09529,0.001
2,1002,330,32440,0.000165674,0.000165674,0.244604,0.101129,0.001
2,1002,335,32930,0.000165674,0.000165674,0.164551,0.0430084,0.001
2,1002,340,33420,0.000141707,0.000141707,0.225264,0.0867532,0.001
2,1002,345,33910,0.000141707,0.000141707,0.198574,0.111681,0.001
2,1002,350,34400,0.000141707,0.000141707,0.248023,0.131744,0.001
2,1002,355,34890,0.000141707,0.000141707,0.208193,0.0901535,0.001
2,1002,360,35380,0.000141707,0.000141707,0.201091,0.08336,0.001
2,1002,365,35870,0.000141707,0.000141707,0.191444,0.066176,0.001
2,1002,370,36360,0.000141707,0.000141707,0.186324,0.0722115,0.001
2,1002,375,36850,0.000141707,0.000141707,0.251522,0.110429,0.001
2,1002,380,37340,0.000141707,0.000141707,0.18154,0.0735455,0.001
2,1002,385,37830,0.000141707,0.000141707,0.207637,0.101056,0.001
2,1002,390,38320,0.000141707,0.000141707,0.210105,0.0687259,0.001
2,1002,395,38810,0.000141707,0.000141707,0.25078,0.135854,0.001
2,1002,400,39300,0.000141707,0.000141707,0.185406,0.0854697,0.001
2,1002,405,39790,0.000141707,0.000141707,0.226686,0.108101,0.001
2,1002,410,40280,0.000141707,0.000141707,0.190107,0.0716018,0.001
2,1002,415,40770,0.000141707,0.000141707,0.139971,0.0470945,0.001
2,1002,420,41260,0.000141707,0.000141707,0.193261,0.0756676,0.001
2,1002,425,41750,0.000141707,0.000141707,0.205422,0.117126,0.001
2,1002,430,42240,0.000141707,0.000141707,0.208563,0.0866806,0.001
2,1002,435,42730,0.000141707,0.000141707,0.247785,0.103178,0.001
2,1002,440,43220,0.000141707,0.000141707,0.205782,0.0710979,0.001
2,1002,445,43710,0.000141707,0.000141707,0.186559,0.074305,0.001
2,1002,450,44200,0.000141707,0.000141707,0.179314,0.055332,0.001
2,1002,455,44690,0.000141707,0.000141707,0.190054,0.0899661,0.001
2,1002,460,45180,9.87133e-05,9.87133e-05,0.150052,0.0610742,0.001
2,1002,465,45670,9.87133e-05,9.87133e-05,0.175845,0.0687875,0.001
2,1002,470,46160,9.87133e-05,9.87133e-05,0.179465,0.0787742,0.001
2,1002,475,46650,9.87133e-05,9.87133e-05,0.235897,0.0806946,0.001
2,1002,480,47140,9.87133e-05,9.87133e-05,0.151387,0.0572833,0.001
2,1002,485,47630,9.87133e-05,9.87133e-05,0.16266,0.0559957,0.001
2,1002,490,48120,9.73242e-05,9.73242e-05,0.198376,0.0846471,0.001
2,1002,495,48610,9.73242e-05,9.73242e-05,0.169161,0.067726,0.001
2,1002,500,49100,9.73242e-05,9.73242e-05,0.197275,0.0806446,0.001
2,1002,505,49590,9.73242e-05,9.73242e-05,0.227334,0.135018,0.001
2,1002,510,50000,9.73242e-05,9.73242e-05,0.134183,0.0217472,0.001
3,1003,0,100,113.617,113.617,308.072,301.35,0.001
3,1003,5,590,25.6023,25.6023,73.6276,70.9795,0.001
3,1003,10,1080,3.83109,3.83109,16.9629,15.5795,0.001
3,1003,15,1570,1.67838,1.67838,3.29523,3.11367,0.001
3,1003,20,2060,1.18081,1.18081,1.48809,1.43366,0.001
3,1003,25,2550,0.978254,0.978254,1.12135,1.11912,0.001
3,1003,30,3040,0.466186,0.466186,1.03493,1.04054,0.001
3,1003,35,3530,0.355646,0.355646,1.0115,1.02508,0.001
3,1003,40,4020,0.340487,0.340487,0.958915,1.01438,0.001
3,1003,45,4510,0.249822,0.249822,0.759153,0.765806,0.001
3,1003,50,5000,0.166684,0.166684,0.445819,0.367818,0.001
3,1003,55,5490,0.0583315,0.0583315,0.352925,0.260737,0.001
3,1003,60,5980,0.0506059,0.0506059,0.296233,0.204095,0.001
3,1003,65,6470,0.0477613,0.0477613,0.25198,0.143159,0.001
3,1003,70,6960,0.0459483,0.0459483,0.248618,0.116122,0.001
3,1003,75,7450,0.044861,0.044861,0.227579,0.123827,0.001
3,1003,80,7940,0.0427823,0.0427823,0.274064,0.118629,0.001
3,1003,85,8430,0.0421974,0.0421974,0.252703,0.133327,0.001
3,1003,90,8920,0.0417575,0.0417575,0.27722,0.135951,0.001
3,1003,95,9410,0.0417575,0.0417575,0.215604,0.0975664,0.001
3,1003,100,9900,0.0410202,0.0410202,0.276689,0.162986,0.001
3,1003,105,10390,0.0410202,0.0410202,0.224681,0.0816123,0.001
3,1003,110,10880,0.0404821,0.0404821,0.185804,0.100517,0.001
3,1003,115,11370,0.0404821,0.0404821,0.215265,0.09672,0.001
3,1003,120,11860,0.0404821,0.0404821,0.183831,0.0658889,0.001
3,1003,125,12350,0.0400774,0.0400774,0.226032,0.12821,0.001
3,1003,130,12840,0.0400555,0.0400555,0.24936,0.0928037,0.001
3,1003,135,13330,0.0400555,0.0400555,0.239307,0.13712,0.001
3,1003,140,13820,0.0400555,0.0400555,0.307444,0.159393,0.001
3,1003,145,14310,0.0400555,0.0400555,0.291857,0.172023,0.001
3,1003,150,14800,0.040019,0.040019,0.266024,0.145496,0.001
3,1003,155,15290,0.0400152,0.0400152,0.246157,0.112322,0.001
3,1003,160,15780,0.0400152,0.0400152,0.256872,0.130392,0.001
3,1003,165,16270,0.0400152,0.0400152,0.24819,0.105032,0.001
3,1003,170,16760,0.0400152,0.0400152,0.234645,0.122491,0.001
3,1003,175,17250,0.0400152,0.0400152,0.260121,0.142039,0.001
3,1003,180,17740,0.0398907,0.0398907,0.244968,0.132716,0.001
3,1003,185,18230,0.0397191,0.0397191,0.277444,0.116942,0.001
3,1003,190,18720,0.0397191,0.0397191,0.239954,0.12154,0.001
3,1003,195,19210,0.0397191,0.0397191,0.225403,0.132368,0.001
3,1003,200,19700,0.0397191,0.0397191,0.204873,0.107238,0.001
3,1003,205,20190,0.0396802,0.0396802,0.225179,0.0992713,0.001
3,1003,210,20680,0.0396559,0.0396559,0.257547,0.154769,0.001
3,1003,215,21170,0.0396559,0.0396559,0.225747,0.10684,0.001
3,1003,220,21660,0.0396559,0.0396559,0.183709,0.106118,0.001
3,1003,225,22150,0.0396559,0.0396559,0.230545,0.0829354,0.001
3,1003,230,22640,0.0395815,0.0395815,0.286081,0.114203,0.001
3,1003,235,23130,0.0395815,0.0395815,0.233779,0.130596,0.001
3,1003,240,23620,0.0395815,0.0395815,0.255268,0.141397,0.001
3,1003,245,24110,0.0395077,0.0395077,0.203205,0.096111,0.001
3,1003,250,24600,0.0395077,0.0395077,0.238704,0.111978,0.001
3,1003,255,25090,0.0394576,0.0394576,0.243928,0.0932559,0.001
3,1003,260,25580,0.0394576,0.0394576,0.250198,0.123526,0.001
3,1003,265,26070,0.0394576,0.0394576,0.243707,0.141093,0.001
3,1003,270,26560,0.0394576,0.0394576,0.235129,0.126481,0.001
3,1003,275,27050,0.0394576,0.0394576,0.219809,0.121986,0.001
3,1003,280,27540,0.0394576,0.0394576,0.241939,0.115464,0.001
3,1003,285,28030,0.0394576,0.0394576,0.250382,0.136127,0.001
3,1003,290,28520,0.0394576,0.0394576,0.287856,0.112418,0.001
3,1003,295,29010,0.0394576,0.0394576,0.280569,0.164749,0.001
3,1003,300,29500,0.0394576,0.0394576,0.284686,0.130457,0.001
3,1003,305,29990,0.0394576,0.0394576,0.290562,0.146118,0.001
3,1003,310,30480,0.0394576,0.0394576,0.245562,0.138021,0.001
3,1003,315,30970,0.0394576,0.0394576,0.234133,0.123535,0.001
3,1003,320,31460,0.0394576,0.0394576,0.244745,0.101869,0.001
3,1003,325,31950,0.0394576,0.0394576,0.166083,0.0900873,0.001
3,1003,330,32440,0.0394576,0.0394576,0.205085,0.0834045,0.001
3,1003,335,32930,0.0394576,0.0394576,0.226767,0.101808,0.001
3,1003,340,33420,0.0394576,0.0394576,0.222099,0.135652,0.001
3,1003,345,33910,0.0394576,0.0394576,0.205692,0.118362,0.001
3,1003,350,34400,0.0394576,0.0394576,0.257213,0.155937,0.001
3,1003,355,34890,0.0394576,0.0394576,0.250169,0.140469,0.001
3,1003,360,35380,0.0394576,0.0394576,0.232823,0.117983,0.001
3,1003,365,35870,0.0394576,0.0394576,0.288399,0.155359,0.001
3,1003,370,36360,0.0394576,0.0394576,0.197874,0.115144,0.001
3,1003,375,36850,0.0394576,0.0394576,0.19848,0.0860949,0.001
3,1003,380,37340,0.0394576,0.0394576,0.187386,0.110732,0.001
3,1003,385,37830,0.0394576,0.0394576,0.263012,0.115303,0.001
3,1003,390,38320,0.0394459,0.0394459,0.231813,0.0862075,0.001
3,1003,395,38810,0.0394459,0.0394459,0.195068,0.127024,0.001
3,1003,400,39300,0.0394459,0.0394459,0.201361,0.100009,0.001
3,1003,405,39790,0.0394459,0.0394459,0.247679,0.088682,0.001
3,1003,410,40280,0.0394459,0.0394459,0.252913,0.128827,0.001
3,1003,415,40770,0.0394459,0.0394459,0.257722,0.110258,0.001
3,1003,420,41260,0.0394459,0.0394459,0.219214,0.129167,0.001
3,1003,425,41750,0.0394459,0.0394459,0.226933,0.10515,0.001
3,1003,430,42240,0.0394459,0.0394459,0.220277,0.119473,0.001
3,1003,435,42730,0.0394459,0.0394459,0.28853,0.161931,0.001
3,1003,440,43220,0.0394459,0.0394459,0.286276,0.131871,0.001
3,1003,445,43710,0.0394459,0.0394459,0.255984,0.110232,0.001
3,1003,450,44200,0.0394459,0.0394459,0.200867,0.107365,0.001
3,1003,455,44690,0.0394459,0.0394459,0.28315,0.124655,0.001
3,1003,460,45180,0.0394459,0.0394459,0.263238,0.112487,0.001
3,1003,465,45670,0.0394459,0.0394459,0.205046,0.123454,0.001
3,1003,470,46160,0.0394117,0.0394117,0.277587,0.146259,0.001
3,1003,475,46650,0.0394117,0.0394117,0.249682,0.111642,0.001
3,1003,480,47140,0.0394117,0.0394117,0.218607,0.11999,0.001
3,1003,485,47630,0.0394117,0.0394117,0.273274,0.169374,0.001
3,1003,490,48120,0.0394117,0.0394117,0.22203,0.0907889,0.001
3,1003,495,48610,0.0394117,0.0394117,0.225407,0.120416,0.001
3,1003,500,49100,0.0394117,0.0394117,0.227699,0.110624,0.001
3,1003,505,49590,0.0394117,0.0394117,0.171741,0.0960909,0.001
3,1003,510,50000,0.0394117,0.0394117,0.178881,0.109365,0.001
4,1004,0,100,87.1399,87.1399,304.782,309.677,0.001
4,1004,5,590,15.4176,15.4176,64.9458,62.8288,0.001
4,1004,10,1080,3.74787,3.74787,9.63699,9.37508,0.001
4,1004,15,1570,1.44413,1.44413,2.67055,2.67781,0.001
4,1004,20,2060,1.09144,1.09144,1.30011,1.26674,0.001
4,1004,25,2550,0.867096,0.867096,1.09783,1.09695,0.001
4,1004,30,3040,0.721293,0.721293,1.04434,1.04154,0.001
4,1004,35,3530,0.721293,0.721293,1.02474,1.01852,0.001
4,1004,40,4020,0.627133,0.627133,1.00273,1.01484,0.001
4,1004,45,4510,0.320811,0.320811,0.925533,0.991953,0.001
4,1004,50,5000,0.205836,0.205836,0.689224,0.666917,0.001
4,1004,55,5490,0.0448826,0.0448826,0.34728,0.282037,0.001
4,1004,60,5980,0.0251856,0.0251856,0.340377,0.217788,0.001
4,1004,65,6470,0.0180014,0.0180014,0.196374,0.0998819,0.001
4,1004,70,6960,0.00577044,0.00577044,0.232031,0.160885,0.001
4,1004,75,7450,0.00535621,0.00535621,0.235001,0.0881014,0.001
4,1004,80,7940,0.00535621,0.00535621,0.248225,0.134646,0.001
4,1004,85,8430,0.00340558,0.00340558,0.178234,0.0761898,0.001
4,1004,90,8920,0.00340558,0.00340558,0.266004,0.108071,0.001
4,1004,95,9410,0.00318107,0.00318107,0.135417,0.0544029,0.001
4,1004,100,9900,0.00226679,0.00226679,0.168698,0.0493629,0.001
4,1004,105,10390,0.00167479,0.00167479,0.217919,0.0495977,0.001
4,1004,110,10880,0.00106887,0.00106887,0.188691,0.0916617,0.001
4,1004,115,11370,0.000442256,0.000442256,0.170513,0.0565898,0.001
4,1004,120,11860,0.000442256,0.000442256,0.17533,0.0728746,0.001
4,1004,125,12350,0.000307114,0.000307114,0.168417,0.0659507,0.001
4,1004,130,12840,0.000307114,0.000307114,0.188301,0.0432361,0.001
4,1004,135,13330,0.000307114,0.000307114,0.228678,0.109775,0.001
4,1004,140,13820,0.000307114,0.000307114,0.237771,0.0944963,0.001
4,1004,145,14310,0.000307114,0.000307114,0.186418,0.0872415,0.001
4,1004,150,14800,0.000307114,0.000307114,0.170453,0.0628399,0.001
4,1004,155,15290,0.000307114,0.000307114,0.193442,0.0798373,0.001
4,1004,160,15780,0.000307114,0.000307114,0.134446,0.0732741,0.001
4,1004,165,16270,0.000307114,0.000307114,0.233722,0.116405,0.001
4,1004,170,16760,0.000307114,0.000307114,0.221993,0.0989579,0.001
4,1004,175,17250,0.000307114,0.000307114,0.193745,0.0910365,0.001
4,1004,180,17740,0.000307114,0.000307114,0.245174,0.118957,0.001
4,1004,185,18230,0.000307114,0.000307114,0.199881,0.0625108,0.001
4,1004,190,18720,0.000307114,0.000307114,0.23893,0.118728,0.001
4,1004,195,19210,0.000210196,0.000210196,0.16606,0.0536921,0.001
4,1004,200,19700,0.000171979,0.000171979,0.184809,0.0756835,0.001
4,1004,205,20190,0.000171979,0.000171979,0.1636,0.0692831,0.001
4,1004,210,20680,0.000171979,0.000171979,0.201382,0.125748,0.001
4,1004,215,21170,0.000171979,0.000171979,0.245265,0.124906,0.001
4,1004,220,21660,0.000171979,0.000171979,0.171885,0.0733885,0.001
4,1004,225,22150,0.000171979,0.000171979,0.220064,0.0645464,0.001
4,1004,230,22640,0.000171979,0.000171979,0.161901,0.0805065,0.001
4,1004,235,23130,0.000171979,0.000171979,0.178919,0.0580753,0.001
4,1004,240,23620,0.000171979,0.000171979,0.186028,0.0746736,0.001
4,1004,245,24110,0.000171979,0.000171979,0.240355,0.150939,0.001
4,1004,250,24600,0.000171979,0.000171979,0.21459,0.0713996,0.001
4,1004,255,25090,0.000171979,0.000171979,0.222994,0.0769933,0.001
4,1004,260,25580,0.000171979,0.000171979,0.146224,0.054764,0.001
4,1004,265,26070,0.000171979,0.000171979,0.193667,0.0699743,0.001
4,1004,270,26560,0.000171979,0.000171979,0.175911,0.076958,0.001
4,1004,275,27050,0.000171979,0.000171979,0.183478,0.0931265,0.001
4,1004,280,27540,0.000171979,0.000171979,0.189996,0.0573963,0.001
4,1004,285,28030,0.000171979,0.000171979,0.220571,0.0940727,0.001
4,1004,290,28520,0.000171979,0.000171979,0.178859,0.0700578,0.001
4,1004,295,29010,0.000171979,0.000171979,0.196271,0.0902177,0.001
4,1004,300,29500,0.000171979,0.000171979,0.168208,0.0620193,0.001
4,1004,305,29990,0.000171979,0.000171979,0.212896,0.0723518,0.001
4,1004,310,30480,0.000171979,0.000171979,0.243411,0.0906824,0.001
4,1004,315,30970,0.000171979,0.000171979,0.205426,0.0802225,0.001
4,1004,320,31460,0.000171979,0.000171979,0.168535,0.0618674,0.001
4,1004,325,31950,0.000171979,0.000171979,0.1792,0.0924642,0.001
4,1004,330,32440,0.000171979,0.000171979,0.179424,0.104509,0.001
4,1004,335,32930,0.000171979,0.000171979,0.207193,0.114217,0.001
4,1004,340,33420,0.000171979,0.000171979,0.246671,0.0822525,0.001
4,1004,345,33910,0.000171979,0.000171979,0.184194,0.0743248,0.001
4,1004,350,34400,0.000171979,0.000171979,0.164474,0.0526575,0.001
4,1004,355,34890,0.000171979,0.000171979,0.213706,0.0762791,0.001
4,1004,360,35380,0.000171979,0.000171979,0.199864,0.083934,0.001
4,1004,365,35870,0.000171979,0.000171979,0.206939,0.0702254,0.001
4,1004,370,36360,0.000171979,0.000171979,0.214209,0.0874317,0.001
4,1004,375,36850,0.000171979,0.000171979,0.248651,0.125387,0.001
4,1004,380,37340,0.000171979,0.000171979,0.171842,0.0644659,0.001
4,1004,385,37830,0.000171979,0.000171979,0.164459,0.0813586,0.001
4,1004,390,38320,0.000171979,0.000171979,0.252057,0.0870537,0.001
4,1004,395,38810,0.000171979,0.000171979,0.152611,0.0508833,0.001
4,1004,400,39300,0.000171979,0.000171979,0.222646,0.0612802,0.001
4,1004,405,39790,0.000171979,0.000171979,0.199943,0.0870813,0.001
4,1004,410,40280,0.000171979,0.000171979,0.247258,0.10795,0.001
4,1004,415,40770,0.000171979,0.000171979,0.20301,0.100391,0.001
4,1004,420,41260,0.000171979,0.000171979,0.203873,0.0992926,0.001
4,1004,425,41750,0.000171979,0.000171979,0.262829,0.0932978,0.001
4,1004,430,42240,0.000171979,0.000171979,0.178538,0.0592206,0.001
4,1004,435,42730,0.000171979,0.000171979,0.179652,0.0725343,0.001
4,1004,440,43220,0.000171979,0.000171979,0.192485,0.0868957,0.001
4,1004,445,43710,0.000171829,0.000171829,0.220748,0.129575,0.001
4,1004,450,44200,0.000171829,0.000171829,0.193938,0.0621718,0.001
4,1004,455,44690,0.000136614,0.000136614,0.206976,0.0606829,0.001
4,1004,460,45180,0.000132462,0.000132462,0.23661,0.129599,0.001
4,1004,465,45670,0.000132462,0.000132462,0.167678,0.064709,0.001
4,1004,470,46160,0.000132462,0.000132462,0.206623,0.0926124,0.001
4,1004,475,46650,0.000132462,0.000132462,0.200655,0.0840898,0.001
4,1004,480,47140,0.000132462,0.000132462,0.232818,0.0985038,0.001
4,1004,485,47630,0.000132462,0.000132462,0.175877,0.0646503,0.001
4,1004,490,48120,0.000132462,0.000132462,0.194727,0.123334,0.001
4,1004,495,48610,0.000132462,0.000132462,0.136042,0.0545311,0.001
4,1004,500,49100,0.000132462,0.000132462,0.170472,0.0646825,0.001
4,1004,505,49590,0.000132462,0.000132462,0.208629,0.0752136,0.001
4,1004,510,50000,0.000132462,0.000132462,0.163007,0.0752949,0.001
5,1005,0,100,145.688,145.688,300.842,297.848,0.001
5,1005,5,590,13.1624,13.1624,72.8801,62.0357,0.001
5,1005,10,1080,2.88604,2.88604,11.0728,10.6551,0.001
5,1005,15,1570,1.54001,1.54001,2.32131,2.167,0.001
5,1005,20,2060,1.0773,1.0773,1.31578,1.29034,0.001
5,1005,25,2550,0.680957,0.680957,1.09022,1.09823,0.001
5,1005,30,3040,0.614336,0.614336,1.02376,1.04097,0.001
5,1005,35,3530,0.343629,0.343629,0.981273,1.00736,0.001
5,1005,40,4020,0.255978,0.255978,0.804297,0.792374,0.001
5,1005,45,4510,0.165278,0.165278,0.518681,0.48406,0.001
5,1005,50,5000,0.0903575,0.0903575,0.35786,0.307284,0.001
5,1005,55,5490,0.0595952,0.0595952,0.315031,0.189405,0.001
5,1005,60,5980,0.053803,0.053803,0.25189,0.122572,0.001
5,1005,65,6470,0.0476233,0.0476233,0.296769,0.163764,0.001
5,1005,70,6960,0.0476233,0.0476233,0.229815,0.120683,0.001
5,1005,75,7450,0.0476233,0.0476233,0.269889,0.158531,0.001
5,1005,80,7940,0.0463495,0.0463495,0.286553,0.136173,0.001
5,1005,85,8430,0.0422841,0.0422841,0.235725,0.119494,0.001
5,1005,90,8920,0.0410819,0.0410819,0.210762,0.142707,0.001
5,1005,95,9410,0.0410819,0.0410819,0.242941,0.140805,0.001
5,1005,100,9900,0.0410819,0.0410819,0.196947,0.0739555,0.001
5,1005,105,10390,0.0403426,0.0403426,0.2636,0.143392,0.001
5,1005,110,10880,0.0403426,0.0403426,0.201062,0.102464,0.001
5,1005,115,11370,0.0403426,0.0403426,0.195591,0.132221,0.001
5,1005,120,11860,0.0403426,0.0403426,0.270445,0.158356,0.001
5,1005,125,12350,0.0403426,0.0403426,0.225117,0.134644,0.001
5,1005,130,12840,0.0403426,0.0403426,0.250568,0.103203,0.001
5,1005,135,13330,0.0402034,0.0402034,0.211609,0.0817672,0.001
5,1005,140,13820,0.0402034,0.0402034,0.254611,0.124,0.001
5,1005,145,14310,0.0402034,0.0402034,0.259046,0.118812,0.001
5,1005,150,14800,0.0401818,0.0401818,0.236386,0.149542,0.001
5,1005,155,15290,0.0401818,0.0401818,0.24413,0.11089,0.001
5,1005,160,15780,0.0401818,0.0401818,0.195001,0.104589,0.001
5,1005,165,16270,0.0399049,0.0399049,0.236104,0.10426,0.001
5,1005,170,16760,0.0399049,0.0399049,0.231717,0.116216,0.001
5,1005,175,17250,0.0399049,0.0399049,0.224336,0.116553,0.001
5,1005,180,17740,0.0399049,0.0399049,0.258138,0.136871,0.001
5,1005,185,18230,0.0399049,0.0399049,0.28739,0.106225,0.001
5,1005,190,18720,0.0397542,0.0397542,0.23278,0.127421,0.001
5,1005,195,19210,0.0397542,0.0397542,0.233734,0.151813,0.001
5,1005,200,19700,0.0397542,0.0397542,0.18793,0.0965897,0.001
5,1005,205,20190,0.0397542,0.0397542,0.269584,0.122597,0.001
5,1005,210,20680,0.0397542,0.0397542,0.210082,0.106461,0.001
5,1005,215,21170,0.0397542,0.0397542,0.228234,0.1159,0.001
5,1005,220,21660,0.0397497,0.0397497,0.209187,0.0842485,0.001
5,1005,225,22150,0.0397071,0.0397071,0.257252,0.140997,0.001
5,1005,230,22640,0.0397071,0.0397071,0.238392,0.104179,0.001
5,1005,235,23130,0.0397071,0.0397071,0.227225,0.108701,0.001
5,1005,240,23620,0.0396697,0.0396697,0.174907,0.0885505,0.001
5,1005,245,24110,0.0396697,0.0396697,0.221424,0.0884937,0.001
5,1005,250,24600,0.0396697,0.0396697,0.192757,0.101996,0.001
5,1005,255,25090,0.0396697,0.0396697,0.230698,0.0948274,0.001
5,1005,260,25580,0.0396697,0.0396697,0.223175,0.124675,0.001
5,1005,265,26070,0.0396697,0.0396697,0.205832,0.116798,0.001
5,1005,270,26560,0.0396697,0.0396697,0.253652,0.125703,0.001
5,1005,275,27050,0.0396697,0.0396697,0.299691,0.13147,0.001
5,1005,280,27540,0.0396697,0.0396697,0.218386,0.099225,0.001
5,1005,285,28030,0.0396697,0.0396697,0.203949,0.10237,0.001
5,1005,290,28520,0.0396697,0.0396697,0.190837,0.0971598,0.001
5,1005,295,29010,0.0396697,0.0396697,0.23434,0.0848877,0.001
5,1005,300,29500,0.0396697,0.0396697,0.209637,0.094223,0.001
5,1005,305,29990,0.0396693,0.0396693,0.243817,0.151992,0.001
5,1005,310,30480,0.039668,0.039668,0.210671,0.121454,0.001
5,1005,315,30970,0.039668,0.039668,0.249429,0.152976,0.001
5,1005,320,31460,0.039668,0.039668,0.300036,0.17738,0.001
5,1005,325,31950,0.039668,0.039668,0.266007,0.138602,0.001
5,1005,330,32440,0.039668,0.039668,0.301186,0.0913295,0.001
5,1005,335,32930,0.039668,0.039668,0.25936,0.120391,0.001
5,1005,340,33420,0.039668,0.039668,0.292741,0.134273,0.001
5,1005,345,33910,0.039668,0.039668,0.209731,0.114652,0.001
5,1005,350,34400,0.039668,0.039668,0.231337,0.103224,0.001
5,1005,355,34890,0.039668,0.039668,0.238609,0.117575,0.001
5,1005,360,35380,0.039668,0.039668,0.25724,0.130994,0.001
5,1005,365,35870,0.039668,0.039668,0.212459,0.10464,0.001
5,1005,370,36360,0.0396185,0.0396185,0.238412,0.118075,0.001
5,1005,375,36850,0.0395894,0.0395894,0.305004,0.128564,0.001
5,1005,380,37340,0.0395894,0.0395894,0.196327,0.0976501,0.001
5,1005,385,37830,0.0395894,0.0395894,0.257147,0.130453,0.001
5,1005,390,38320,0.0395894,0.0395894,0.214319,0.138181,0.001
5,1005,395,38810,0.0395731,0.0395731,0.266262,0.140346,0.001
5,1005,400,39300,0.0395731,0.0395731,0.242703,0.0811298,0.001
5,1005,405,39790,0.0395731,0.0395731,0.226232,0.136675,0.001
5,1005,410,40280,0.0395731,0.0395731,0.214508,0.160793,0.001
5,1005,415,40770,0.0395731,0.0395731,0.282245,0.166049,0.001
5,1005,420,41260,0.0395731,0.0395731,0.239349,0.143438,0.001
5,1005,425,41750,0.0395731,0.0395731,0.278116,0.177721,0.001
5,1005,430,42240,0.0395731,0.0395731,0.248598,0.135042,0.001
5,1005,435,42730,0.0395731,0.0395731,0.199406,0.112371,0.001
5,1005,440,43220,0.0395731,0.0395731,0.197932,0.106076,0.001
5,1005,445,43710,0.0395731,0.0395731,0.207797,0.12249,0.001
5,1005,450,44200,0.0395731,0.0395731,0.230293,0.137002,0.001
5,1005,455,44690,0.0395731,0.0395731,0.224345,0.120951,0.001
5,1005,460,45180,0.0395731,0.0395731,0.222659,0.117717,0.001
5,1005,465,45670,0.0395731,0.0395731,0.197998,0.0964538,0.001
5,1005,470,46160,0.0395731,0.0395731,0.24085,0.120701,0.001
5,1005,475,46650,0.0395731,0.0395731,0.263922,0.156793,0.001
5,1005,480,47140,0.0395731,0.0395731,0.254249,0.118516,0.001
5,1005,485,47630,0.0395731,0.0395731,0.212981,0.0907819,0.001
5,1005,490,48120,0.0395731,0.0395731,0.217457,0.123505,0.001
5,1005,495,48610,0.0395731,0.0395731,0.293078,0.12497,0.001
5,1005,500,49100,0.0395731,0.0395731,0.268249,0.146347,0.001
5,1005,505,49590,0.0395731,0.0395731,0.262294,0.129787,0.001
5,1005,510,50000,0.0395659,0.0395659,0.178465,0.136093,0.001
6,1006,0,100,113.529,113.529,299.95,290.41,0.001
6,1006,5,590,12.8885,12.8885,66.6188,61.4887,0.001
6,1006,10,1080,4.41923,4.41923,14.1156,13.4781,0.001
6,1006,15,1570,1.65342,1.65342,3.09227,2.8903,0.001
6,1006,20,2060,1.13604,1.13604,1.43854,1.42444,0.001
6,1006,25,2550,0.814703,0.814703,1.09195,1.089,0.001
6,1006,30,3040,0.563604,0.563604,1.04882,1.03693,0.001
6,1006,35,3530,0.563604,0.563604,1.03203,1.03023,0.001
6,1006,40,4020,0.336241,0.336241,0.998901,1.01528,0.001
6,1006,45,4510,0.213998,0.213998,0.962102,1.01692,0.001
6,1006,50,5000,0.213998,0.213998,0.955312,1.01803,0.001
6,1006,55,5490,0.117994,0.117994,0.47846,0.421797,0.001
6,1006,60,5980,0.0531784,0.0531784,0.321728,0.237145,0.001
6,1006,65,6470,0.0470511,0.0470511,0.247087,0.182696,0.001
6,1006,70,6960,0.0426538,0.0426538,0.279093,0.194718,0.001
6,1006,75,7450,0.0421024,0.0421024,0.266151,0.121154,0.001
6,1006,80,7940,0.0400988,0.0400988,0.268075,0.140602,0.001
6,1006,85,8430,0.0400988,0.0400988,0.268734,0.110085,0.001
6,1006,90,8920,0.0400988,0.0400988,0.274514,0.132826,0.001
6,1006,95,9410,0.0399459,0.0399459,0.183049,0.0928377,0.001
6,1006,100,9900,0.0383353,0.0383353,0.21926,0.10815,0.001
6,1006,105,10390,0.0383353,0.0383353,0.256324,0.0995766,0.001
6,1006,110,10880,0.037862,0.037862,0.225822,0.110219,0.001
6,1006,115,11370,0.0372918,0.0372918,0.161753,0.0657606,0.001
6,1006,120,11860,0.0372918,0.0372918,0.250527,0.139519,0.001
6,1006,125,12350,0.0371617,0.0371617,0.282932,0.149502,0.001
6,1006,130,12840,0.0371617,0.0371617,0.259654,0.159755,0.001
6,1006,135,13330,0.0371617,0.0371617,0.236758,0.137797,0.001
6,1006,140,13820,0.0371617,0.0371617,0.241607,0.0970695,0.001
6,1006,145,14310,0.0371617,0.0371617,0.249499,0.127249,0.001
6,1006,150,14800,0.0371617,0.0371617,0.218027,0.0932246,0.001
6,1006,155,15290,0.0371617,0.0371617,0.232536,0.0959763,0.001
6,1006,160,15780,0.0371616,0.0371616,0.273713,0.134588,0.001
6,1006,165,16270,0.0371616,0.0371616,0.205283,0.103798,0.001
6,1006,170,16760,0.0371616,0.0371616,0.244179,0.124239,0.001
6,1006,175,17250,0.0371616,0.0371616,0.275261,0.122547,0.001
6,1006,180,17740,0.0370766,0.0370766,0.259584,0.126287,0.001
6,1006,185,18230,0.0370766,0.0370766,0.219292,0.135066,0.001
6,1006,190,18720,0.0370101,0.0370101,0.267106,0.131753,0.001
6,1006,195,19210,0.0370101,0.0370101,0.234625,0.122506,0.001
6,1006,200,19700,0.0370101,0.0370101,0.221006,0.141726,0.001
6,1006,205,20190,0.0370101,0.0370101,0.284082,0.12405,0.001
6,1006,210,20680,0.0370101,0.0370101,0.222231,0.0988566,0.001
6,1006,215,21170,0.0370101,0.0370101,0.208715,0.110437,0.001
6,1006,220,21660,0.0370101,0.0370101,0.190968,0.101141,0.001
6,1006,225,22150,0.0370101,0.0370101,0.220465,0.105724,0.001
6,1006,230,22640,0.0370101,0.0370101,0.195912,0.112549,0.001
6,1006,235,23130,0.0370101,0.0370101,0.24117,0.122546,0.001
6,1006,240,23620,0.0370101,0.0370101,0.22475,0.0968456,0.001
6,1006,245,24110,0.0370101,0.0370101,0.29423,0.1295,0.001
6,1006,250,24600,0.0370101,0.0370101,0.220351,0.0964359,0.001
6,1006,255,25090,0.0370101,0.0370101,0.235443,0.112108,0.001
6,1006,260,25580,0.0370101,0.0370101,0.230298,0.1198,0.001
6,1006,265,26070,0.0370101,0.0370101,0.234601,0.135076,0.001
6,1006,270,26560,0.0370101,0.0370101,0.291412,0.119736,0.001
6,1006,275,27050,0.0370101,0.0370101,0.30372,0.129096,0.001
6,1006,280,27540,0.0370101,0.0370101,0.244353,0.118257,0.001
6,1006,285,28030,0.0370101,0.0370101,0.226715,0.104782,0.001
6,1006,290,28520,0.0370101,0.0370101,0.208055,0.0847425,0.001
6,1006,295,29010,0.0370101,0.0370101,0.257542,0.164383,0.001
6,1006,300,29500,0.0369932,0.0369932,0.241165,0.0955292,0.001
6,1006,305,29990,0.0369932,0.0369932,0.229216,0.118561,0.001
6,1006,310,30480,0.0369932,0.0369932,0.250294,0.12784,0.001
6,1006,315,30970,0.0369932,0.0369932,0.248298,0.101252,0.001
6,1006,320,31460,0.0369932,0.0369932,0.233641,0.144368,0.001
6,1006,325,31950,0.0369932,0.0369932,0.17446,0.117627,0.001
6,1006,330,32440,0.0369932,0.0369932,0.270143,0.167517,0.001
6,1006,335,32930,0.0369932,0.0369932,0.21335,0.0952271,0.001
6,1006,340,33420,0.0369932,0.0369932,0.272997,0.125673,0.001
6,1006,345,33910,0.0369932,0.0369932,0.257878,0.157396,0.001
6,1006,350,34400,0.0369932,0.0369932,0.206622,0.100246,0.001
6,1006,355,34890,0.0369932,0.0369932,0.257952,0.120874,0.001
6,1006,360,35380,0.0369932,0.0369932,0.205603,0.138711,0.001
6,1006,365,35870,0.0369773,0.0369773,0.254246,0.105711,0.001
6,1006,370,36360,0.0369773,0.0369773,0.235989,0.109139,0.001
6,1006,375,36850,0.0369773,0.0369773,0.235524,0.129469,0.001
6,1006,380,37340,0.0369773,0.0369773,0.235057,0.118428,0.001
6,1006,385,37830,0.0369472,0.0369472,0.188284,0.0925054,0.001
6,1006,390,38320,0.0369472,0.0369472,0.202934,0.117693,0.001
6,1006,395,38810,0.0369472,0.0369472,0.221834,0.111976,0.001
6,1006,400,39300,0.0369472,0.0369472,0.242978,0.130708,0.001
6,1006,405,39790,0.0369472,0.0369472,0.263255,0.148655,0.001
6,1006,410,40280,0.0369472,0.0369472,0.215611,0.106315,0.001
6,1006,415,40770,0.0369472,0.0369472,0.270233,0.163035,0.001
6,1006,420,41260,0.0369472,0.0369472,0.260945,0.131959,0.001
6,1006,425,41750,0.0369472,0.0369472,0.208702,0.0904503,0.001
6,1006,430,42240,0.0369472,0.0369472,0.246005,0.178988,0.001
6,1006,435,42730,0.0369472,0.0369472,0.189543,0.0762505,0.001
6,1006,440,43220,0.0369472,0.0369472,0.263708,0.09443,0.001
6,1006,445,43710,0.0369472,0.0369472,0.205432,0.121587,0.001
6,1006,450,44200,0.0369472,0.0369472,0.205036,0.0838647,0.001
6,1006,455,44690,0.0369472,0.0369472,0.218445,0.0797954,0.001
6,1006,460,45180,0.0369472,0.0369472,0.22931,0.101641,0.001
6,1006,465,45670,0.0369472,0.0369472,0.199629,0.100432,0.001
6,1006,470,46160,0.0369472,0.0369472,0.236481,0.110054,0.001
6,1006,475,46650,0.0369472,0.0369472,0.252446,0.156312,0.001
6,1006,480,47140,0.0369472,0.0369472,0.227598,0.121479,0.001
6,1006,485,47630,0.0369472,0.0369472,0.277397,0.136599,0.001
6,1006,490,48120,0.0369472,0.0369472,0.243542,0.127623,0.001
6,1006,495,48610,0.0369472,0.0369472,0.237968,0.122794,0.001
6,1006,500,49100,0.0369472,0.0369472,0.200684,0.0841782,0.001
6,1006,505,49590,0.0369472,0.0369472,0.254637,0.147431,0.001
6,1006,510,50000,0.0369472,0.0369472,0.156891,0.0894266,0.001
7,1007,0,100,124.327,124.327,294.892,287.17,0.001
7,1007,5,590,24.9089,24.9089,83.4156,77.8978,0.001
7,1007,10,1080,5.18125,5.18125,17.6421,16.0538,0.001
7,1007,15,1570,2.06548,2.06548,4.71498,4.53469,0.001
7,1007,20,2060,1.34525,1.34525,1.80016,1.75546,0.001
7,1007,25,2550,1.10799,1.10799,1.26313,1.24094,0.001
7,1007,30,3040,0.768037,0.768037,1.06748,1.06178,0.001
7,1007,35,3530,0.768037,0.768037,1.03662,1.03582,0.001
7,1007,40,4020,0.66076,0.66076,1.03352,1.02885,0.001
7,1007,45,4510,0.39396,0.39396,0.939048,0.997319,0.001
7,1007,50,5000,0.245639,0.245639,0.839614,0.826487,0.001
7,1007,55,5490,0.101509,0.101509,0.416123,0.354365,0.001
7,1007,60,5980,0.0621092,0.0621092,0.334385,0.244334,0.001
7,1007,65,6470,0.0433221,0.0433221,0.301776,0.180109,0.001
7,1007,70,6960,0.0295146,0.0295146,0.268908,0.15018,0.001
7,1007,75,7450,0.0228527,0.0228527,0.220904,0.109498,0.001
7,1007,80,7940,0.021115,0.021115,0.214042,0.1495,0.001
7,1007,85,8430,0.021115,0.021115,0.21903,0.080627,0.001
7,1007,90,8920,0.021115,0.021115,0.193407,0.0624926,0.001
7,1007,95,9410,0.0199013,0.0199013,0.172901,0.0907473,0.001
7,1007,100,9900,0.0199013,0.0199013,0.187181,0.0752377,0.001
7,1007,105,10390,0.0199013,0.0199013,0.181645,0.0821091,0.001
7,1007,110,10880,0.0199013,0.0199013,0.275501,0.131201,0.001
7,1007,115,11370,0.0184244,0.0184244,0.2116,0.101886,0.001
7,1007,120,11860,0.0177698,0.0177698,0.188382,0.0735973,0.001
7,1007,125,12350,0.0176774,0.0176774,0.138254,0.0593246,0.001
7,1007,130,12840,0.0176774,0.0176774,0.243898,0.103275,0.001
7,1007,135,13330,0.0176774,0.0176774,0.253704,0.121381,0.001
7,1007,140,13820,0.0176693,0.0176693,0.162713,0.0902595,0.001
7,1007,145,14310,0.0175174,0.0175174,0.154677,0.065983,0.001
7,1007,150,14800,0.0175174,0.0175174,0.235352,0.127391,0.001
7,1007,155,15290,0.0175174,0.0175174,0.186879,0.0821285,0.001
7,1007,160,15780,0.0175174,0.0175174,0.20177,0.130226,0.001
7,1007,165,16270,0.0175174,0.0175174,0.201397,0.0841791,0.001
7,1007,170,16760,0.0174468,0.0174468,0.215894,0.0800552,0.001
7,1007,175,17250,0.0174468,0.0174468,0.21213,0.109088,0.001
7,1007,180,17740,0.0174468,0.0174468,0.211084,0.0911581,0.001
7,1007,185,18230,0.0174468,0.0174468,0.241236,0.115652,0.001
7,1007,190,18720,0.0174468,0.0174468,0.168591,0.0917079,0.001
7,1007,195,19210,0.0174468,0.0174468,0.182509,0.0990608,0.001
7,1007,200,19700,0.0174468,0.0174468,0.198123,0.120624,0.001
7,1007,205,20190,0.0174468,0.0174468,0.210689,0.100131,0.001
7,1007,210,20680,0.0174468,0.0174468,0.210347,0.0853651,0.001
7,1007,215,21170,0.0174468,0.0174468,0.227437,0.0978193,0.001
7,1007,220,21660,0.0174468,0.0174468,0.224452,0.0859114,0.001
7,1007,225,22150,0.0174468,0.0174468,0.184811,0.0576337,0.001
7,1007,230,22640,0.0174103,0.0174103,0.205041,0.113348,0.001
7,1007,235,23130,0.0174103,0.0174103,0.208408,0.128639,0.001
7,1007,240,23620,0.0174103,0.0174103,0.219595,0.0827444,0.001
7,1007,245,24110,0.0174103,0.0174103,0.231018,0.0759424,0.001
7,1007,250,24600,0.0174103,0.0174103,0.214947,0.110598,0.001
7,1007,255,25090,0.0174103,0.0174103,0.207699,0.0879494,0.001
7,1007,260,25580,0.017376,0.017376,0.214578,0.10962,0.001
7,1007,265,26070,0.017376,0.017376,0.202311,0.105579,0.001
7,1007,270,26560,0.017376,0.017376,0.214777,0.0911957,0.001
7,1007,275,27050,0.017376,0.017376,0.169795,0.0823915,0.001
7,1007,280,27540,0.017376,0.017376,0.193486,0.0821219,0.001
7,1007,285,28030,0.017376,0.017376,0.237008,0.111953,0.001
7,1007,290,28520,0.017376,0.017376,0.199449,0.0974876,0.001
7,1007,295,29010,0.017376,0.017376,0.205017,0.0849157,0.001
7,1007,300,29500,0.017376,0.017376,0.236573,0.0951698,0.001
7,1007,305,29990,0.017376,0.017376,0.230223,0.113597,0.001
7,1007,310,30480,0.017376,0.017376,0.217472,0.0920052,0.001
7,1007,315,30970,0.017376,0.017376,0.206591,0.0836438,0.001
7,1007,320,31460,0.017376,0.017376,0.301645,0.133599,0.001
7,1007,325,31950,0.017376,0.017376,0.250105,0.121148,0.001
7,1007,330,32440,0.017376,0.017376,0.202477,0.0852748,0.001
7,1007,335,32930,0.017376,0.017376,0.232527,0.10196,0.001
7,1007,340,33420,0.017376,0.017376,0.158637,0.0743935,0.001
7,1007,345,33910,0.017376,0.017376,0.20647,0.0850665,0.001
7,1007,350,34400,0.017376,0.017376,0.15096,0.0767928,0.001
7,1007,355,34890,0.017376,0.017376,0.189573,0.10449,0.001
7,1007,360,35380,0.017376,0.017376,0.237734,0.0924327,0.001
7,1007,365,35870,0.017376,0.017376,0.238118,0.094365,0.001
7,1007,370,36360,0.017376,0.017376,0.157248,0.0618565,0.001
7,1007,375,36850,0.017376,0.017376,0.166799,0.0824627,0.001
7,1007,380,37340,0.017376,0.017376,0.172399,0.0967946,0.001
7,1007,385,37830,0.0173748,0.0173748,0.246094,0.153637,0.001
7,1007,390,38320,0.0173748,0.0173748,0.180516,0.0543723,0.001
7,1007,395,38810,0.0173748,0.0173748,0.202719,0.0578502,0.001
7,1007,400,39300,0.0173571,0.0173571,0.191302,0.0653178,0.001
7,1007,405,39790,0.0173571,0.0173571,0.247593,0.0974199,0.001
7,1007,410,40280,0.0173571,0.0173571,0.225262,0.0812757,0.001
7,1007,415,40770,0.0173571,0.0173571,0.177414,0.0779244,0.001
7,1007,420,41260,0.0173571,0.0173571,0.202317,0.11695,0.001
7,1007,425,41750,0.0173571,0.0173571,0.217403,0.0658843,0.001
7,1007,430,42240,0.0173571,0.0173571,0.230683,0.0800334,0.001
7,1007,435,42730,0.0173571,0.0173571,0.161373,0.0744118,0.001
7,1007,440,43220,0.0173571,0.0173571,0.218042,0.0813414,0.001
7,1007,445,43710,0.0173571,0.0173571,0.21554,0.0920191,0.001
7,1007,450,44200,0.0173139,0.0173139,0.186846,0.0932589,0.001
7,1007,455,44690,0.0173139,0.0173139,0.285065,0.0951183,0.001
7,1007,460,45180,0.0173139,0.0173139,0.213745,0.0914172,0.001
7,1007,465,45670,0.0173139,0.0173139,0.252356,0.126304,0.001
7,1007,470,46160,0.0173139,0.0173139,0.21102,0.0951378,0.001
7,1007,475,46650,0.0173139,0.0173139,0.232972,0.114594,0.001
7,1007,480,47140,0.0173139,0.0173139,0.141546,0.0589331,0.001
7,1007,485,47630,0.0173139,0.0173139,0.203542,0.0880446,0.001
7,1007,490,48120,0.0173139,0.0173139,0.198318,0.089357,0.001
7,1007,495,48610,0.0173139,0.0173139,0.230295,0.0983373,0.001
7,1007,500,49100,0.0173139,0.0173139,0.223097,0.112164,0.001
7,1007,505,49590,0.0173139,0.0173139,0.279251,0.147127,0.001
7,1007,510,50000,0.0173139,0.0173139,0.20206,0.0599586,0.001
8,1008,0,100,76.6344,76.6344,289.998,277.601,0.001
8,1008,5,590,15.1456,15.1456,59.2363,56.3538,0.001
8,1008,10,1080,2.53429,2.53429,7.80189,7.14774,0.001
8,1008,15,1570,1.19622,1.19622,1.93775,1.88757,0.001
8,1008,20,2060,1.01701,1.01701,1.15518,1.13949,0.001
8,1008,25,2550,0.573705,0.573705,1.03529,1.04332,0.001
8,1008,30,3040,0.297865,0.297865,0.954921,1.01537,0.001
8,1008,35,3530,0.129701,0.129701,0.476381,0.468298,0.001
8,1008,40,4020,0.0747606,0.0747606,0.343044,0.253792,0.001
8,1008,45,4510,0.0521132,0.0521132,0.242584,0.155448,0.001
8,1008,50,5000,0.0344549,0.0344549,0.21235,0.0956162,0.001
8,1008,55,5490,0.0344549,0.0344549,0.273139,0.167902,0.001
8,1008,60,5980,0.0319517,0.0319517,0.22863,0.12136,0.001
8,1008,65,6470,0.0302363,0.0302363,0.246763,0.150902,0.001
8,1008,70,6960,0.0301074,0.0301074,0.192325,0.10718,0.001
8,1008,75,7450,0.0301074,0.0301074,0.258188,0.139548,0.001
8,1008,80,7940,0.0301074,0.0301074,0.219693,0.115053,0.001
8,1008,85,8430,0.0300322,0.0300322,0.229636,0.103824,0.001
8,1008,90,8920,0.0299984,0.0299984,0.223794,0.10057,0.001
8,1008,95,9410,0.0299124,0.0299124,0.225594,0.109866,0.001
8,1008,100,9900,0.0299124,0.0299124,0.228085,0.10149,0.001
8,1008,105,10390,0.0299124,0.0299124,0.237618,0.111561,0.001
8,1008,110,10880,0.02985,0.02985,0.190365,0.0918379,0.001
8,1008,115,11370,0.02985,0.02985,0.219089,0.112448,0.001
8,1008,120,11860,0.02985,0.02985,0.204189,0.0736331,0.001
8,1008,125,12350,0.02985,0.02985,0.214258,0.0871929,0.001
8,1008,130,12840,0.02985,0.02985,0.21575,0.0850896,0.001
8,1008,135,13330,0.02985,0.02985,0.206521,0.0760631,0.001
8,1008,140,13820,0.02985,0.02985,0.231467,0.112256,0.001
8,1008,145,14310,0.029809,0.029809,0.200529,0.104613,0.001
8,1008,150,14800,0.029809,0.029809,0.290965,0.180804,0.001
8,1008,155,15290,0.029809,0.029809,0.240734,0.0922371,0.001
8,1008,160,15780,0.029809,0.029809,0.277729,0.192159,0.001
8,1008,165,16270,0.029809,0.029809,0.188528,0.0876705,0.001
8,1008,170,16760,0.029809,0.029809,0.203351,0.0902123,0.001
8,1008,175,17250,0.029809,0.029809,0.211584,0.129398,0.001
8,1008,180,17740,0.029809,0.029809,0.223423,0.122203,0.001
8,1008,185,18230,0.029809,0.029809,0.206908,0.114167,0.001
8,1008,190,18720,0.029809,0.029809,0.234849,0.0960866,0.001
8,1008,195,19210,0.029809,0.029809,0.227134,0.11692,0.001
8,1008,200,19700,0.0297337,0.0297337,0.231618,0.131554,0.001
8,1008,205,20190,0.0297337,0.0297337,0.20183,0.0709549,0.001
8,1008,210,20680,0.0297337,0.0297337,0.239885,0.125894,0.001
8,1008,215,21170,0.0297337,0.0297337,0.225423,0.116434,0.001
8,1008,220,21660,0.0297093,0.0297093,0.170012,0.084246,0.001
8,1008,225,22150,0.0297093,0.0297093,0.192779,0.131289,0.001
8,1008,230,22640,0.0297093,0.0297093,0.21246,0.0918486,0.001
8,1008,235,23130,0.0297093,0.0297093,0.222328,0.112747,0.001
8,1008,240,23620,0.0297093,0.0297093,0.274886,0.117455,0.001
8,1008,245,24110,0.0297093,0.0297093,0.20307,0.100717,0.001
8,1008,250,24600,0.0296956,0.0296956,0.197586,0.139107,0.001
8,1008,255,25090,0.0296956,0.0296956,0.236578,0.112018,0.001
8,1008,260,25580,0.0296956,0.0296956,0.249914,0.0850369,0.001
8,1008,265,26070,0.0296956,0.0296956,0.21676,0.110178,0.001
8,1008,270,26560,0.0296956,0.0296956,0.236242,0.119493,0.001
8,1008,275,27050,0.0296956,0.0296956,0.264198,0.130043,0.001
8,1008,280,27540,0.0296956,0.0296956,0.207089,0.081655,0.001
8,1008,285,28030,0.0296956,0.0296956,0.235456,0.153541,0.001
8,1008,290,28520,0.0296956,0.0296956,0.288477,0.121874,0.001
8,1008,295,29010,0.0296956,0.0296956,0.219216,0.0890836,0.001
8,1008,300,29500,0.0296956,0.0296956,0.214747,0.113098,0.001
8,1008,305,29990,0.0296956,0.0296956,0.236019,0.161405,0.001
8,1008,310,30480,0.0296956,0.0296956,0.22048,0.123278,0.001
8,1008,315,30970,0.0296956,0.0296956,0.20992,0.122819,0.001
8,1008,320,31460,0.0296956,0.0296956,0.239812,0.126778,0.001
8,1008,325,31950,0.0296956,0.0296956,0.196994,0.0999171,0.001
8,1008,330,32440,0.0296956,0.0296956,0.179893,0.104262,0.001
8,1008,335,32930,0.0296956,0.0296956,0.232487,0.125937,0.001
8,1008,340,33420,0.0296956,0.0296956,0.185768,0.103375,0.001
8,1008,345,33910,0.0296956,0.0296956,0.214166,0.0978924,0.001
8,1008,350,34400,0.0296956,0.0296956,0.205145,0.0884503,0.001
8,1008,355,34890,0.0296956,0.0296956,0.190803,0.0842029,0.001
8,1008,360,35380,0.0296956,0.0296956,0.26249,0.124261,0.001
8,1008,365,35870,0.0296956,0.0296956,0.199587,0.0817292,0.001
8,1008,370,36360,0.0296956,0.0296956,0.185328,0.0962931,0.001
8,1008,375,36850,0.0296956,0.0296956,0.212145,0.086814,0.001
8,1008,380,37340,0.0296956,0.0296956,0.241828,0.0956148,0.001
8,1008,385,37830,0.0296956,0.0296956,0.243799,0.149933,0.001
8,1008,390,38320,0.0296491,0.0296491,0.20905,0.0829257,0.001
8,1008,395,38810,0.0296491,0.0296491,0.264013,0.1047,0.001
8,1008,400,39300,0.0296491,0.0296491,0.214904,0.0963313,0.001
8,1008,405,39790,0.0296491,0.0296491,0.233242,0.097826,0.001
8,1008,410,40280,0.0296491,0.0296491,0.251564,0.145465,0.001
8,1008,415,40770,0.0296372,0.0296372,0.215342,0.11429,0.001
8,1008,420,41260,0.0296372,0.0296372,0.235053,0.0736953,0.001
8,1008,425,41750,0.0296372,0.0296372,0.231073,0.118553,0.001
8,1008,430,42240,0.0296372,0.0296372,0.183192,0.0992237,0.001
8,1008,435,42730,0.0296372,0.0296372,0.247847,0.102677,0.001
8,1008,440,43220,0.0296372,0.0296372,0.250788,0.115207,0.001
8,1008,445,43710,0.0296372,0.0296372,0.210276,0.102387,0.001
8,1008,450,44200,0.0296355,0.0296355,0.210671,0.0767546,0.001
8,1008,455,44690,0.0296355,0.0296355,0.232771,0.110627,0.001
8,1008,460,45180,0.0296355,0.0296355,0.221285,0.0938842,0.001
8,1008,465,45670,0.0296355,0.0296355,0.256441,0.139863,0.001
8,1008,470,46160,0.0296355,0.0296355,0.269911,0.163136,0.001
8,1008,475,46650,0.0296355,0.0296355,0.26386,0.145762,0.001
8,1008,480,47140,0.0296355,0.0296355,0.246449,0.09736,0.001
8,1008,485,47630,0.0296355,0.0296355,0.236808,0.127191,0.001
8,1008,490,48120,0.0296355,0.0296355,0.246782,0.115788,0.001
8,1008,495,48610,0.0296355,0.0296355,0.239309,0.101522,0.001
8,1008,500,49100,0.0296355,0.0296355,0.214306,0.1154,0.001
8,1008,505,49590,0.0296355,0.0296355,0.175483,0.078144,0.001
8,1008,510,50000,0.0296355,0.0296355,0.302552,0.0744664,0.001
9,1009,0,100,121.784,121.784,301.293,292.281,0.001
9,1009,5,590,21.9197,21.9197,84.0479,72.1762,0.001
9,1009,10,1080,6.47599,6.47599,19.2053,16.3925,0.001
9,1009,15,1570,1.82962,1.82962,3.64177,3.3899,0.001
9,1009,20,2060,1.13216,1.13216,1.57056,1.52369,0.001
9,1009,25,2550,0.887019,0.887019,1.11383,1.11058,0.001
9,1009,30,3040,0.814782,0.814782,1.03934,1.029,0.001
9,1009,35,3530,0.756101,0.756101,1.01313,1.01627,0.001
9,1009,40,4020,0.273734,0.273734,0.92898,0.997834,0.001
9,1009,45,4510,0.159378,0.159378,0.50676,0.474841,0.001
9,1009,50,5000,0.0527616,0.0527616,0.30544,0.243939,0.001
9,1009,55,5490,0.0304643,0.0304643,0.336532,0.199535,0.001
9,1009,60,5980,0.0260725,0.0260725,0.243334,0.166927,0.001
9,1009,65,6470,0.0260725,0.0260725,0.277684,0.135928,0.001
9,1009,70,6960,0.0208611,0.0208611,0.220643,0.105269,0.001
9,1009,75,7450,0.0187914,0.0187914,0.224387,0.105041,0.001
9,1009,80,7940,0.0171203,0.0171203,0.217386,0.103316,0.001
9,1009,85,8430,0.015607,0.015607,0.178559,0.0839248,0.001
9,1009,90,8920,0.015511,0.015511,0.197686,0.0795969,0.001
9,1009,95,9410,0.015511,0.015511,0.188051,0.089058,0.001
9,1009,100,9900,0.0155063,0.0155063,0.244347,0.101787,0.001
9,1009,105,10390,0.0155063,0.0155063,0.240863,0.145465,0.001
9,1009,110,10880,0.0155063,0.0155063,0.175161,0.0636026,0.001
9,1009,115,11370,0.0155063,0.0155063,0.206917,0.120268,0.001
9,1009,120,11860,0.0154636,0.0154636,0.216826,0.096176,0.001
9,1009,125,12350,0.0154636,0.0154636,0.165888,0.0830074,0.001
9,1009,130,12840,0.0154636,0.0154636,0.206408,0.0957561,0.001
9,1009,135,13330,0.0154636,0.0154636,0.24534,0.101137,0.001
9,1009,140,13820,0.0154636,0.0154636,0.192059,0.0972427,0.001
9,1009,145,14310,0.0154636,0.0154636,0.216664,0.0821405,0.001
9,1009,150,14800,0.0154636,0.0154636,0.31951,0.0944509,0.001
9,1009,155,15290,0.0153517,0.0153517,0.192852,0.104931,0.001
9,1009,160,15780,0.0153517,0.0153517,0.252163,0.0995686,0.001
9,1009,165,16270,0.0153517,0.0153517,0.177896,0.0975489,0.001
9,1009,170,16760,0.0153517,0.0153517,0.196897,0.0958138,0.001
9,1009,175,17250,0.0153517,0.0153517,0.29473,0.119068,0.001
9,1009,180,17740,0.0153201,0.0153201,0.22994,0.100452,0.001
9,1009,185,18230,0.0153201,0.0153201,0.192307,0.0874627,0.001
9,1009,190,18720,0.0153201,0.0153201,0.210429,0.0784503,0.001
9,1009,195,19210,0.015302,0.015302,0.180006,0.0763215,0.001
9,1009,200,19700,0.015215,0.015215,0.192395,0.0714485,0.001
9,1009,205,20190,0.015215,0.015215,0.236146,0.116914,0.001
9,1009,210,20680,0.015215,0.015215,0.208692,0.0924436,0.001
9,1009,215,21170,0.015215,0.015215,0.194401,0.116544,0.001
9,1009,220,21660,0.015215,0.015215,0.160092,0.0554506,0.001
9,1009,225,22150,0.0151426,0.0151426,0.209737,0.108556,0.001
9,1009,230,22640,0.0150688,0.0150688,0.166963,0.10198,0.001
9,1009,235,23130,0.0150688,0.0150688,0.214834,0.0956972,0.001
9,1009,240,23620,0.0150688,0.0150688,0.172329,0.0942277,0.001
9,1009,245,24110,0.0150688,0.0150688,0.180711,0.0757572,0.001
9,1009,250,24600,0.0150688,0.0150688,0.14594,0.0556743,0.001
9,1009,255,25090,0.0150688,0.0150688,0.231018,0.148627,0.001
9,1009,260,25580,0.0150601,0.0150601,0.260675,0.148026,0.001
9,1009,265,26070,0.0150601,0.0150601,0.202415,0.103052,0.001
9,1009,270,26560,0.0150601,0.0150601,0.186169,0.08073,0.001
9,1009,275,27050,0.0150601,0.0150601,0.204141,0.0792024,0.001
9,1009,280,27540,0.0150601,0.0150601,0.241913,0.0689767,0.001
9,1009,285,28030,0.0150164,0.0150164,0.238223,0.0837174,0.001
9,1009,290,28520,0.0150164,0.0150164,0.187396,0.0847995,0.001
9,1009,295,29010,0.0150164,0.0150164,0.201818,0.0705171,0.001
9,1009,300,29500,0.0150164,0.0150164,0.226732,0.140708,0.001
9,1009,305,29990,0.0150164,0.0150164,0.209318,0.122628,0.001
9,1009,310,30480,0.0150164,0.0150164,0.217607,0.104965,0.001
9,1009,315,30970,0.0150164,0.0150164,0.190689,0.0670955,0.001
9,1009,320,31460,0.0150164,0.0150164,0.169372,0.0782989,0.001
9,1009,325,31950,0.0150164,0.0150164,0.190332,0.124,0.001
9,1009,330,32440,0.0150164,0.0150164,0.230379,0.0907117,0.001
9,1009,335,32930,0.0150164,0.0150164,0.180943,0.0634508,0.001
9,1009,340,33420,0.0149828,0.0149828,0.263443,0.136278,0.001
9,1009,345,33910,0.0149828,0.0149828,0.199426,0.105072,0.001
9,1009,350,34400,0.0149828,0.0149828,0.212795,0.0866652,0.001
9,1009,355,34890,0.0149828,0.0149828,0.20814,0.0889324,0.001
9,1009,360,35380,0.0149828,0.0149828,0.204985,0.125048,0.001
9,1009,365,35870,0.0149719,0.0149719,0.193936,0.082196,0.001
9,1009,370,36360,0.0149719,0.0149719,0.174894,0.0802761,0.001
9,1009,375,36850,0.0149382,0.0149382,0.182406,0.0679849,0.001
9,1009,380,37340,0.0149377,0.0149377,0.20954,0.0990033,0.001
9,1009,385,37830,0.0149137,0.0149137,0.247944,0.118481,0.001
9,1009,390,38320,0.0149137,0.0149137,0.204261,0.0981975,0.001
9,1009,395,38810,0.0149137,0.0149137,0.163402,0.0912664,0.001
9,1009,400,39300,0.0149137,0.0149137,0.231541,0.100279,0.001
9,1009,405,39790,0.0149137,0.0149137,0.215025,0.0972444,0.001
9,1009,410,40280,0.0149137,0.0149137,0.18183,0.103744,0.001
9,1009,415,40770,0.0149137,0.0149137,0.214824,0.0843265,0.001
9,1009,420,41260,0.0149137,0.0149137,0.206771,0.138251,0.001
9,1009,425,41750,0.0149126,0.0149126,0.218483,0.107503,0.001
9,1009,430,42240,0.0149126,0.0149126,0.230198,0.107207,0.001
9,1009,435,42730,0.0149126,0.0149126,0.18209,0.0890763,0.001
9,1009,440,43220,0.0149126,0.0149126,0.208054,0.0652927,0.001
9,1009,445,43710,0.0149126,0.0149126,0.23287,0.0811889,0.001
9,1009,450,44200,0.0149126,0.0149126,0.195658,0.100279,0.001
9,1009,455,44690,0.0149126,0.0149126,0.198314,0.100413,0.001
9,1009,460,45180,0.0149126,0.0149126,0.226415,0.130559,0.001
9,1009,465,45670,0.0149126,0.0149126,0.202124,0.073051,0.001
9,1009,470,46160,0.0149126,0.0149126,0.191312,0.0699361,0.001
9,1009,475,46650,0.0149126,0.0149126,0.214786,0.111693,0.001
9,1009,480,47140,0.0149126,0.0149126,0.228114,0.113616,0.001
9,1009,485,47630,0.0149126,0.0149126,0.186903,0.0717474,0.001
9,1009,490,48120,0.0149126,0.0149126,0.22317,0.0899519,0.001
9,1009,495,48610,0.0149126,0.0149126,0.22155,0.090748,0.001
9,1009,500,49100,0.0149126,0.0149126,0.197834,0.0687002,0.001
9,1009,505,49590,0.0149126,0.0149126,0.172908,0.0597682,0.001
9,1009,510,50000,0.0149126,0.0149126,0.23494,0.124733,0.001
10,1010,0,100,116.55,116.55,303.127,301.111,0.001
10,1010,5,590,8.46525,8.46525,49.4247,46.1203,0.001
10,1010,10,1080,3.11533,3.11533,6.99558,6.73219,0.001
10,1010,15,1570,1.27953,1.27953,2.25321,2.253,0.001
10,1010,20,2060,1.03957,1.03957,1.23576,1.21986,0.001
10,1010,25,2550,0.966866,0.966866,1.03745,1.03397,0.001
10,1010,30,3040,0.844393,0.844393,0.987958,1.00313,0.001
10,1010,35,3530,0.505597,0.505597,0.837261,0.840992,0.001
10,1010,40,4020,0.214099,0.214099,0.508978,0.456782,0.001
10,1010,45,4510,0.0743476,0.0743476,0.354812,0.279465,0.001
10,1010,50,5000,0.0174547,0.0174547,0.223946,0.146156,0.001
10,1010,55,5490,0.00748835,0.00748835,0.189524,0.0861581,0.001
10,1010,60,5980,0.00632987,0.00632987,0.213299,0.0969563,0.001
10,1010,65,6470,0.00496402,0.00496402,0.222917,0.0867152,0.001
10,1010,70,6960,0.00416275,0.00416275,0.215256,0.0948255,0.001
10,1010,75,7450,0.0020844,0.0020844,0.196727,0.0798957,0.001
10,1010,80,7940,0.00136253,0.00136253,0.193995,0.0868804,0.001
10,1010,85,8430,0.00136253,0.00136253,0.202685,0.0797476,0.001
10,1010,90,8920,0.00104119,0.00104119,0.182314,0.0859143,0.001
10,1010,95,9410,0.000667406,0.000667406,0.202773,0.0848699,0.001
10,1010,100,9900,0.000667406,0.000667406,0.259294,0.143142,0.001
10,1010,105,10390,0.000642854,0.000642854,0.194458,0.0816656,0.001
10,1010,110,10880,0.000622564,0.000622564,0.193561,0.0785341,0.001
10,1010,115,11370,0.000622564,0.000622564,0.225997,0.0999626,0.001
10,1010,120,11860,0.000622564,0.000622564,0.220281,0.05223,0.001
10,1010,125,12350,0.000622564,0.000622564,0.18744,0.100933,0.001
10,1010,130,12840,0.000622564,0.000622564,0.211985,0.105259,0.001
10,1010,135,13330,0.000622564,0.000622564,0.207489,0.0669149,0.001
10,1010,140,13820,0.000622564,0.000622564,0.210288,0.0788433,0.001
10,1010,145,14310,0.000622564,0.000622564,0.186706,0.0710914,0.001
10,1010,150,14800,0.000622564,0.000622564,0.224081,0.113664,0.001
10,1010,155,15290,0.000622564,0.000622564,0.166053,0.0457785,0.001
10,1010,160,15780,0.000622564,0.000622564,0.211244,0.0747593,0.001
10,1010,165,16270,0.000511735,0.000511735,0.232422,0.0784936,0.001
10,1010,170,16760,0.000511735,0.000511735,0.235675,0.112752,0.001
10,1010,175,17250,0.000511735,0.000511735,0.25351,0.129446,0.001
10,1010,180,17740,0.000511735,0.000511735,0.206394,0.109986,0.001
10,1010,185,18230,0.000511735,0.000511735,0.167662,0.0543704,0.001
10,1010,190,18720,0.000511735,0.000511735,0.174858,0.0446471,0.001
10,1010,195,19210,0.000511735,0.000511735,0.20296,0.0533106,0.001
10,1010,200,19700,0.000465839,0.000465839,0.157986,0.0664203,0.001
10,1010,205,20190,0.000465839,0.000465839,0.202743,0.0404839,0.001
10,1010,210,20680,0.000350459,0.000350459,0.188709,0.0396619,0.001
10,1010,215,21170,0.000350459,0.000350459,0.212974,0.0862087,0.001
10,1010,220,21660,0.000350459,0.000350459,0.157113,0.0734521,0.001
10,1010,225,22150,0.000350459,0.000350459,0.154802,0.0801669,0.001
10,1010,230,22640,0.000350459,0.000350459,0.199909,0.0757711,0.001
10,1010,235,23130,0.000350459,0.000350459,0.162359,0.0567776,0.001
10,1010,240,23620,0.000350459,0.000350459,0.204154,0.0658751,0.001
10,1010,245,24110,0.000350459,0.000350459,0.13828,0.0627287,0.001
10,1010,250,24600,0.000137969,0.000137969,0.213826,0.0932531,0.001
10,1010,255,25090,0.000137969,0.000137969,0.232591,0.0813144,0.001
10,1010,260,25580,0.000137969,0.000137969,0.168534,0.0634929,0.001
10,1010,265,26070,0.000137969,0.000137969,0.181172,0.083353,0.001
10,1010,270,26560,0.000137969,0.000137969,0.189874,0.0647579,0.001
10,1010,275,27050,0.000137969,0.000137969,0.205191,0.0739703,0.001
10,1010,280,27540,0.000137969,0.000137969,0.232403,0.118847,0.001
10,1010,285,28030,0.000137969,0.000137969,0.179476,0.101649,0.001
10,1010,290,28520,0.000137969,0.000137969,0.225564,0.0610546,0.001
10,1010,295,29010,0.000137969,0.000137969,0.17241,0.0960225,0.001
10,1010,300,29500,0.000137969,0.000137969,0.21603,0.0967392,0.001
10,1010,305,29990,0.000137969,0.000137969,0.215685,0.067613,0.001
10,1010,310,30480,0.000137969,0.000137969,0.140723,0.0588345,0.001
10,1010,315,30970,0.000137969,0.000137969,0.147295,0.0558673,0.001
10,1010,320,31460,0.000137969,0.000137969,0.206012,0.109149,0.001
10,1010,325,31950,0.000129726,0.000129726,0.202206,0.075357,0.001
10,1010,330,32440,0.000129726,0.000129726,0.194983,0.0514683,0.001
10,1010,335,32930,0.000129726,0.000129726,0.186442,0.0809226,0.001
10,1010,340,33420,0.000129726,0.000129726,0.187376,0.0678714,0.001
10,1010,345,33910,0.000129726,0.000129726,0.199069,0.075784,0.001
10,1010,350,34400,0.000129726,0.000129726,0.172781,0.0598337,0.001
10,1010,355,34890,0.000129726,0.000129726,0.177087,0.0975195,0.001
10,1010,360,35380,0.000129726,0.000129726,0.196462,0.0615791,0.001
10,1010,365,35870,0.000129726,0.000129726,0.154983,0.0495883,0.001
10,1010,370,36360,0.000129726,0.000129726,0.203362,0.0706682,0.001
10,1010,375,36850,0.000129726,0.000129726,0.169476,0.0956535,0.001
10,1010,380,37340,0.000129726,0.000129726,0.189411,0.0479034,0.001
10,1010,385,37830,0.000129726,0.000129726,0.1639,0.0660222,0.001
10,1010,390,38320,8.64361e-05,8.64361e-05,0.215422,0.102763,0.001
10,1010,395,38810,8.64361e-05,8.64361e-05,0.150783,0.0559895,0.001
10,1010,400,39300,8.64361e-05,8.64361e-05,0.214817,0.0846911,0.001
10,1010,405,39790,8.64361e-05,8.64361e-05,0.225427,0.105136,0.001
10,1010,410,40280,8.64361e-05,8.64361e-05,0.151611,0.0451758,0.001
10,1010,415,40770,8.64361e-05,8.64361e-05,0.186222,0.0886739,0.001
10,1010,420,41260,8.64361e-05,8.64361e-05,0.115411,0.0465852,0.001
10,1010,425,41750,8.64361e-05,8.64361e-05,0.208177,0.112695,0.001
10,1010,430,42240,8.64361e-05,8.64361e-05,0.198806,0.0627186,0.001
10,1010,435,42730,8.64361e-05,8.64361e-05,0.229858,0.102618,0.001
10,1010,440,43220,8.64361e-05,8.64361e-05,0.22277,0.066388,0.001
10,1010,445,43710,7.8508e-05,7.8508e-05,0.259434,0.133716,0.001
10,1010,450,44200,7.8508e-05,7.8508e-05,0.24971,0.122681,0.001
10,1010,455,44690,7.8508e-05,7.8508e-05,0.210997,0.0792002,0.001
10,1010,460,45180,7.8508e-05,7.8508e-05,0.139781,0.0621565,0.001
10,1010,465,45670,7.8508e-05,7.8508e-05,0.149661,0.0619391,0.001
10,1010,470,46160,7.8508e-05,7.8508e-05,0.187055,0.0852308,0.001
10,1010,475,46650,4.52452e-05,4.52452e-05,0.213351,0.0761233,0.001
10,1010,480,47140,4.52452e-05,4.52452e-05,0.206169,0.0758766,0.001
10,1010,485,47630,4.52452e-05,4.52452e-05,0.210631,0.120092,0.001
10,1010,490,48120,4.52452e-05,4.52452e-05,0.180593,0.0700832,0.001
10,1010,495,48610,4.52452e-05,4.52452e-05,0.171795,0.063197,0.001
10,1010,500,49100,4.52452e-05,4.52452e-05,0.172843,0.0592334,0.001
10,1010,505,49590,4.52452e-05,4.52452e-05,0.173474,0.0643688,0.001
10,1010,510,50000,4.52452e-05,4.52452e-05,0.239413,0.0736107,0.001
11,1011,0,100,115.384,115.384,290.399,296.728,0.001
11,1011,5,590,6.99426,6.99426,41.3788,37.9734,0.001
11,1011,10,1080,1.93996,1.93996,6.2114,5.27599,0.001
11,1011,15,1570,1.08322,1.08322,1.64929,1.59232,0.001
11,1011,20,2060,0.922523,0.922523,1.09346,1.08249,0.001
11,1011,25,2550,0.768518,0.768518,1.02304,1.02614,0.001
11,1011,30,3040,0.663154,0.663154,0.995208,1.01355,0.001
11,1011,35,3530,0.224273,0.224273,0.851884,0.91889,0.001
11,1011,40,4020,0.184953,0.184953,0.893055,0.95482,0.001
11,1011,45,4510,0.109891,0.109891,0.497789,0.443918,0.001
11,1011,50,5000,0.0363797,0.0363797,0.250688,0.199823,0.001
11,1011,55,5490,0.0236276,0.0236276,0.220974,0.150124,0.001
11,1011,60,5980,0.0172192,0.0172192,0.206754,0.105712,0.001
11,1011,65,6470,0.0157709,0.0157709,0.226128,0.123063,0.001
11,1011,70,6960,0.0157709,0.0157709,0.202279,0.0997184,0.001
11,1011,75,7450,0.0145857,0.0145857,0.152317,0.0707888,0.001
11,1011,80,7940,0.0145857,0.0145857,0.193192,0.0859669,0.001
11,1011,85,8430,0.0142831,0.0142831,0.198587,0.0882768,0.001
11,1011,90,8920,0.0138405,0.0138405,0.242686,0.0886833,0.001
11,1011,95,9410,0.0138405,0.0138405,0.238467,0.0866742,0.001
11,1011,100,9900,0.0138405,0.0138405,0.138252,0.0692618,0.001
11,1011,105,10390,0.0133193,0.0133193,0.188517,0.0737368,0.001
11,1011,110,10880,0.0130566,0.0130566,0.262985,0.111223,0.001
11,1011,115,11370,0.0130566,0.0130566,0.168725,0.0949356,0.001
11,1011,120,11860,0.0130566,0.0130566,0.183414,0.0938837,0.001
11,1011,125,12350,0.0130566,0.0130566,0.250473,0.138163,0.001
11,1011,130,12840,0.0129755,0.0129755,0.226659,0.123311,0.001
11,1011,135,13330,0.0129755,0.0129755,0.225548,0.0793482,0.001
11,1011,140,13820,0.0129755,0.0129755,0.221582,0.0801942,0.001
11,1011,145,14310,0.0129755,0.0129755,0.182101,0.0807677,0.001
11,1011,150,14800,0.0129755,0.0129755,0.2153,0.0918896,0.001
11,1011,155,15290,0.0129755,0.0129755,0.146084,0.0591618,0.001
11,1011,160,15780,0.0129755,0.0129755,0.183694,0.083722,0.001
11,1011,165,16270,0.0129755,0.0129755,0.240683,0.0990806,0.001
11,1011,170,16760,0.0129114,0.0129114,0.229309,0.0976728,0.001
11,1011,175,17250,0.0128731,0.0128731,0.184405,0.059245,0.001
11,1011,180,17740,0.0128731,0.0128731,0.214591,0.113365,0.001
11,1011,185,18230,0.0128731,0.0128731,0.241109,0.103956,0.001
11,1011,190,18720,0.0128731,0.0128731,0.187804,0.0700629,0.001
11,1011,195,19210,0.0128723,0.0128723,0.214474,0.0840024,0.001
11,1011,200,19700,0.0128723,0.0128723,0.23204,0.0824347,0.001
11,1011,205,20190,0.0127356,0.0127356,0.154359,0.0698821,0.001
11,1011,210,20680,0.0125576,0.0125576,0.17761,0.0756747,0.001
11,1011,215,21170,0.0125576,0.0125576,0.173945,0.0794772,0.001
11,1011,220,21660,0.0125576,0.0125576,0.190287,0.0607763,0.001
11,1011,225,22150,0.0125576,0.0125576,0.223748,0.107202,0.001
11,1011,230,22640,0.0125576,0.0125576,0.167854,0.0606807,0.001
11,1011,235,23130,0.0125576,0.0125576,0.188748,0.0809584,0.001
11,1011,240,23620,0.0125576,0.0125576,0.172087,0.0750321,0.001
11,1011,245,24110,0.0125011,0.0125011,0.196899,0.0864069,0.001
11,1011,250,24600,0.0125011,0.0125011,0.209013,0.0809966,0.001
11,1011,255,25090,0.0124289,0.0124289,0.257852,0.101587,0.001
11,1011,260,25580,0.0124289,0.0124289,0.230933,0.0836507,0.001
11,1011,265,26070,0.0124289,0.0124289,0.23051,0.079627,0.001
11,1011,270,26560,0.0124289,0.0124289,0.219264,0.120892,0.001
11,1011,275,27050,0.0124289,0.0124289,0.222938,0.125403,0.001
11,1011,280,27540,0.0124075,0.0124075,0.196816,0.0624336,0.001
11,1011,285,28030,0.0124075,0.0124075,0.246921,0.16573,0.001
11,1011,290,28520,0.0124075,0.0124075,0.183796,0.0896388,0.001
11,1011,295,29010,0.0124,0.0124,0.17358,0.0961418,0.001
11,1011,300,29500,0.0124,0.0124,0.202631,0.102088,0.001
11,1011,305,29990,0.0124,0.0124,0.174806,0.0751916,0.001
11,1011,310,30480,0.0124,0.0124,0.177293,0.0922579,0.001
11,1011,315,30970,0.0124,0.0124,0.230973,0.102091,0.001
11,1011,320,31460,0.0124,0.0124,0.222962,0.0978615,0.001
11,1011,325,31950,0.0124,0.0124,0.197765,0.0920885,0.001
11,1011,330,32440,0.0124,0.0124,0.187416,0.0914077,0.001
11,1011,335,32930,0.0124,0.0124,0.230187,0.102934,0.001
11,1011,340,33420,0.0124,0.0124,0.22833,0.127034,0.001
11,1011,345,33910,0.0124,0.0124,0.145371,0.0552426,0.001
11,1011,350,34400,0.0124,0.0124,0.213924,0.0899159,0.001
11,1011,355,34890,0.0124,0.0124,0.209462,0.0934098,0.001
11,1011,360,35380,0.0124,0.0124,0.182868,0.0841484,0.001
11,1011,365,35870,0.0124,0.0124,0.23942,0.104724,0.001
11,1011,370,36360,0.0124,0.0124,0.191024,0.0931751,0.001
11,1011,375,36850,0.0124,0.0124,0.245085,0.116193,0.001
11,1011,380,37340,0.0123711,0.0123711,0.19424,0.0584969,0.001
11,1011,385,37830,0.0123711,0.0123711,0.176777,0.0705201,0.001
11,1011,390,38320,0.0123711,0.0123711,0.152728,0.0775293,0.001
11,1011,395,38810,0.0123711,0.0123711,0.213,0.0651949,0.001
11,1011,400,39300,0.0123711,0.0123711,0.243286,0.118561,0.001
11,1011,405,39790,0.0123711,0.0123711,0.246087,0.157613,0.001
11,1011,410,40280,0.0123711,0.0123711,0.250107,0.145844,0.001
11,1011,415,40770,0.0123711,0.0123711,0.207542,0.108305,0.001
11,1011,420,41260,0.0123711,0.0123711,0.220901,0.106871,0.001
11,1011,425,41750,0.0123711,0.0123711,0.246206,0.10362,0.001
11,1011,430,42240,0.0123711,0.0123711,0.245395,0.106669,0.001
11,1011,435,42730,0.0123711,0.0123711,0.220984,0.114491,0.001
11,1011,440,43220,0.0123711,0.0123711,0.214778,0.092623,0.001
11,1011,445,43710,0.0123711,0.0123711,0.175225,0.078797,0.001
11,1011,450,44200,0.0123711,0.0123711,0.225955,0.0907843,0.001
11,1011,455,44690,0.0123711,0.0123711,0.231267,0.115061,0.001
11,1011,460,45180,0.0123711,0.0123711,0.204696,0.0769403,0.001
11,1011,465,45670,0.0123711,0.0123711,0.213559,0.0909025,0.001
11,1011,470,46160,0.0123711,0.0123711,0.24407,0.140695,0.001
11,1011,475,46650,0.0123711,0.0123711,0.222248,0.114275,0.001
11,1011,480,47140,0.0123711,0.0123711,0.177729,0.0849283,0.001
11,1011,485,47630,0.0123711,0.0123711,0.136549,0.0446677,0.001
11,1011,490,48120,0.0123711,0.0123711,0.188068,0.0745213,0.001
11,1011,495,48610,0.0123711,0.0123711,0.234021,0.133389,0.001
11,1011,500,49100,0.0123711,0.0123711,0.251168,0.10946,0.001
11,1011,505,49590,0.0123711,0.0123711,0.250889,0.141526,0.001
11,1011,510,50000,0.0123711,0.0123711,0.213727,0.120469,0.001
12,1012,0,100,156.439,156.439,301.49,293.989,0.001
12,1012,5,590,18.2371,18.2371,70.1696,66.0625,0.001
12,1012,10,1080,2.18051,2.18051,9.25264,8.12012,0.001
12,1012,15,1570,1.05494,1.05494,2.16014,1.97882,0.001
12,1012,20,2060,1.05467,1.05467,1.27164,1.2513,0.001
12,1012,25,2550,0.773707,0.773707,1.0757,1.07522,0.001
12,1012,30,3040,0.773654,0.773654,1.05126,1.04989,0.001
12,1012,35,3530,0.674594,0.674594,1.01491,1.02091,0.001
12,1012,40,4020,0.416976,0.416976,0.85652,0.890885,0.001
12,1012,45,4510,0.115798,0.115798,0.451711,0.444425,0.001
12,1012,50,5000,0.0607779,0.0607779,0.334353,0.236722,0.001
12,1012,55,5490,0.0448358,0.0448358,0.231413,0.155179,0.001
12,1012,60,5980,0.0272059,0.0272059,0.211363,0.122589,0.001
12,1012,65,6470,0.01268,0.01268,0.200064,0.127883,0.001
12,1012,70,6960,0.01268,0.01268,0.242145,0.120259,0.001
12,1012,75,7450,0.0113937,0.0113937,0.227272,0.0873197,0.001
12,1012,80,7940,0.0108892,0.0108892,0.211735,0.117126,0.001
12,1012,85,8430,0.00882131,0.00882131,0.2444,0.0750251,0.001
12,1012,90,8920,0.00804366,0.00804366,0.189242,0.0951317,0.001
12,1012,95,9410,0.00790848,0.00790848,0.191889,0.113385,0.001
12,1012,100,9900,0.00790848,0.00790848,0.183221,0.0691835,0.001
12,1012,105,10390,0.00790848,0.00790848,0.217166,0.154262,0.001
12,1012,110,10880,0.00790848,0.00790848,0.203878,0.103998,0.001
12,1012,115,11370,0.00790848,0.00790848,0.250863,0.109663,0.001
12,1012,120,11860,0.00790848,0.00790848,0.171669,0.0651186,0.001
12,1012,125,12350,0.00790848,0.00790848,0.199768,0.0992122,0.001
12,1012,130,12840,0.00790848,0.00790848,0.227963,0.102237,0.001
12,1012,135,13330,0.00790848,0.00790848,0.210988,0.0888455,0.001
12,1012,140,13820,0.00790848,0.00790848,0.223039,0.0904597,0.001
12,1012,145,14310,0.00779661,0.00779661,0.203775,0.09288,0.001
12,1012,150,14800,0.00772441,0.00772441,0.243421,0.141824,0.001
12,1012,155,15290,0.00766951,0.00766951,0.146522,0.0573242,0.001
12,1012,160,15780,0.00766951,0.00766951,0.229176,0.113769,0.001
12,1012,165,16270,0.00766951,0.00766951,0.213053,0.0976634,0.001
12,1012,170,16760,0.00766951,0.00766951,0.247466,0.178927,0.001
12,1012,175,17250,0.00766951,0.00766951,0.190409,0.0747827,0.001
12,1012,180,17740,0.00766951,0.00766951,0.24562,0.0977408,0.001
12,1012,185,18230,0.00766951,0.00766951,0.195354,0.07363,0.001
12,1012,190,18720,0.00766951,0.00766951,0.217502,0.107532,0.001
12,1012,195,19210,0.00766951,0.00766951,0.127151,0.0688779,0.001
12,1012,200,19700,0.00765466,0.00765466,0.217444,0.0730859,0.001
12,1012,205,20190,0.00765466,0.00765466,0.186067,0.0680888,0.001
12,1012,210,20680,0.00760793,0.00760793,0.223461,0.0651229,0.001
12,1012,215,21170,0.00760793,0.00760793,0.165865,0.0557205,0.001
12,1012,220,21660,0.00753978,0.00753978,0.271685,0.0759758,0.001
12,1012,225,22150,0.00753781,0.00753781,0.190724,0.085643,0.001
12,1012,230,22640,0.0075296,0.0075296,0.219959,0.0897503,0.001
12,1012,235,23130,0.0075296,0.0075296,0.23221,0.0849861,0.001
12,1012,240,23620,0.0075296,0.0075296,0.209435,0.119251,0.001
12,1012,245,24110,0.0075296,0.0075296,0.159559,0.0539129,0.001
12,1012,250,24600,0.0075296,0.0075296,0.158491,0.102544,0.001
12,1012,255,25090,0.0075296,0.0075296,0.218959,0.0889788,0.001
12,1012,260,25580,0.0075296,0.0075296,0.230198,0.11134,0.001
12,1012,265,26070,0.00751371,0.00751371,0.259632,0.094647,0.001
12,1012,270,26560,0.00751371,0.00751371,0.211691,0.0847266,0.001
12,1012,275,27050,0.00751371,0.00751371,0.190151,0.110562,0.001
12,1012,280,27540,0.00751371,0.00751371,0.266361,0.143773,0.001
12,1012,285,28030,0.00751371,0.00751371,0.218489,0.133998,0.001
12,1012,290,28520,0.00751371,0.00751371,0.248693,0.0926489,0.001
12,1012,295,29010,0.00751371,0.00751371,0.256199,0.109922,0.001
12,1012,300,29500,0.00751371,0.00751371,0.233813,0.131128,0.001
12,1012,305,29990,0.00751371,0.00751371,0.204592,0.0830022,0.001
12,1012,310,30480,0.00751371,0.00751371,0.228766,0.0855701,0.001
12,1012,315,30970,0.00751371,0.00751371,0.214675,0.111913,0.001
12,1012,320,31460,0.00751371,0.00751371,0.20211,0.0824207,0.001
12,1012,325,31950,0.00751371,0.00751371,0.178862,0.111369,0.001
12,1012,330,32440,0.00751371,0.00751371,0.229053,0.0831532,0.001
12,1012,335,32930,0.00751371,0.00751371,0.174669,0.0928112,0.001
12,1012,340,33420,0.00751371,0.00751371,0.177674,0.073658,0.001
12,1012,345,33910,0.00751371,0.00751371,0.193976,0.0875794,0.001
12,1012,350,34400,0.00751371,0.00751371,0.17466,0.0713918,0.001
12,1012,355,34890,0.00751371,0.00751371,0.215545,0.11252,0.001
12,1012,360,35380,0.00751371,0.00751371,0.154175,0.0645907,0.001
12,1012,365,35870,0.00751371,0.00751371,0.197054,0.0863158,0.001
12,1012,370,36360,0.00751371,0.00751371,0.22371,0.103419,0.001
12,1012,375,36850,0.00751371,0.00751371,0.23233,0.122249,0.001
12,1012,380,37340,0.00751371,0.00751371,0.172994,0.04416,0.001
12,1012,385,37830,0.00751371,0.00751371,0.187856,0.0764104,0.001
12,1012,390,38320,0.00751371,0.00751371,0.156641,0.051849,0.001
12,1012,395,38810,0.00751371,0.00751371,0.16127,0.0296899,0.001
12,1012,400,39300,0.00751371,0.00751371,0.233686,0.0936492,0.001
12,1012,405,39790,0.00751371,0.00751371,0.182806,0.0687289,0.001
12,1012,410,40280,0.00751371,0.00751371,0.273935,0.133221,0.001
12,1012,415,40770,0.00751371,0.00751371,0.164015,0.0744314,0.001
12,1012,420,41260,0.00751371,0.00751371,0.1922,0.0529887,0.001
12,1012,425,41750,0.00751371,0.00751371,0.205723,0.0957364,0.001
12,1012,430,42240,0.00751371,0.00751371,0.14127,0.0662522,0.001
12,1012,435,42730,0.00751371,0.00751371,0.151633,0.0631179,0.001
12,1012,440,43220,0.00751371,0.00751371,0.217476,0.0982094,0.001
12,1012,445,43710,0.00751371,0.00751371,0.195468,0.0633774,0.001
12,1012,450,44200,0.00751371,0.00751371,0.195293,0.0646256,0.001
12,1012,455,44690,0.00751371,0.00751371,0.217451,0.101298,0.001
12,1012,460,45180,0.00751371,0.00751371,0.183817,0.074186,0.001
12,1012,465,45670,0.00751371,0.00751371,0.253186,0.116401,0.001
12,1012,470,46160,0.00751371,0.00751371,0.182282,0.119781,0.001
12,1012,475,46650,0.00751371,0.00751371,0.265531,0.107361,0.001
12,1012,480,47140,0.00751371,0.00751371,0.237942,0.101467,0.001
12,1012,485,47630,0.00751371,0.00751371,0.190743,0.0754025,0.001
12,1012,490,48120,0.00751371,0.00751371,0.267819,0.143323,0.001
12,1012,495,48610,0.00750262,0.00750262,0.240143,0.109695,0.001
12,1012,500,49100,0.00750262,0.00750262,0.237381,0.114181,0.001
12,1012,505,49590,0.00750262,0.00750262,0.187264,0.0757254,0.001
12,1012,510,50000,0.00750262,0.00750262,0.0825743,0.0267868,0.001
13,1013,0,100,134.402,134.402,306.098,308.206,0.001
13,1013,5,590,26.9632,26.9632,79.7172,69.527,0.001
13,1013,10,1080,3.43513,3.43513,12.5645,10.8431,0.001
13,1013,15,1570,1.64836,1.64836,2.98582,2.82065,0.001
13,1013,20,2060,1.10351,1.10351,1.37279,1.35239,0.001
13,1013,25,2550,0.973595,0.973595,1.09209,1.08668,0.001
13,1013,30,3040,0.552721,0.552721,1.05216,1.0505,0.001
13,1013,35,3530,0.461375,0.461375,0.998923,1.02587,0.001
13,1013,40,4020,0.461375,0.461375,1.01392,1.0258,0.001
13,1013,45,4510,0.406349,0.406349,1.00496,1.02238,0.001
13,1013,50,5000,0.365659,0.365659,0.920617,1.01342,0.001
13,1013,55,5490,0.132421,0.132421,0.654601,0.671028,0.001
13,1013,60,5980,0.08906,0.08906,0.350754,0.238164,0.001
13,1013,65,6470,0.061534,0.061534,0.279162,0.161894,0.001
13,1013,70,6960,0.0579121,0.0579121,0.304146,0.194568,0.001
13,1013,75,7450,0.0517942,0.0517942,0.237901,0.131772,0.001
13,1013,80,7940,0.0488375,0.0488375,0.218114,0.127679,0.001
13,1013,85,8430,0.0469651,0.0469651,0.232849,0.11852,0.001
13,1013,90,8920,0.0447199,0.0447199,0.260903,0.134703,0.001
13,1013,95,9410,0.0444107,0.0444107,0.223676,0.0970182,0.001
13,1013,100,9900,0.0440605,0.0440605,0.227563,0.115495,0.001
13,1013,105,10390,0.0440605,0.0440605,0.229381,0.112243,0.001
13,1013,110,10880,0.0440605,0.0440605,0.285914,0.12897,0.001
13,1013,115,11370,0.0440605,0.0440605,0.220084,0.121225,0.001
13,1013,120,11860,0.0430193,0.0430193,0.221472,0.101033,0.001
13,1013,125,12350,0.0428479,0.0428479,0.250229,0.0829541,0.001
13,1013,130,12840,0.0428479,0.0428479,0.247404,0.124441,0.001
13,1013,135,13330,0.0428389,0.0428389,0.23529,0.101898,0.001
13,1013,140,13820,0.0428389,0.0428389,0.254185,0.122145,0.001
13,1013,145,14310,0.0428389,0.0428389,0.250797,0.117015,0.001
13,1013,150,14800,0.0427275,0.0427275,0.242124,0.12909,0.001
13,1013,155,15290,0.0426776,0.0426776,0.285698,0.184443,0.001
13,1013,160,15780,0.0425957,0.0425957,0.22705,0.149727,0.001
13,1013,165,16270,0.042482,0.042482,0.246901,0.14557,0.001
13,1013,170,16760,0.042482,0.042482,0.246396,0.133478,0.001
13,1013,175,17250,0.0422952,0.0422952,0.24706,0.128073,0.001
13,1013,180,17740,0.0422952,0.0422952,0.192471,0.0985948,0.001
13,1013,185,18230,0.0422952,0.0422952,0.21229,0.0967081,0.001
13,1013,190,18720,0.0422952,0.0422952,0.214361,0.122204,0.001
13,1013,195,19210,0.0422952,0.0422952,0.248233,0.122646,0.001
13,1013,200,19700,0.0422952,0.0422952,0.20992,0.110088,0.001
13,1013,205,20190,0.0422952,0.0422952,0.252076,0.143141,0.001
13,1013,210,20680,0.0422952,0.0422952,0.258329,0.148349,0.001
13,1013,215,21170,0.0422952,0.0422952,0.232139,0.100223,0.001
13,1013,220,21660,0.0422952,0.0422952,0.259316,0.130793,0.001
13,1013,225,22150,0.0422952,0.0422952,0.228541,0.128792,0.001
13,1013,230,22640,0.0421043,0.0421043,0.255218,0.0984972,0.001
13,1013,235,23130,0.0421043,0.0421043,0.288865,0.187644,0.001
13,1013,240,23620,0.0421043,0.0421043,0.228132,0.141984,0.001
13,1013,245,24110,0.0421024,0.0421024,0.255377,0.120643,0.001
13,1013,250,24600,0.0421024,0.0421024,0.182134,0.0969749,0.001
13,1013,255,25090,0.0421024,0.0421024,0.258895,0.137259,0.001
13,1013,260,25580,0.0421024,0.0421024,0.246419,0.114463,0.001
13,1013,265,26070,0.0421024,0.0421024,0.279914,0.148403,0.001
13,1013,270,26560,0.0421024,0.0421024,0.175256,0.0874348,0.001
13,1013,275,27050,0.0421024,0.0421024,0.198117,0.104168,0.001
13,1013,280,27540,0.0420417,0.0420417,0.186796,0.0759307,0.001
13,1013,285,28030,0.0420417,0.0420417,0.197288,0.114154,0.001
13,1013,290,28520,0.0420417,0.0420417,0.220519,0.0960515,0.001
13,1013,295,29010,0.0420237,0.0420237,0.205137,0.113503,0.001
13,1013,300,29500,0.0420237,0.0420237,0.240859,0.138137,0.001
13,1013,305,29990,0.0420237,0.0420237,0.174035,0.09162,0.001
13,1013,310,30480,0.0420237,0.0420237,0.26001,0.119809,0.001
13,1013,315,30970,0.0420237,0.0420237,0.24047,0.123012,0.001
13,1013,320,31460,0.0420237,0.0420237,0.26148,0.115753,0.001
13,1013,325,31950,0.0420237,0.0420237,0.232328,0.13157,0.001
13,1013,330,32440,0.0420193,0.0420193,0.271595,0.10269,0.001
13,1013,335,32930,0.041994,0.041994,0.267525,0.128458,0.001
13,1013,340,33420,0.041994,0.041994,0.222673,0.0849658,0.001
13,1013,345,33910,0.041994,0.041994,0.250286,0.154662,0.001
13,1013,350,34400,0.041994,0.041994,0.254806,0.106433,0.001
13,1013,355,34890,0.041994,0.041994,0.220313,0.127338,0.001
13,1013,360,35380,0.041994,0.041994,0.221142,0.121969,0.001
13,1013,365,35870,0.041994,0.041994,0.213491,0.0954471,0.001
13,1013,370,36360,0.041994,0.041994,0.238859,0.135541,0.001
13,1013,375,36850,0.041994,0.041994,0.263495,0.112646,0.001
13,1013,380,37340,0.041994,0.041994,0.228405,0.137614,0.001
13,1013,385,37830,0.041994,0.041994,0.216135,0.110328,0.001
13,1013,390,38320,0.041994,0.041994,0.298065,0.15551,0.001
13,1013,395,38810,0.0419928,0.0419928,0.246562,0.126671,0.001
13,1013,400,39300,0.0419928,0.0419928,0.239155,0.113763,0.001
13,1013,405,39790,0.0419928,0.0419928,0.237497,0.13523,0.001
13,1013,410,40280,0.0419928,0.0419928,0.250812,0.158325,0.001
13,1013,415,40770,0.0419928,0.0419928,0.27066,0.134137,0.001
13,1013,420,41260,0.0419928,0.0419928,0.277872,0.156035,0.001
13,1013,425,41750,0.0419928,0.0419928,0.225064,0.108129,0.001
13,1013,430,42240,0.0419928,0.0419928,0.215135,0.0993337,0.001
13,1013,435,42730,0.0419928,0.0419928,0.242614,0.108911,0.001
13,1013,440,43220,0.0419863,0.0419863,0.226655,0.11454,0.001
13,1013,445,43710,0.0419828,0.0419828,0.249348,0.125614,0.001
13,1013,450,44200,0.0419828,0.0419828,0.276603,0.169944,0.001
13,1013,455,44690,0.0419693,0.0419693,0.273724,0.123592,0.001
13,1013,460,45180,0.0419693,0.0419693,0.235514,0.126036,0.001
13,1013,465,45670,0.0419693,0.0419693,0.262843,0.137275,0.001
13,1013,470,46160,0.0419693,0.0419693,0.25587,0.112275,0.001
13,1013,475,46650,0.0419693,0.0419693,0.196826,0.102972,0.001
13,1013,480,47140,0.0419693,0.0419693,0.243896,0.102147,0.001
13,1013,485,47630,0.0419693,0.0419693,0.210179,0.108398,0.001
13,1013,490,48120,0.0419693,0.0419693,0.203145,0.130418,0.001
13,1013,495,48610,0.0419693,0.0419693,0.225792,0.1168,0.001
13,1013,500,49100,0.0419693,0.0419693,0.218431,0.115178,0.001
13,1013,505,49590,0.0419693,0.0419693,0.263534,0.122775,0.001
13,1013,510,50000,0.0419658,0.0419658,0.226774,0.152899,0.001
14,1014,0,100,73.2356,73.2356,295.156,295.8,0.001
14,1014,5,590,35.7291,35.7291,85.4634,79.8109,0.001
14,1014,10,1080,6.29588,6.29588,16.4295,15.1613,0.001
14,1014,15,1570,2.61033,2.61033,4.47193,4.43101,0.001
14,1014,20,2060,1.27616,1.27616,1.82858,1.73531,0.001
14,1014,25,2550,1.0336,1.0336,1.16639,1.1557,0.001
14,1014,30,3040,0.769021,0.769021,1.05422,1.05893,0.001
14,1014,35,3530,0.630746,0.630746,1.01937,1.03342,0.001
14,1014,40,4020,0.483108,0.483108,1.00441,1.02263,0.001
14,1014,45,4510,0.387104,0.387104,1.01159,1.01595,0.001
14,1014,50,5000,0.280573,0.280573,0.920813,1.00673,0.001
14,1014,55,5490,0.153669,0.153669,0.523661,0.486182,0.001
14,1014,60,5980,0.0549569,0.0549569,0.330199,0.243847,0.001
14,1014,65,6470,0.0440566,0.0440566,0.299315,0.171484,0.001
14,1014,70,6960,0.0337638,0.0337638,0.261564,0.121078,0.001
14,1014,75,7450,0.0277369,0.0277369,0.199668,0.0800917,0.001
14,1014,80,7940,0.0245175,0.0245175,0.230945,0.0995692,0.001
14,1014,85,8430,0.0234738,0.0234738,0.230679,0.116627,0.001
14,1014,90,8920,0.0234738,0.0234738,0.224293,0.0901167,0.001
14,1014,95,9410,0.022702,0.022702,0.248455,0.127391,0.001
14,1014,100,9900,0.0211814,0.0211814,0.235939,0.137042,0.001
14,1014,105,10390,0.020869,0.020869,0.18258,0.081846,0.001
14,1014,110,10880,0.0203076,0.0203076,0.207536,0.0908879,0.001
14,1014,115,11370,0.0203076,0.0203076,0.204826,0.0780692,0.001
14,1014,120,11860,0.0203076,0.0203076,0.233115,0.113951,0.001
14,1014,125,12350,0.0203076,0.0203076,0.199911,0.0974152,0.001
14,1014,130,12840,0.0203076,0.0203076,0.193082,0.0836591,0.001
14,1014,135,13330,0.0203076,0.0203076,0.23966,0.109204,0.001
14,1014,140,13820,0.0201816,0.0201816,0.25579,0.0885201,0.001
14,1014,145,14310,0.0199628,0.0199628,0.202437,0.0607176,0.001
14,1014,150,14800,0.0199047,0.0199047,0.208024,0.0912334,0.001
14,1014,155,15290,0.0199047,0.0199047,0.216327,0.0938833,0.001
14,1014,160,15780,0.0199047,0.0199047,0.224885,0.145218,0.001
14,1014,165,16270,0.0199047,0.0199047,0.215475,0.0850067,0.001
14,1014,170,16760,0.0198368,0.0198368,0.244054,0.126476,0.001
14,1014,175,17250,0.0198282,0.0198282,0.244864,0.0805953,0.001
14,1014,180,17740,0.0198282,0.0198282,0.257211,0.137304,0.001
14,1014,185,18230,0.0198282,0.0198282,0.213756,0.125278,0.001
14,1014,190,18720,0.0198282,0.0198282,0.272454,0.150299,0.001
14,1014,195,19210,0.0198282,0.0198282,0.212352,0.119385,0.001
14,1014,200,19700,0.0198282,0.0198282,0.196445,0.0804407,0.001
14,1014,205,20190,0.0198282,0.0198282,0.210722,0.0913912,0.001
14,1014,210,20680,0.0198282,0.0198282,0.234844,0.0854803,0.001
14,1014,215,21170,0.0198282,0.0198282,0.191716,0.097441,0.001
14,1014,220,21660,0.0198065,0.0198065,0.224185,0.0779705,0.001
14,1014,225,22150,0.0198065,0.0198065,0.234004,0.15019,0.001
14,1014,230,22640,0.0198065,0.0198065,0.273714,0.11703,0.001
14,1014,235,23130,0.0198065,0.0198065,0.233714,0.0919787,0.001
14,1014,240,23620,0.0198065,0.0198065,0.216569,0.0954494,0.001
14,1014,245,24110,0.0198065,0.0198065,0.238141,0.138482,0.001
14,1014,250,24600,0.0198065,0.0198065,0.188908,0.10194,0.001
14,1014,255,25090,0.0198065,0.0198065,0.213816,0.0923028,0.001
14,1014,260,25580,0.0198065,0.0198065,0.175052,0.0817841,0.001
14,1014,265,26070,0.0198065,0.0198065,0.196352,0.0770008,0.001
14,1014,270,26560,0.0198065,0.0198065,0.231836,0.0781336,0.001
14,1014,275,27050,0.0198065,0.0198065,0.284922,0.166197,0.001
14,1014,280,27540,0.0198065,0.0198065,0.215451,0.124683,0.001
14,1014,285,28030,0.0198065,0.0198065,0.197062,0.0811625,0.001
14,1014,290,28520,0.0198065,0.0198065,0.226328,0.122221,0.001
14,1014,295,29010,0.0198065,0.0198065,0.222729,0.0895172,0.001
14,1014,300,29500,0.0198065,0.0198065,0.235537,0.116679,0.001
14,1014,305,29990,0.0198065,0.0198065,0.245264,0.0938664,0.001
14,1014,310,30480,0.0198065,0.0198065,0.210498,0.0984234,0.001
14,1014,315,30970,0.0198065,0.0198065,0.233754,0.0672103,0.001
14,1014,320,31460,0.0198065,0.0198065,0.129718,0.060857,0.001
14,1014,325,31950,0.0198065,0.0198065,0.224043,0.0901113,0.001
14,1014,330,32440,0.0198065,0.0198065,0.257774,0.13692,0.001
14,1014,335,32930,0.0198065,0.0198065,0.237994,0.132908,0.001
14,1014,340,33420,0.0198065,0.0198065,0.202176,0.115301,0.001
14,1014,345,33910,0.0198065,0.0198065,0.159139,0.0816917,0.001
14,1014,350,34400,0.0198065,0.0198065,0.236823,0.0768572,0.001
14,1014,355,34890,0.0198065,0.0198065,0.181411,0.0787688,0.001
14,1014,360,35380,0.0198065,0.0198065,0.189648,0.0722843,0.001
14,1014,365,35870,0.0198065,0.0198065,0.21376,0.0733625,0.001
14,1014,370,36360,0.0198065,0.0198065,0.210681,0.101012,0.001
14,1014,375,36850,0.0198065,0.0198065,0.221523,0.095727,0.001
14,1014,380,37340,0.0198065,0.0198065,0.223546,0.115748,0.001
14,1014,385,37830,0.0198065,0.0198065,0.221122,0.131319,0.001
14,1014,390,38320,0.0198065,0.0198065,0.190095,0.1026,0.001
14,1014,395,38810,0.0198065,0.0198065,0.280776,0.145605,0.001
14,1014,400,39300,0.0198065,0.0198065,0.218773,0.117663,0.001
14,1014,405,39790,0.0198065,0.0198065,0.184488,0.10514,0.001
14,1014,410,40280,0.0198065,0.0198065,0.187402,0.081703,0.001
14,1014,415,40770,0.0198065,0.0198065,0.190308,0.0805444,0.001
14,1014,420,41260,0.0198065,0.0198065,0.197613,0.0973855,0.001
14,1014,425,41750,0.0198065,0.0198065,0.179178,0.0683294,0.001
14,1014,430,42240,0.0198065,0.0198065,0.246435,0.111829,0.001
14,1014,435,42730,0.0198065,0.0198065,0.190358,0.0842346,0.001
14,1014,440,43220,0.0198065,0.0198065,0.295967,0.156583,0.001
14,1014,445,43710,0.0198065,0.0198065,0.19655,0.0859761,0.001
14,1014,450,44200,0.0198065,0.0198065,0.234982,0.108267,0.001
14,1014,455,44690,0.0198065,0.0198065,0.267518,0.132479,0.001
14,1014,460,45180,0.0198065,0.0198065,0.224121,0.10433,0.001
14,1014,465,45670,0.0198036,0.0198036,0.219999,0.113194,0.001
14,1014,470,46160,0.0198036,0.0198036,0.234733,0.132249,0.001
14,1014,475,46650,0.0198036,0.0198036,0.185891,0.0784933,0.001
14,1014,480,47140,0.0198036,0.0198036,0.246921,0.136861,0.001
14,1014,485,47630,0.0198036,0.0198036,0.230899,0.122179,0.001
14,1014,490,48120,0.0198036,0.0198036,0.229714,0.117381,0.001
14,1014,495,48610,0.0198036,0.0198036,0.213572,0.118206,0.001
14,1014,500,49100,0.0198036,0.0198036,0.239104,0.0961658,0.001
14,1014,505,49590,0.0198036,0.0198036,0.204162,0.0711705,0.001
14,1014,510,50000,0.0198036,0.0198036,0.114817,0.0737555,0.001
15,1015,0,100,78.6302,78.6302,293.593,285.354,0.001
15,1015,5,590,21.3659,21.3659,66.6351,57.9078,0.001
15,1015,10,1080,4.82417,4.82417,13.0496,11.6063,0.001
15,1015,15,1570,1.68256,1.68256,4.60335,4.14513,0.001
15,1015,20,2060,1.14371,1.14371,1.71012,1.68764,0.001
15,1015,25,2550,0.924193,0.924193,1.14583,1.1501,0.001
15,1015,30,3040,0.868195,0.868195,1.07906,1.06971,0.001
15,1015,35,3530,0.863705,0.863705,1.0413,1.03383,0.001
15,1015,40,4020,0.794815,0.794815,1.02395,1.02307,0.001
15,1015,45,4510,0.585012,0.585012,1.02276,1.02788,0.001
15,1015,50,5000,0.410379,0.410379,1.00456,1.01851,0.001
15,1015,55,5490,0.341765,0.341765,0.983647,1.01882,0.001
15,1015,60,5980,0.286366,0.286366,0.782076,0.798622,0.001
15,1015,65,6470,0.0863065,0.0863065,0.414043,0.383083,0.001
15,1015,70,6960,0.0458702,0.0458702,0.279302,0.214722,0.001
15,1015,75,7450,0.0251666,0.0251666,0.242362,0.152872,0.001
15,1015,80,7940,0.0152437,0.0152437,0.230687,0.115024,0.001
15,1015,85,8430,0.0118449,0.0118449,0.286612,0.19303,0.001
15,1015,90,8920,0.0101472,0.0101472,0.176321,0.0856057,0.001
15,1015,95,9410,0.0101472,0.0101472,0.2706,0.0968489,0.001
15,1015,100,9900,0.00936967,0.00936967,0.204158,0.132651,0.001
15,1015,105,10390,0.00936967,0.00936967,0.238205,0.126484,0.001
15,1015,110,10880,0.00936967,0.00936967,0.211,0.099454,0.001
15,1015,115,11370,0.00936967,0.00936967,0.175646,0.0852828,0.001
15,1015,120,11860,0.00894697,0.00894697,0.187759,0.0864916,0.001
15,1015,125,12350,0.00894697,0.00894697,0.254357,0.0984037,0.001
15,1015,130,12840,0.00894697,0.00894697,0.263209,0.130075,0.001
15,1015,135,13330,0.00894697,0.00894697,0.206973,0.097879,0.001
15,1015,140,13820,0.00894697,0.00894697,0.173492,0.101453,0.001
15,1015,145,14310,0.00894697,0.00894697,0.189118,0.105469,0.001
15,1015,150,14800,0.00834021,0.00834021,0.183673,0.104142,0.001
15,1015,155,15290,0.00834021,0.00834021,0.219207,0.0959189,0.001
15,1015,160,15780,0.00834021,0.00834021,0.245442,0.0869024,0.001
15,1015,165,16270,0.00834021,0.00834021,0.240234,0.136234,0.001
15,1015,170,16760,0.00834021,0.00834021,0.208257,0.085418,0.001
15,1015,175,17250,0.00834021,0.00834021,0.302601,0.144427,0.001
15,1015,180,17740,0.00834021,0.00834021,0.179378,0.0648711,0.001
15,1015,185,18230,0.00834021,0.00834021,0.244097,0.127817,0.001
15,1015,190,18720,0.00834021,0.00834021,0.202167,0.0933702,0.001
15,1015,195,19210,0.00830857,0.00830857,0.217656,0.114574,0.001
15,1015,200,19700,0.00830857,0.00830857,0.202804,0.0876792,0.001
15,1015,205,20190,0.00830857,0.00830857,0.213198,0.0938307,0.001
15,1015,210,20680,0.00830857,0.00830857,0.16544,0.0908024,0.001
15,1015,215,21170,0.00830857,0.00830857,0.213832,0.106969,0.001
15,1015,220,21660,0.00830857,0.00830857,0.171602,0.080163,0.001
15,1015,225,22150,0.00830857,0.00830857,0.218567,0.103113,0.001
15,1015,230,22640,0.00830857,0.00830857,0.221397,0.121888,0.001
15,1015,235,23130,0.00830857,0.00830857,0.243282,0.114459,0.001
15,1015,240,23620,0.00830857,0.00830857,0.260811,0.115426,0.001
15,1015,245,24110,0.00830857,0.00830857,0.279583,0.165415,0.001
15,1015,250,24600,0.00830857,0.00830857,0.219279,0.093664,0.001
15,1015,255,25090,0.00830857,0.00830857,0.221173,0.0956865,0.001
15,1015,260,25580,0.00805839,0.00805839,0.206417,0.0988873,0.001
15,1015,265,26070,0.00795405,0.00795405,0.167316,0.0610395,0.001
15,1015,270,26560,0.00795405,0.00795405,0.133468,0.0480664,0.001
15,1015,275,27050,0.00795405,0.00795405,0.202075,0.0776645,0.001
15,1015,280,27540,0.00795405,0.00795405,0.183103,0.0565252,0.001
15,1015,285,28030,0.00795405,0.00795405,0.185026,0.0741266,0.001
15,1015,290,28520,0.00795405,0.00795405,0.222611,0.115741,0.001
15,1015,295,29010,0.00795405,0.00795405,0.231178,0.116273,0.001
15,1015,300,29500,0.00795405,0.00795405,0.224132,0.114195,0.001
15,1015,305,29990,0.00795405,0.00795405,0.180522,0.0821991,0.001
15,1015,310,30480,0.00795405,0.00795405,0.18676,0.063768,0.001
15,1015,315,30970,0.00795405,0.00795405,0.211695,0.0886939,0.001
15,1015,320,31460,0.00795405,0.00795405,0.175517,0.0599351,0.001
15,1015,325,31950,0.00795405,0.00795405,0.139123,0.0616041,0.001
15,1015,330,32440,0.00795405,0.00795405,0.221942,0.112299,0.001
15,1015,335,32930,0.00795405,0.00795405,0.174247,0.089265,0.001
15,1015,340,33420,0.00785842,0.00785842,0.261066,0.109884,0.001
15,1015,345,33910,0.00785842,0.00785842,0.183205,0.0733366,0.001
15,1015,350,34400,0.00785842,0.00785842,0.235828,0.0761006,0.001
15,1015,355,34890,0.00785842,0.00785842,0.208863,0.108462,0.001
15,1015,360,35380,0.00785842,0.00785842,0.170266,0.0932366,0.001
15,1015,365,35870,0.00785842,0.00785842,0.231098,0.128757,0.001
15,1015,370,36360,0.00785842,0.00785842,0.212849,0.0931087,0.001
15,1015,375,36850,0.00785842,0.00785842,0.181129,0.0756121,0.001
15,1015,380,37340,0.00785842,0.00785842,0.209943,0.0917098,0.001
15,1015,385,37830,0.00770595,0.00770595,0.16937,0.0733849,0.001
15,1015,390,38320,0.00770595,0.00770595,0.234417,0.118921,0.001
15,1015,395,38810,0.00770595,0.00770595,0.257789,0.160079,0.001
15,1015,400,39300,0.00770595,0.00770595,0.169254,0.0719694,0.001
15,1015,405,39790,0.00766376,0.00766376,0.185726,0.0706853,0.001
15,1015,410,40280,0.00766376,0.00766376,0.210749,0.115338,0.001
15,1015,415,40770,0.00766376,0.00766376,0.267973,0.0752169,0.001
15,1015,420,41260,0.00766376,0.00766376,0.230374,0.0759274,0.001
15,1015,425,41750,0.00766376,0.00766376,0.205837,0.0961353,0.001
15,1015,430,42240,0.00766376,0.00766376,0.270946,0.122616,0.001
15,1015,435,42730,0.00766376,0.00766376,0.209612,0.103651,0.001
15,1015,440,43220,0.00766376,0.00766376,0.222848,0.0874499,0.001
15,1015,445,43710,0.00766376,0.00766376,0.187374,0.0655682,0.001
15,1015,450,44200,0.00766376,0.00766376,0.165466,0.0673479,0.001
15,1015,455,44690,0.00766376,0.00766376,0.146945,0.0652547,0.001
15,1015,460,45180,0.00764878,0.00764878,0.247422,0.0889492,0.001
15,1015,465,45670,0.00764878,0.00764878,0.220692,0.10436,0.001
15,1015,470,46160,0.00764878,0.00764878,0.182381,0.0918912,0.001
15,1015,475,46650,0.00764878,0.00764878,0.198734,0.10724,0.001
15,1015,480,47140,0.00764878,0.00764878,0.228166,0.0776026,0.001
15,1015,485,47630,0.00764878,0.00764878,0.259917,0.128526,0.001
15,1015,490,48120,0.00764878,0.00764878,0.181795,0.077491,0.001
15,1015,495,48610,0.00761987,0.00761987,0.175439,0.0617023,0.001
15,1015,500,49100,0.00761987,0.00761987,0.199631,0.0921906,0.001
15,1015,505,49590,0.00761987,0.00761987,0.176505,0.0834105,0.001
15,1015,510,50000,0.00761987,0.00761987,0.176359,0.0565304,0.001
16,1016,0,100,98.7541,98.7541,307.785,299.745,0.001
16,1016,5,590,22.1255,22.1255,78.9614,73.8489,0.001
16,1016,10,1080,5.46538,5.46538,14.7592,13.479,0.001
16,1016,15,1570,3.03155,3.03155,4.75545,4.67045,0.001
16,1016,20,2060,1.63389,1.63389,2.30353,2.22996,0.001
16,1016,25,2550,1.18986,1.18986,1.42625,1.41722,0.001
16,1016,30,3040,0.644833,0.644833,1.16236,1.16846,0.001
16,1016,35,3530,0.525691,0.525691,1.10205,1.11578,0.001
16,1016,40,4020,0.460801,0.460801,0.983695,1.0427,0.001
16,1016,45,4510,0.272596,0.272596,0.656977,0.582093,0.001
16,1016,50,5000,0.139034,0.139034,0.455443,0.37194,0.001
16,1016,55,5490,0.106431,0.106431,0.351139,0.24121,0.001
16,1016,60,5980,0.0911943,0.0911943,0.363955,0.262976,0.001
16,1016,65,6470,0.0809838,0.0809838,0.31188,0.159714,0.001
16,1016,70,6960,0.0809838,0.0809838,0.285504,0.192852,0.001
16,1016,75,7450,0.0806615,0.0806615,0.284529,0.196649,0.001
16,1016,80,7940,0.0795381,0.0795381,0.30671,0.179405,0.001
16,1016,85,8430,0.0792171,0.0792171,0.271852,0.159523,0.001
16,1016,90,8920,0.0792171,0.0792171,0.327449,0.208275,0.001
16,1016,95,9410,0.0785681,0.0785681,0.345122,0.185627,0.001
16,1016,100,9900,0.0785681,0.0785681,0.265128,0.151934,0.001
16,1016,105,10390,0.0785681,0.0785681,0.327975,0.175843,0.001
16,1016,110,10880,0.077926,0.077926,0.266448,0.148489,0.001
16,1016,115,11370,0.077926,0.077926,0.25639,0.160675,0.001
16,1016,120,11860,0.077926,0.077926,0.256677,0.149593,0.001
16,1016,125,12350,0.077926,0.077926,0.261076,0.150323,0.001
16,1016,130,12840,0.077926,0.077926,0.287131,0.152793,0.001
16,1016,135,13330,0.0778966,0.0778966,0.283048,0.160799,0.001
16,1016,140,13820,0.0778927,0.0778927,0.320087,0.22111,0.001
16,1016,145,14310,0.0778927,0.0778927,0.282332,0.181837,0.001
16,1016,150,14800,0.0778912,0.0778912,0.271307,0.177098,0.001
16,1016,155,15290,0.0775683,0.0775683,0.336445,0.195795,0.001
16,1016,160,15780,0.0775683,0.0775683,0.273756,0.179295,0.001
16,1016,165,16270,0.0775683,0.0775683,0.262689,0.150831,0.001
16,1016,170,16760,0.0775683,0.0775683,0.288147,0.18447,0.001
16,1016,175,17250,0.0775683,0.0775683,0.227057,0.153496,0.001
16,1016,180,17740,0.0775683,0.0775683,0.268486,0.168915,0.001
16,1016,185,18230,0.0775683,0.0775683,0.278511,0.136463,0.001
16,1016,190,18720,0.0775683,0.0775683,0.243056,0.140746,0.001
16,1016,195,19210,0.0772992,0.0772992,0.3098,0.185367,0.001
16,1016,200,19700,0.0772992,0.0772992,0.303703,0.168577,0.001
16,1016,205,20190,0.0772992,0.0772992,0.320228,0.189862,0.001
16,1016,210,20680,0.0770483,0.0770483,0.292072,0.151404,0.001
16,1016,215,21170,0.0768347,0.0768347,0.207261,0.113413,0.001
16,1016,220,21660,0.0768347,0.0768347,0.286072,0.146276,0.001
16,1016,225,22150,0.0768347,0.0768347,0.287473,0.175471,0.001
16,1016,230,22640,0.0768347,0.0768347,0.238572,0.151131,0.001
16,1016,235,23130,0.0768347,0.0768347,0.256364,0.152582,0.001
16,1016,240,23620,0.0768347,0.0768347,0.248989,0.140449,0.001
16,1016,245,24110,0.0768347,0.0768347,0.246785,0.131098,0.001
16,1016,250,24600,0.0768347,0.0768347,0.227992,0.108735,0.001
16,1016,255,25090,0.0768347,0.0768347,0.268536,0.13413,0.001
16,1016,260,25580,0.0766241,0.0766241,0.26907,0.1264,0.001
16,1016,265,26070,0.0765726,0.0765726,0.262897,0.148468,0.001
16,1016,270,26560,0.0765726,0.0765726,0.243685,0.136211,0.001
16,1016,275,27050,0.0765704,0.0765704,0.298595,0.196635,0.001
16,1016,280,27540,0.0765704,0.0765704,0.287562,0.154168,0.001
16,1016,285,28030,0.0765704,0.0765704,0.30793,0.148806,0.001
16,1016,290,28520,0.0765704,0.0765704,0.237413,0.137721,0.001
16,1016,295,29010,0.0765704,0.0765704,0.2706,0.195433,0.001
16,1016,300,29500,0.0765704,0.0765704,0.220925,0.118609,0.001
16,1016,305,29990,0.0765704,0.0765704,0.252784,0.16301,0.001
16,1016,310,30480,0.0765704,0.0765704,0.283959,0.175858,0.001
16,1016,315,30970,0.0765318,0.0765318,0.267287,0.130313,0.001
16,1016,320,31460,0.0765318,0.0765318,0.245576,0.139757,0.001
16,1016,325,31950,0.0765318,0.0765318,0.284395,0.168739,0.001
16,1016,330,32440,0.0765318,0.0765318,0.228987,0.153766,0.001
16,1016,335,32930,0.0765318,0.0765318,0.258932,0.171339,0.001
16,1016,340,33420,0.0765318,0.0765318,0.259442,0.128093,0.001
16,1016,345,33910,0.0765318,0.0765318,0.275693,0.132496,0.001
16,1016,350,34400,0.0765318,0.0765318,0.279441,0.150591,0.001
16,1016,355,34890,0.0765318,0.0765318,0.244268,0.132065,0.001
16,1016,360,35380,0.0764406,0.0764406,0.298566,0.172863,0.001
16,1016,365,35870,0.0764406,0.0764406,0.250487,0.137661,0.001
16,1016,370,36360,0.0764406,0.0764406,0.246497,0.129857,0.001
16,1016,375,36850,0.0764406,0.0764406,0.296206,0.168794,0.001
16,1016,380,37340,0.0764406,0.0764406,0.23062,0.140583,0.001
16,1016,385,37830,0.0764406,0.0764406,0.253201,0.150871,0.001
16,1016,390,38320,0.0764406,0.0764406,0.244302,0.168021,0.001
16,1016,395,38810,0.0764406,0.0764406,0.254799,0.160552,0.001
16,1016,400,39300,0.0764406,0.0764406,0.262345,0.154159,0.001
16,1016,405,39790,0.0764406,0.0764406,0.291145,0.177414,0.001
16,1016,410,40280,0.0764406,0.0764406,0.260611,0.169866,0.001
16,1016,415,40770,0.0764406,0.0764406,0.323215,0.196132,0.001
16,1016,420,41260,0.0764406,0.0764406,0.243526,0.146655,0.001
16,1016,425,41750,0.0764406,0.0764406,0.26402,0.12151,0.001
16,1016,430,42240,0.0764406,0.0764406,0.325077,0.15957,0.001
16,1016,435,42730,0.0764406,0.0764406,0.27524,0.160123,0.001
16,1016,440,43220,0.0764406,0.0764406,0.202045,0.109988,0.001
16,1016,445,43710,0.0764406,0.0764406,0.305821,0.172436,0.001
16,1016,450,44200,0.0764406,0.0764406,0.28191,0.188636,0.001
16,1016,455,44690,0.0764406,0.0764406,0.291161,0.146414,0.001
16,1016,460,45180,0.0764406,0.0764406,0.25326,0.154621,0.001
16,1016,465,45670,0.0764406,0.0764406,0.259252,0.145984,0.001
16,1016,470,46160,0.0764406,0.0764406,0.30114,0.157217,0.001
16,1016,475,46650,0.0764406,0.0764406,0.308408,0.163747,0.001
16,1016,480,47140,0.0764406,0.0764406,0.266364,0.131708,0.001
16,1016,485,47630,0.0764406,0.0764406,0.229316,0.131019,0.001
16,1016,490,48120,0.0764406,0.0764406,0.234903,0.116397,0.001
16,1016,495,48610,0.0764406,0.0764406,0.249221,0.150413,0.001
16,1016,500,49100,0.0764406,0.0764406,0.299664,0.223099,0.001
16,1016,505,49590,0.0764406,0.0764406,0.25934,0.160488,0.001
16,1016,510,50000,0.0764406,0.0764406,0.3993,0.171364,0.001
17,1017,0,100,122.571,122.571,309.872,317.146,0.001
17,1017,5,590,13.2558,13.2558,71.1919,68.2834,0.001
17,1017,10,1080,4.66706,4.66706,9.3911,8.58769,0.001
17,1017,15,1570,1.82585,1.82585,3.22803,3.21831,0.001
17,1017,20,2060,1.06988,1.06988,1.57798,1.5619,0.001
17,1017,25,2550,0.929156,0.929156,1.13023,1.10832,0.001
17,1017,30,3040,0.792867,0.792867,1.03993,1.03478,0.001
17,1017,35,3530,0.567139,0.567139,1.01487,1.01875,0.001
17,1017,40,4020,0.363461,0.363461,0.903698,0.97871,0.001
17,1017,45,4510,0.0942222,0.0942222,0.524039,0.464037,0.001
17,1017,50,5000,0.0503559,0.0503559,0.353503,0.268589,0.001
17,1017,55,5490,0.0201472,0.0201472,0.324653,0.241212,0.001
17,1017,60,5980,0.019876,0.019876,0.226488,0.108471,0.001
17,1017,65,6470,0.0103709,0.0103709,0.223776,0.148431,0.001
17,1017,70,6960,0.0064079,0.0064079,0.257373,0.135518,0.001
17,1017,75,7450,0.00572078,0.00572078,0.157001,0.0750879,0.001
17,1017,80,7940,0.00321215,0.00321215,0.196933,0.0790357,0.001
17,1017,85,8430,0.00149534,0.00149534,0.21082,0.114077,0.001
17,1017,90,8920,0.00102023,0.00102023,0.245067,0.0683559,0.001
17,1017,95,9410,0.00102023,0.00102023,0.185816,0.0646071,0.001
17,1017,100,9900,0.00102023,0.00102023,0.190314,0.0743338,0.001
17,1017,105,10390,0.000615972,0.000615972,0.217312,0.0830246,0.001
17,1017,110,10880,0.000615972,0.000615972,0.247914,0.104212,0.001
17,1017,115,11370,0.000615972,0.000615972,0.223789,0.108221,0.001
17,1017,120,11860,0.000615972,0.000615972,0.216963,0.0897196,0.001
17,1017,125,12350,0.000615972,0.000615972,0.233101,0.101722,0.001
17,1017,130,12840,0.000564065,0.000564065,0.19538,0.0694321,0.001
17,1017,135,13330,0.000564065,0.000564065,0.189597,0.0729714,0.001
17,1017,140,13820,0.000564065,0.000564065,0.16858,0.0606407,0.001
17,1017,145,14310,0.000564065,0.000564065,0.240244,0.0651384,0.001
17,1017,150,14800,0.000564065,0.000564065,0.149391,0.0801879,0.001
17,1017,155,15290,0.000564065,0.000564065,0.19828,0.0678637,0.001
17,1017,160,15780,0.000564065,0.000564065,0.200721,0.0872585,0.001
17,1017,165,16270,0.000466516,0.000466516,0.273593,0.123813,0.001
17,1017,170,16760,0.000466516,0.000466516,0.155813,0.064329,0.001
17,1017,175,17250,0.000466516,0.000466516,0.210841,0.0619916,0.001
17,1017,180,17740,0.000466516,0.000466516,0.167737,0.0592238,0.001
17,1017,185,18230,0.000466516,0.000466516,0.18682,0.117087,0.001
17,1017,190,18720,0.000466516,0.000466516,0.193052,0.0903046,0.001
17,1017,195,19210,0.000466516,0.000466516,0.205018,0.0693721,0.001
17,1017,200,19700,0.000353278,0.000353278,0.208632,0.0692638,0.001
17,1017,205,20190,0.000353278,0.000353278,0.211597,0.113317,0.001
17,1017,210,20680,0.000353278,0.000353278,0.210381,0.0741119,0.001
17,1017,215,21170,0.000353278,0.000353278,0.187644,0.0706847,0.001
17,1017,220,21660,0.000295404,0.000295404,0.193177,0.0820495,0.001
17,1017,225,22150,0.000295404,0.000295404,0.206618,0.0942479,0.001
17,1017,230,22640,0.000295404,0.000295404,0.241219,0.100187,0.001
17,1017,235,23130,0.000295404,0.000295404,0.216484,0.0880544,0.001
17,1017,240,23620,0.000295404,0.000295404,0.253446,0.147906,0.001
17,1017,245,24110,0.000295404,0.000295404,0.184157,0.0695451,0.001
17,1017,250,24600,0.000295404,0.000295404,0.193143,0.0943688,0.001
17,1017,255,25090,0.000295404,0.000295404,0.205108,0.133586,0.001
17,1017,260,25580,0.000295404,0.000295404,0.208159,0.0753321,0.001
17,1017,265,26070,0.000295404,0.000295404,0.175055,0.0595153,0.001
17,1017,270,26560,0.000295404,0.000295404,0.139495,0.041964,0.001
17,1017,275,27050,0.000295404,0.000295404,0.186152,0.0786185,0.001
17,1017,280,27540,0.000295404,0.000295404,0.192431,0.0676142,0.001
17,1017,285,28030,0.000295404,0.000295404,0.143978,0.0533263,0.001
17,1017,290,28520,0.000295404,0.000295404,0.206613,0.0996292,0.001
17,1017,295,29010,0.000295404,0.000295404,0.205517,0.06462,0.001
17,1017,300,29500,0.000295404,0.000295404,0.204334,0.114874,0.001
17,1017,305,29990,0.000295404,0.000295404,0.178111,0.0596475,0.001
17,1017,310,30480,0.000258963,0.000258963,0.199156,0.104163,0.001
17,1017,315,30970,0.000258963,0.000258963,0.247013,0.114096,0.001
17,1017,320,31460,0.000258963,0.000258963,0.195216,0.0784626,0.001
17,1017,325,31950,0.000258963,0.000258963,0.189291,0.086833,0.001
17,1017,330,32440,0.000258963,0.000258963,0.287839,0.142148,0.001
17,1017,335,32930,0.000258963,0.000258963,0.19879,0.0975608,0.001
17,1017,340,33420,0.000258963,0.000258963,0.216074,0.122671,0.001
17,1017,345,33910,0.000258963,0.000258963,0.177772,0.072257,0.001
17,1017,350,34400,0.000258963,0.000258963,0.160847,0.0450872,0.001
17,1017,355,34890,0.000258963,0.000258963,0.205276,0.0678634,0.001
17,1017,360,35380,0.000209364,0.000209364,0.171162,0.0427529,0.001
17,1017,365,35870,0.000209364,0.000209364,0.154791,0.0628731,0.001
17,1017,370,36360,0.000209364,0.000209364,0.23298,0.0637309,0.001
17,1017,375,36850,0.000209364,0.000209364,0.221149,0.0942501,0.001
17,1017,380,37340,0.000209364,0.000209364,0.196397,0.105054,0.001
17,1017,385,37830,0.000209364,0.000209364,0.169607,0.0987439,0.001
17,1017,390,38320,0.000209364,0.000209364,0.195738,0.0995922,0.001
17,1017,395,38810,0.000209364,0.000209364,0.232841,0.125319,0.001
17,1017,400,39300,0.000209364,0.000209364,0.228132,0.121118,0.001
17,1017,405,39790,0.000209364,0.000209364,0.207463,0.128601,0.001
17,1017,410,40280,0.000209364,0.000209364,0.171667,0.0649053,0.001
17,1017,415,40770,0.000209364,0.000209364,0.236131,0.126517,0.001
17,1017,420,41260,0.000209364,0.000209364,0.219292,0.0768755,0.001
17,1017,425,41750,0.000209364,0.000209364,0.215353,0.100289,0.001
17,1017,430,42240,0.000209364,0.000209364,0.163516,0.085154,0.001
17,1017,435,42730,0.000209364,0.000209364,0.197871,0.0974724,0.001
17,1017,440,43220,0.000209364,0.000209364,0.189178,0.0676384,0.001
17,1017,445,43710,0.000209364,0.000209364,0.199044,0.112641,0.001
17,1017,450,44200,0.000209364,0.000209364,0.166789,0.0462394,0.001
17,1017,455,44690,0.000209364,0.000209364,0.168247,0.0401286,0.001
17,1017,460,45180,0.000209364,0.000209364,0.203706,0.0721937,0.001
17,1017,465,45670,0.000209364,0.000209364,0.221522,0.0860693,0.001
17,1017,470,46160,0.000209364,0.000209364,0.152533,0.0763407,0.001
17,1017,475,46650,0.000209364,0.000209364,0.151277,0.0645277,0.001
17,1017,480,47140,0.000209364,0.000209364,0.243094,0.0943075,0.001
17,1017,485,47630,0.000209364,0.000209364,0.208977,0.0870943,0.001
17,1017,490,48120,0.000209364,0.000209364,0.155077,0.0592476,0.001
17,1017,495,48610,0.000209364,0.000209364,0.217615,0.0981232,0.001
17,1017,500,49100,0.000209364,0.000209364,0.183346,0.0737976,0.001
17,1017,505,49590,0.000209364,0.000209364,0.136088,0.0588454,0.001
17,1017,510,50000,0.000209364,0.000209364,0.216156,0.0392952,0.001
18,1018,0,100,103.949,103.949,297.863,292.377,0.001
18,1018,5,590,23.2167,23.2167,95.2598,86.7221,0.001
18,1018,10,1080,5.36262,5.36262,21.1635,19.2275,0.001
18,1018,15,1570,2.27467,2.27467,6.53562,6.14171,0.001
18,1018,20,2060,1.38907,1.38907,2.18774,2.2193,0.001
18,1018,25,2550,1.05128,1.05128,1.33325,1.31621,0.001
18,1018,30,3040,0.97374,0.97374,1.06692,1.06338,0.001
18,1018,35,3530,0.578588,0.578588,1.02409,1.02706,0.001
18,1018,40,4020,0.439924,0.439924,0.99821,1.02408,0.001
18,1018,45,4510,0.363984,0.363984,0.947045,0.998278,0.001
18,1018,50,5000,0.156247,0.156247,0.516574,0.46328,0.001
18,1018,55,5490,0.0682558,0.0682558,0.326434,0.252804,0.001
18,1018,60,5980,0.0326137,0.0326137,0.251023,0.151444,0.001
18,1018,65,6470,0.0280354,0.0280354,0.209678,0.115171,0.001
18,1018,70,6960,0.0220572,0.0220572,0.248732,0.122289,0.001
18,1018,75,7450,0.0195981,0.0195981,0.245863,0.147922,0.001
18,1018,80,7940,0.0173023,0.0173023,0.219137,0.0816905,0.001
18,1018,85,8430,0.0173023,0.0173023,0.219659,0.120924,0.001
18,1018,90,8920,0.0173023,0.0173023,0.171358,0.0785645,0.001
18,1018,95,9410,0.0172477,0.0172477,0.187638,0.0895815,0.001
18,1018,100,9900,0.0159711,0.0159711,0.162456,0.0707221,0.001
18,1018,105,10390,0.0156854,0.0156854,0.1651,0.0715798,0.001
18,1018,110,10880,0.0156252,0.0156252,0.195986,0.102298,0.001
18,1018,115,11370,0.0156252,0.0156252,0.22425,0.0985592,0.001
18,1018,120,11860,0.0156252,0.0156252,0.214973,0.075554,0.001
18,1018,125,12350,0.0154738,0.0154738,0.246846,0.160233,0.001
18,1018,130,12840,0.0154738,0.0154738,0.206522,0.100671,0.001
18,1018,135,13330,0.0153431,0.0153431,0.201235,0.101559,0.001
18,1018,140,13820,0.0153431,0.0153431,0.176876,0.0875992,0.001
18,1018,145,14310,0.0153431,0.0153431,0.209222,0.098034,0.001
18,1018,150,14800,0.0153431,0.0153431,0.23959,0.100906,0.001
18,1018,155,15290,0.0153431,0.0153431,0.188287,0.0943057,0.001
18,1018,160,15780,0.0153431,0.0153431,0.257623,0.154772,0.001
18,1018,165,16270,0.0153431,0.0153431,0.173761,0.0911728,0.001
18,1018,170,16760,0.0153431,0.0153431,0.242358,0.135317,0.001
18,1018,175,17250,0.0153431,0.0153431,0.23718,0.0876225,0.001
18,1018,180,17740,0.0153431,0.0153431,0.204625,0.0761536,0.001
18,1018,185,18230,0.0153431,0.0153431,0.234556,0.0861684,0.001
18,1018,190,18720,0.0153431,0.0153431,0.236263,0.0712351,0.001
18,1018,195,19210,0.0153431,0.0153431,0.197472,0.0753967,0.001
18,1018,200,19700,0.0152663,0.0152663,0.244337,0.0916811,0.001
18,1018,205,20190,0.0152663,0.0152663,0.17931,0.0745799,0.001
18,1018,210,20680,0.0151932,0.0151932,0.21691,0.0936942,0.001
18,1018,215,21170,0.015177,0.015177,0.219075,0.0668968,0.001
18,1018,220,21660,0.015177,0.015177,0.17109,0.093107,0.001
18,1018,225,22150,0.015177,0.015177,0.241296,0.13395,0.001
18,1018,230,22640,0.015177,0.015177,0.228665,0.130409,0.001
18,1018,235,23130,0.015177,0.015177,0.270471,0.129833,0.001
18,1018,240,23620,0.015177,0.015177,0.279118,0.102495,0.001
18,1018,245,24110,0.015177,0.015177,0.18617,0.073725,0.001
18,1018,250,24600,0.015177,0.015177,0.216647,0.0967085,0.001
18,1018,255,25090,0.015177,0.015177,0.194024,0.0656392,0.001
18,1018,260,25580,0.015177,0.015177,0.16563,0.0821072,0.001
18,1018,265,26070,0.015177,0.015177,0.247838,0.118539,0.001
18,1018,270,26560,0.015177,0.015177,0.185738,0.0926497,0.001
18,1018,275,27050,0.015177,0.015177,0.254039,0.138707,0.001
18,1018,280,27540,0.0151434,0.0151434,0.199926,0.0809155,0.001
18,1018,285,28030,0.0150771,0.0150771,0.182496,0.0700164,0.001
18,1018,290,28520,0.0150771,0.0150771,0.221312,0.0845495,0.001
18,1018,295,29010,0.0150771,0.0150771,0.177979,0.106756,0.001
18,1018,300,29500,0.0150771,0.0150771,0.200823,0.0992893,0.001
18,1018,305,29990,0.0150771,0.0150771,0.236856,0.108485,0.001
18,1018,310,30480,0.0150771,0.0150771,0.180655,0.0982282,0.001
18,1018,315,30970,0.0150771,0.0150771,0.209547,0.0815744,0.001
18,1018,320,31460,0.0150771,0.0150771,0.207339,0.092122,0.001
18,1018,325,31950,0.0150771,0.0150771,0.236844,0.0766064,0.001
18,1018,330,32440,0.0150771,0.0150771,0.195857,0.1016,0.001
18,1018,335,32930,0.0150771,0.0150771,0.259272,0.157882,0.001
18,1018,340,33420,0.0150771,0.0150771,0.264237,0.11316,0.001
18,1018,345,33910,0.0150771,0.0150771,0.211627,0.109207,0.001
18,1018,350,34400,0.0150771,0.0150771,0.164989,0.0771741,0.001
18,1018,355,34890,0.0150771,0.0150771,0.228035,0.083051,0.001
18,1018,360,35380,0.0150771,0.0150771,0.220226,0.0895273,0.001
18,1018,365,35870,0.0150771,0.0150771,0.193732,0.0840332,0.001
18,1018,370,36360,0.0150771,0.0150771,0.239145,0.104323,0.001
18,1018,375,36850,0.0150771,0.0150771,0.207194,0.0907807,0.001
18,1018,380,37340,0.0150771,0.0150771,0.173817,0.086032,0.001
18,1018,385,37830,0.0150771,0.0150771,0.242038,0.120693,0.001
18,1018,390,38320,0.0150771,0.0150771,0.161471,0.0811143,0.001
18,1018,395,38810,0.0150771,0.0150771,0.221683,0.085135,0.001
18,1018,400,39300,0.0150771,0.0150771,0.198991,0.079723,0.001
18,1018,405,39790,0.0150771,0.0150771,0.278675,0.140375,0.001
18,1018,410,40280,0.0150771,0.0150771,0.178084,0.0683266,0.001
18,1018,415,40770,0.0150771,0.0150771,0.294236,0.15441,0.001
18,1018,420,41260,0.0150771,0.0150771,0.211782,0.0999662,0.001
18,1018,425,41750,0.014978,0.014978,0.208146,0.110812,0.001
18,1018,430,42240,0.014978,0.014978,0.20443,0.0851304,0.001
18,1018,435,42730,0.014978,0.014978,0.247565,0.0826858,0.001
18,1018,440,43220,0.014978,0.014978,0.218976,0.0809884,0.001
18,1018,445,43710,0.014978,0.014978,0.215333,0.103403,0.001
18,1018,450,44200,0.014978,0.014978,0.219118,0.105944,0.001
18,1018,455,44690,0.014978,0.014978,0.201817,0.0866806,0.001
18,1018,460,45180,0.014978,0.014978,0.272961,0.118491,0.001
18,1018,465,45670,0.014978,0.014978,0.211876,0.0866376,0.001
18,1018,470,46160,0.014978,0.014978,0.184408,0.081369,0.001
18,1018,475,46650,0.014978,0.014978,0.215381,0.0891173,0.001
18,1018,480,47140,0.0149283,0.0149283,0.237809,0.137967,0.001
18,1018,485,47630,0.0149283,0.0149283,0.254242,0.124482,0.001
18,1018,490,48120,0.0149283,0.0149283,0.259438,0.105545,0.001
18,1018,495,48610,0.0149283,0.0149283,0.26144,0.097516,0.001
18,1018,500,49100,0.0149283,0.0149283,0.231466,0.122863,0.001
18,1018,505,49590,0.0149283,0.0149283,0.159147,0.0645662,0.001
18,1018,510,50000,0.0149283,0.0149283,0.271511,0.0746771,0.001
19,1019,0,100,58.6172,58.6172,301.73,297.31,0.001
19,1019,5,590,10.1401,10.1401,46.6057,40.903,0.001
19,1019,10,1080,3.84449,3.84449,7.88337,7.6616,0.001
19,1019,15,1570,1.16166,1.16166,2.31291,2.17071,0.001
19,1019,20,2060,1.04536,1.04536,1.21501,1.19211,0.001
19,1019,25,2550,0.796205,0.796205,1.0712,1.07187,0.001
19,1019,30,3040,0.633892,0.633892,1.01983,1.03236,0.001
19,1019,35,3530,0.431683,0.431683,0.979896,1.01961,0.001
19,1019,40,4020,0.234937,0.234937,0.940254,0.984892,0.001
19,1019,45,4510,0.175889,0.175889,0.573115,0.533573,0.001
19,1019,50,5000,0.0912695,0.0912695,0.39724,0.309327,0.001
19,1019,55,5490,0.0576567,0.0576567,0.276881,0.233753,0.001
19,1019,60,5980,0.0535558,0.0535558,0.267157,0.153644,0.001
19,1019,65,6470,0.0464046,0.0464046,0.221731,0.111092,0.001
19,1019,70,6960,0.0408702,0.0408702,0.255987,0.149664,0.001
19,1019,75,7450,0.0394327,0.0394327,0.240169,0.134843,0.001
19,1019,80,7940,0.037251,0.037251,0.252288,0.153688,0.001
19,1019,85,8430,0.037251,0.037251,0.255922,0.117201,0.001
19,1019,90,8920,0.0361227,0.0361227,0.220634,0.116303,0.001
19,1019,95,9410,0.0361227,0.0361227,0.276836,0.16236,0.001
19,1019,100,9900,0.0357282,0.0357282,0.230542,0.14877,0.001
19,1019,105,10390,0.0357282,0.0357282,0.256208,0.112164,0.001
19,1019,110,10880,0.0357282,0.0357282,0.199901,0.0867779,0.001
19,1019,115,11370,0.0357282,0.0357282,0.244678,0.0779154,0.001
19,1019,120,11860,0.0357047,0.0357047,0.262958,0.162412,0.001
19,1019,125,12350,0.0356344,0.0356344,0.207694,0.112818,0.001
19,1019,130,12840,0.0356344,0.0356344,0.209688,0.113236,0.001
19,1019,135,13330,0.0354231,0.0354231,0.261578,0.172788,0.001
19,1019,140,13820,0.0351161,0.0351161,0.214818,0.102502,0.001
19,1019,145,14310,0.0351161,0.0351161,0.219456,0.104299,0.001
19,1019,150,14800,0.0351161,0.0351161,0.180973,0.092466,0.001
19,1019,155,15290,0.0349634,0.0349634,0.175152,0.0807949,0.001
19,1019,160,15780,0.0348032,0.0348032,0.213558,0.0966681,0.001
19,1019,165,16270,0.0348032,0.0348032,0.164699,0.0951053,0.001
19,1019,170,16760,0.0348032,0.0348032,0.206126,0.111615,0.001
19,1019,175,17250,0.0348032,0.0348032,0.240871,0.128217,0.001
19,1019,180,17740,0.0348032,0.0348032,0.23583,0.127404,0.001
19,1019,185,18230,0.0348032,0.0348032,0.219939,0.104244,0.001
19,1019,190,18720,0.0348032,0.0348032,0.186538,0.108228,0.001
19,1019,195,19210,0.0348032,0.0348032,0.276162,0.0875624,0.001
19,1019,200,19700,0.0348032,0.0348032,0.223632,0.100692,0.001
19,1019,205,20190,0.0348032,0.0348032,0.231148,0.105441,0.001
19,1019,210,20680,0.0348032,0.0348032,0.202029,0.0849639,0.001
19,1019,215,21170,0.0348032,0.0348032,0.220384,0.104498,0.001
19,1019,220,21660,0.0348032,0.0348032,0.259481,0.114993,0.001
19,1019,225,22150,0.0348032,0.0348032,0.212816,0.110867,0.001
19,1019,230,22640,0.0348032,0.0348032,0.231834,0.100938,0.001
19,1019,235,23130,0.0348032,0.0348032,0.238032,0.105665,0.001
19,1019,240,23620,0.0348032,0.0348032,0.243238,0.125728,0.001
19,1019,245,24110,0.034777,0.034777,0.216653,0.125312,0.001
19,1019,250,24600,0.034777,0.034777,0.20945,0.124418,0.001
19,1019,255,25090,0.0347636,0.0347636,0.206282,0.0901356,0.001
19,1019,260,25580,0.0346723,0.0346723,0.236129,0.123763,0.001
19,1019,265,26070,0.0346723,0.0346723,0.246204,0.129947,0.001
19,1019,270,26560,0.0346723,0.0346723,0.24362,0.133128,0.001
19,1019,275,27050,0.0346723,0.0346723,0.232375,0.121967,0.001
19,1019,280,27540,0.0346629,0.0346629,0.197523,0.0998081,0.001
19,1019,285,28030,0.0346629,0.0346629,0.243481,0.108069,0.001
19,1019,290,28520,0.034661,0.034661,0.18222,0.107235,0.001
19,1019,295,29010,0.034661,0.034661,0.2188,0.147552,0.001
19,1019,300,29500,0.034661,0.034661,0.214361,0.107424,0.001
19,1019,305,29990,0.0345955,0.0345955,0.237559,0.114732,0.001
19,1019,310,30480,0.0345955,0.0345955,0.242289,0.141101,0.001
19,1019,315,30970,0.0345955,0.0345955,0.257886,0.0992077,0.001
19,1019,320,31460,0.0345955,0.0345955,0.242596,0.0907685,0.001
19,1019,325,31950,0.0345955,0.0345955,0.182397,0.0844037,0.001
19,1019,330,32440,0.0345955,0.0345955,0.210427,0.1169,0.001
19,1019,335,32930,0.0345955,0.0345955,0.269576,0.153092,0.001
19,1019,340,33420,0.0345955,0.0345955,0.228213,0.117172,0.001
19,1019,345,33910,0.0345955,0.0345955,0.230663,0.0938451,0.001
19,1019,350,34400,0.0345955,0.0345955,0.23886,0.112552,0.001
19,1019,355,34890,0.0345955,0.0345955,0.23181,0.110077,0.001
19,1019,360,35380,0.0345955,0.0345955,0.228206,0.0970806,0.001
19,1019,365,35870,0.0345813,0.0345813,0.192464,0.0865833,0.001
19,1019,370,36360,0.0345813,0.0345813,0.244942,0.103315,0.001
19,1019,375,36850,0.0345813,0.0345813,0.221524,0.119982,0.001
19,1019,380,37340,0.0345813,0.0345813,0.22462,0.107668,0.001
19,1019,385,37830,0.0345813,0.0345813,0.251675,0.116541,0.001
19,1019,390,38320,0.0345813,0.0345813,0.248584,0.142668,0.001
19,1019,395,38810,0.0345813,0.0345813,0.242653,0.129965,0.001
19,1019,400,39300,0.0345813,0.0345813,0.226165,0.10944,0.001
19,1019,405,39790,0.0345813,0.0345813,0.197581,0.0856585,0.001
19,1019,410,40280,0.0345813,0.0345813,0.201565,0.0805776,0.001
19,1019,415,40770,0.0345813,0.0345813,0.244302,0.114888,0.001
19,1019,420,41260,0.0345636,0.0345636,0.24219,0.112739,0.001
19,1019,425,41750,0.0345636,0.0345636,0.176729,0.0928294,0.001
19,1019,430,42240,0.0345636,0.0345636,0.266065,0.132518,0.001
19,1019,435,42730,0.0345636,0.0345636,0.212605,0.104223,0.001
19,1019,440,43220,0.0345636,0.0345636,0.182067,0.106556,0.001
19,1019,445,43710,0.0345636,0.0345636,0.228854,0.123708,0.001
19,1019,450,44200,0.0345636,0.0345636,0.234431,0.128291,0.001
19,1019,455,44690,0.0345636,0.0345636,0.209065,0.112438,0.001
19,1019,460,45180,0.0345636,0.0345636,0.262567,0.127329,0.001
19,1019,465,45670,0.0345636,0.0345636,0.233241,0.134278,0.001
19,1019,470,46160,0.0345636,0.0345636,0.198959,0.128637,0.001
19,1019,475,46650,0.0345636,0.0345636,0.250522,0.117761,0.001
19,1019,480,47140,0.0345636,0.0345636,0.241811,0.116365,0.001
19,1019,485,47630,0.0345636,0.0345636,0.198787,0.127924,0.001
19,1019,490,48120,0.0345636,0.0345636,0.277644,0.11268,0.001
19,1019,495,48610,0.0345636,0.0345636,0.2412,0.107797,0.001
19,1019,500,49100,0.0345636,0.0345636,0.233322,0.121108,0.001
19,1019,505,49590,0.0345636,0.0345636,0.241628,0.150798,0.001
19,1019,510,50000,0.0345636,0.0345636,0.290221,0.154431,0.001
