run,seed,gen,evals,best_so_far,pop_best,pop_mean,pop_median,sigma_med
0,1000,0,100,100.628,100.628,293.485,304.432,nan
0,1000,5,600,69.8867,69.8867,314.067,294.89,nan
0,1000,10,1100,69.8867,116.209,297.62,285.067,nan
0,1000,15,1600,69.8867,138.32,306.008,300.549,nan
0,1000,20,2100,64.8215,136.491,307.256,304.71,nan
0,1000,25,2600,64.8215,98.7485,292.77,298.313,nan
0,1000,30,3100,59.7506,134.766,310.348,301.886,nan
0,1000,35,3600,59.7506,87.9267,293.158,288.618,nan
0,1000,40,4100,50.6646,72.7642,293.439,298.51,nan
0,1000,45,4600,50.6646,140.354,301.58,302.026,nan
0,1000,50,5100,50.6646,105.218,299.012,295.742,nan
0,1000,55,5600,50.6646,85.44,301.158,305.611,nan
0,1000,60,6100,50.6646,146.446,308.681,297.368,nan
0,1000,65,6600,50.6646,169.142,316.162,306.83,nan
0,1000,70,7100,50.6646,121.844,309.256,304.218,nan
0,1000,75,7600,50.6646,141.893,311.27,314.067,nan
0,1000,80,8100,50.6646,149.627,301.489,296.669,nan
0,1000,85,8600,50.6646,126.619,300.299,298.088,nan
0,1000,90,9100,50.6646,119.424,294.906,286.21,nan
0,1000,95,9600,50.6646,75.9747,307.785,305.551,nan
0,1000,100,10100,50.6646,93.7666,287.118,286.095,nan
0,1000,105,10600,50.6646,128.234,298.829,291.655,nan
0,1000,110,11100,50.6646,153.663,309.085,296.548,nan
0,1000,115,11600,50.6646,82.4811,299.707,306.292,nan
0,1000,120,12100,50.6646,113.788,295.335,282.173,nan
0,1000,125,12600,50.6646,113.426,298.174,286.41,nan
0,1000,130,13100,50.6646,123.696,300.671,293.595,nan
0,1000,135,13600,50.6646,74.1164,291.413,286.335,nan
0,1000,140,14100,50.6646,132.132,306.685,296.234,nan
0,1000,145,14600,50.6646,138.437,304.502,305.067,nan
0,1000,150,15100,50.6646,140.635,297.212,294.255,nan
0,1000,155,15600,50.6646,98.3824,311.777,309.675,nan
0,1000,160,16100,50.6646,66.899,301.708,292.839,nan
0,1000,165,16600,50.6646,63.4233,307.389,291.56,nan
0,1000,170,17100,50.6646,100.665,292.342,280.653,nan
0,1000,175,17600,50.6646,108.521,296.679,292.568,nan
0,1000,180,18100,50.6646,117.273,292.733,288.513,nan
0,1000,185,18600,50.6646,56.7304,298.346,295.673,nan
0,1000,190,19100,50.6646,169.971,303.027,307.223,nan
0,1000,195,19600,50.6646,95.0852,298.366,302.638,nan
0,1000,200,20100,50.6646,70.8865,295.654,288.922,nan
0,1000,205,20600,50.6646,151.561,307.065,307.454,nan
0,1000,210,21100,50.6646,56.4555,292.886,290.265,nan
0,1000,215,21600,50.6646,93.0461,300.447,293.656,nan
0,1000,220,22100,50.6646,112.151,304.099,301.752,nan
0,1000,225,22600,50.6646,113.848,298.677,295.266,nan
0,1000,230,23100,47.2825,139.57,326.118,319.025,nan
0,1000,235,23600,47.2825,133.307,310.3,310.218,nan
0,1000,240,24100,47.2825,104.17,301.841,293.263,nan
0,1000,245,24600,47.2825,117.408,296.623,297.109,nan
0,1000,250,25100,47.2825,95.2289,304.434,294.021,nan
0,1000,255,25600,47.2825,87.238,292.697,277.966,nan
0,1000,260,26100,47.2825,124.671,302.138,310.939,nan
0,1000,265,26600,47.2825,71.4309,299.229,302.109,nan
0,1000,270,27100,47.2825,112.612,315.492,307.059,nan
0,1000,275,27600,47.2825,111.106,299.327,306.073,nan
0,1000,280,28100,47.2825,112.871,295.145,298.726,nan
0,1000,285,28600,47.2825,101.397,288.77,288.563,nan
0,1000,290,29100,47.2825,128.495,297.954,298.349,nan
0,1000,295,29600,47.2825,61.9759,297.681,301.749,nan
0,1000,300,30100,47.2825,102.2,293.492,291.217,nan
0,1000,305,30600,47.2825,57.0005,301.377,283.978,nan
0,1000,310,31100,47.2825,110.604,288.967,283.56,nan
0,1000,315,31600,47.2825,132.422,307.654,306.703,nan
0,1000,320,32100,47.2825,101.958,305.633,299.175,nan
0,1000,325,32600,47.2825,105.583,290.208,277.244,nan
0,1000,330,33100,47.2825,117.096,313.37,312.198,nan
0,1000,335,33600,47.2825,118.271,302.537,290.361,nan
0,1000,340,34100,47.2825,140.792,317.648,325.993,nan
0,1000,345,34600,47.2825,118.827,306.582,308.84,nan
0,1000,350,35100,47.2825,86.2814,300.369,300.358,nan
0,1000,355,35600,47.2825,75.8279,278.086,273.099,nan
0,1000,360,36100,47.2825,76.3212,302.296,298.113,nan
0,1000,365,36600,47.2825,92.597,297.534,279.949,nan
0,1000,370,37100,47.2825,139.791,295.22,291.944,nan
0,1000,375,37600,47.2825,137.17,307.827,308.678,nan
0,1000,380,38100,47.2825,86.6048,307.192,301.512,nan
0,1000,385,38600,47.2825,143.365,300.781,297.011,nan
0,1000,390,39100,47.2825,96.3492,298.863,303.219,nan
0,1000,395,39600,47.2825,93.1648,298.901,296.864,nan
0,1000,400,40100,47.2825,144.059,310.989,305.668,nan
0,1000,405,40600,47.2825,121.038,304.038,303.851,nan
0,1000,410,41100,47.2825,107.47,298.472,292.676,nan
0,1000,415,41600,47.2825,113.835,298.838,289.263,nan
0,1000,420,42100,47.2825,104.113,311.055,311.647,nan
0,1000,425,42600,47.2825,106.488,282.55,269.016,nan
0,1000,430,43100,47.2825,88.819,295.497,298.636,nan
0,1000,435,43600,47.2825,95.3045,298.335,300.222,nan
0,1000,440,44100,47.2825,90.4868,303.06,298.253,nan
0,1000,445,44600,47.2825,123.389,303.929,292.679,nan
0,1000,450,45100,47.2825,105.583,303.331,304.263,nan
0,1000,455,45600,47.2825,93.2372,294.44,297.874,nan
0,1000,460,46100,47.2825,139.777,296.395,290.763,nan
0,1000,465,46600,47.2825,112.725,295.602,294.416,nan
0,1000,470,47100,47.2825,89.703,291.535,296.546,nan
0,1000,475,47600,47.2825,93.9628,300.529,300.58,nan
0,1000,480,48100,47.2825,63.092,291.682,284.684,nan
0,1000,485,48600,47.2825,118.965,317.001,316.231,nan
0,1000,490,49100,47.2825,98.439,306.981,311.343,nan
0,1000,495,49600,47.2825,89.5308,304.403,298.041,nan
0,1000,499,50000,47.2825,122.988,305.73,302.313,nan
1,1001,0,100,108.37,108.37,295.742,290.623,nan
1,1001,5,600,47.7011,47.7011,290.351,286.995,nan
1,1001,10,1100,47.7011,114.324,284.262,277.998,nan
1,1001,15,1600,47.7011,111.261,305.791,291.429,nan
1,1001,20,2100,47.7011,104.231,293.541,290.972,nan
1,1001,25,2600,47.7011,126.381,303.961,305.917,nan
1,1001,30,3100,47.7011,83.452,299.314,295.835,nan
1,1001,35,3600,47.7011,123.715,309.133,306.625,nan
1,1001,40,4100,47.7011,97.0501,306.403,306.782,nan
1,1001,45,4600,47.7011,118.72,316.375,322.41,nan
1,1001,50,5100,47.7011,165.267,303.208,296.334,nan
1,1001,55,5600,47.7011,130.726,312.216,317.086,nan
1,1001,60,6100,47.7011,127.458,314.298,300.824,nan
1,1001,65,6600,47.7011,149.896,304.714,301.961,nan
1,1001,70,7100,47.7011,75.7504,291.43,294.866,nan
1,1001,75,7600,47.7011,118.529,309.562,302.487,nan
1,1001,80,8100,47.7011,80.5802,280.544,273.467,nan
1,1001,85,8600,47.7011,74.5057,301.161,293.077,nan
1,1001,90,9100,47.7011,150.146,318.08,320.304,nan
1,1001,95,9600,47.7011,63.5416,295.587,299.926,nan
1,1001,100,10100,35.2783,35.2783,291.99,292.154,nan
1,1001,105,10600,35.2783,119.106,291.482,281.939,nan
1,1001,110,11100,35.2783,109.18,305.846,302.069,nan
1,1001,115,11600,35.2783,62.0687,300.485,303.103,nan
1,1001,120,12100,35.2783,95.3975,301.365,292.33,nan
1,1001,125,12600,35.2783,138.785,315.363,304.716,nan
1,1001,130,13100,35.2783,89.1225,284.787,281.581,nan
1,1001,135,13600,35.2783,118.195,302.446,303.766,nan
1,1001,140,14100,35.2783,86.7456,314.693,315.809,nan
1,1001,145,14600,35.2783,76.3557,297.775,298.959,nan
1,1001,150,15100,35.2783,89.8316,307.812,309.596,nan
1,1001,155,15600,35.2783,100.951,305.932,302.081,nan
1,1001,160,16100,35.2783,106.397,301.039,301.965,nan
1,1001,165,16600,35.2783,75.0646,292.337,293.655,nan
1,1001,170,17100,35.2783,109.428,309.532,308.918,nan
1,1001,175,17600,35.2783,100.762,306.447,303.636,nan
1,1001,180,18100,35.2783,67.3153,298.646,284.482,nan
1,1001,185,18600,35.2783,118.417,286.427,281.211,nan
1,1001,190,19100,35.2783,88.7929,305.765,299.76,nan
1,1001,195,19600,35.2783,87.3953,291.287,293.01,nan
1,1001,200,20100,35.2783,73.3845,294.187,281.709,nan
1,1001,205,20600,35.2783,92.5169,313.992,323.325,nan
1,1001,210,21100,35.2783,82.4109,312.518,313.359,nan
1,1001,215,21600,35.2783,109.459,304.697,301.654,nan
1,1001,220,22100,35.2783,100.386,293.791,298.181,nan
1,1001,225,22600,35.2783,147.401,310.526,308.245,nan
1,1001,230,23100,35.2783,76.7547,288.273,287.609,nan
1,1001,235,23600,35.2783,100.669,302.141,305.777,nan
1,1001,240,24100,35.2783,82.4796,288.166,287.739,nan
1,1001,245,24600,35.2783,112.774,311.613,302.476,nan
1,1001,250,25100,35.2783,86.7611,290.624,292.589,nan
1,1001,255,25600,35.2783,87.7567,311.253,308.523,nan
1,1001,260,26100,35.2783,129.608,298.733,284.424,nan
1,1001,265,26600,35.2783,116.834,310.142,306.253,nan
1,1001,270,27100,35.2783,100.347,297.535,300.919,nan
1,1001,275,27600,35.2783,88.0732,288.582,286.605,nan
1,1001,280,28100,35.2783,89.9898,312.472,309.391,nan
1,1001,285,28600,35.2783,125.267,309.373,306.397,nan
1,1001,290,29100,35.2783,95.6894,309.71,310.084,nan
1,1001,295,29600,35.2783,114.824,294.123,287.446,nan
1,1001,300,30100,35.2783,124.463,314.957,310.713,nan
1,1001,305,30600,35.2783,139.438,304.374,313.441,nan
1,1001,310,31100,35.2783,115.827,287.103,289.434,nan
1,1001,315,31600,35.2783,120.591,297.821,303.838,nan
1,1001,320,32100,35.2783,83.8058,308.548,300.512,nan
1,1001,325,32600,35.2783,108.413,301.754,292.643,nan
1,1001,330,33100,35.2783,96.0696,299.408,299.494,nan
1,1001,335,33600,35.2783,135.45,300.735,298.681,nan
1,1001,340,34100,35.2783,98.8946,310.915,314.455,nan
1,1001,345,34600,35.2783,125.532,306.302,298.31,nan
1,1001,350,35100,35.2783,124.788,300.252,291.41,nan
1,1001,355,35600,35.2783,115.392,289.588,284.722,nan
1,1001,360,36100,35.2783,149.04,311.909,305.098,nan
1,1001,365,36600,35.2783,112.721,294.408,286.002,nan
1,1001,370,37100,35.2783,121.467,300.703,296.979,nan
1,1001,375,37600,35.2783,101.195,284.927,277.437,nan
1,1001,380,38100,35.2783,148.231,300.167,297.562,nan
1,1001,385,38600,35.2783,127.442,300.129,292.026,nan
1,1001,390,39100,35.2783,73.7151,292.996,290.868,nan
1,1001,395,39600,35.2783,90.0793,295.778,293.098,nan
1,1001,400,40100,35.2783,116.032,302.829,301.257,nan
1,1001,405,40600,35.2783,103.211,298.968,292.685,nan
1,1001,410,41100,35.2783,127.999,302.545,312.284,nan
1,1001,415,41600,35.2783,107.852,300.927,297.618,nan
1,1001,420,42100,35.2783,144.047,296.924,295.491,nan
1,1001,425,42600,35.2783,106.09,296.424,290.868,nan
1,1001,430,43100,35.2783,50.3495,287.616,278.208,nan
1,1001,435,43600,35.2783,139.302,292.429,286.695,nan
1,1001,440,44100,35.2783,124.892,304.52,299.777,nan
1,1001,445,44600,35.2783,117.133,311.737,307.418,nan
1,1001,450,45100,35.2783,129.447,293.641,296.753,nan
1,1001,455,45600,35.2783,130.549,293.018,276.964,nan
1,1001,460,46100,35.2783,104.368,289.687,290.765,nan
1,1001,465,46600,35.2783,97.473,285.514,295.071,nan
1,1001,470,47100,35.2783,71.2479,297.337,294.014,nan
1,1001,475,47600,35.2783,122.373,300.225,293.882,nan
1,1001,480,48100,35.2783,126.938,299.978,289.776,nan
1,1001,485,48600,35.2783,128.896,286.882,268.68,nan
1,1001,490,49100,35.2783,114.736,299.117,303.583,nan
1,1001,495,49600,35.2783,139.897,299.652,295.569,nan
1,1001,499,50000,35.2783,157.231,306.898,296.92,nan
2,1002,0,100,103.106,103.106,301.662,302.775,nan
2,1002,5,600,77.3908,128.728,318.948,312.614,nan
2,1002,10,1100,77.3908,81.9429,313.486,304.355,nan
2,1002,15,1600,71.7867,118.79,294.769,281.875,nan
2,1002,20,2100,46.0407,46.0407,293.81,298.487,nan
2,1002,25,2600,46.0407,129.69,302.619,298.684,nan
2,1002,30,3100,46.0407,91.5251,305.639,316.843,nan
2,1002,35,3600,46.0407,137.514,308.169,305.577,nan
2,1002,40,4100,46.0407,111.954,305.676,304.032,nan
2,1002,45,4600,46.0407,105.167,296.847,286.963,nan
2,1002,50,5100,46.0407,126.941,310.83,314.763,nan
2,1002,55,5600,46.0407,121.307,302.301,291.747,nan
2,1002,60,6100,46.0407,89.9899,297.158,298.655,nan
2,1002,65,6600,46.0407,120.88,308.348,305.088,nan
2,1002,70,7100,46.0407,102.807,304.446,299.934,nan
2,1002,75,7600,46.0407,109.499,305.203,303.729,nan
2,1002,80,8100,46.0407,124.377,318.669,321.309,nan
2,1002,85,8600,46.0407,119.8,298.647,294.93,nan
2,1002,90,9100,46.0407,104.729,297.383,290.634,nan
2,1002,95,9600,46.0407,95.4858,319.127,314.725,nan
2,1002,100,10100,46.0407,89.9111,295.267,286.542,nan
2,1002,105,10600,46.0407,151.076,312.052,316.256,nan
2,1002,110,11100,46.0407,87.4838,303.576,308.297,nan
2,1002,115,11600,46.0407,87.1563,308.614,307.435,nan
2,1002,120,12100,46.0407,80.1256,298.432,296.524,nan
2,1002,125,12600,43.5518,118.17,296.3,293.961,nan
2,1002,130,13100,43.5518,101.596,298.652,283.126,nan
2,1002,135,13600,35.152,35.152,302.629,299.729,nan
2,1002,140,14100,35.152,119.003,294.17,289.29,nan
2,1002,145,14600,35.152,48.1892,283.819,280.016,nan
2,1002,150,15100,35.152,108.263,295.444,283.11,nan
2,1002,155,15600,35.152,128.037,291.418,279.759,nan
2,1002,160,16100,35.152,133.94,307.949,300.343,nan
2,1002,165,16600,35.152,68.49,291.277,289.869,nan
2,1002,170,17100,35.152,69.5649,307.813,306.942,nan
2,1002,175,17600,35.152,85.3103,308.953,300.823,nan
2,1002,180,18100,35.152,105.008,302.185,303.05,nan
2,1002,185,18600,35.152,87.0109,291.568,273.336,nan
2,1002,190,19100,35.152,98.5701,295.585,296.638,nan
2,1002,195,19600,35.152,119.776,296.485,300.464,nan
2,1002,200,20100,35.152,95.8606,319.122,315.501,nan
2,1002,205,20600,35.152,143.057,305.615,302.839,nan
2,1002,210,21100,35.152,51.4824,305.196,307.944,nan
2,1002,215,21600,35.152,97.7828,298.244,292.26,nan
2,1002,220,22100,35.152,90.8227,312.093,316.598,nan
2,1002,225,22600,35.152,87.2172,295.059,293.342,nan
2,1002,230,23100,35.152,88.1045,313.91,315.72,nan
2,1002,235,23600,35.152,70.9285,305.965,292.533,nan
2,1002,240,24100,35.152,101.532,300.291,294.672,nan
2,1002,245,24600,35.152,110.629,296.816,295.156,nan
2,1002,250,25100,35.152,118.276,318.939,314.827,nan
2,1002,255,25600,35.152,129.315,310.744,300.315,nan
2,1002,260,26100,35.152,108.634,296.125,300.368,nan
2,1002,265,26600,35.152,171.926,300.777,287.031,nan
2,1002,270,27100,35.152,91.6446,305.337,303.375,nan
2,1002,275,27600,35.152,115.822,286.143,278.301,nan
2,1002,280,28100,35.152,66.2414,300.968,299.771,nan
2,1002,285,28600,35.152,145.698,303.308,289.302,nan
2,1002,290,29100,35.152,127.79,318.209,317.322,nan
2,1002,295,29600,35.152,143.884,303.272,300.141,nan
2,1002,300,30100,35.152,132.434,310.967,311.119,nan
2,1002,305,30600,35.152,101.473,294.771,302.175,nan
2,1002,310,31100,35.152,117.152,297.487,288.806,nan
2,1002,315,31600,35.152,40.7741,312.85,320.466,nan
2,1002,320,32100,35.152,115.481,293.715,304.832,nan
2,1002,325,32600,35.152,157.605,307.268,302.535,nan
2,1002,330,33100,35.152,102.351,300.49,291.937,nan
2,1002,335,33600,35.152,96.4098,303.744,310.892,nan
2,1002,340,34100,35.152,99.0543,295.284,286.786,nan
2,1002,345,34600,35.152,161.416,312.354,313.885,nan
2,1002,350,35100,35.152,107.511,306.605,298.785,nan
2,1002,355,35600,35.152,141.163,303.226,298.617,nan
2,1002,360,36100,35.152,109.907,305.928,297.841,nan
2,1002,365,36600,35.152,93.2393,291.441,299.563,nan
2,1002,370,37100,35.152,146.667,297.244,287.369,nan
2,1002,375,37600,35.152,108.252,305.372,304.257,nan
2,1002,380,38100,35.152,123.448,300.198,294.681,nan
2,1002,385,38600,35.152,52.3927,287.664,273.012,nan
2,1002,390,39100,35.152,131.5,286.371,278.906,nan
2,1002,395,39600,35.152,131.825,295.661,291.484,nan
2,1002,400,40100,35.152,111.628,307.929,301.885,nan
2,1002,405,40600,35.152,129.071,301.338,303.029,nan
2,1002,410,41100,35.152,133.352,306.043,295.665,nan
2,1002,415,41600,35.152,62.4645,301.315,308.668,nan
2,1002,420,42100,35.152,90.2314,319.334,321.582,nan
2,1002,425,42600,35.152,82.4529,314.778,312.985,nan
2,1002,430,43100,35.152,117.136,301.835,298.315,nan
2,1002,435,43600,35.152,101.568,305.784,301.061,nan
2,1002,440,44100,35.152,97.16,291.582,278.751,nan
2,1002,445,44600,35.152,81.6007,292.005,293.328,nan
2,1002,450,45100,35.152,121.977,310.417,310.241,nan
2,1002,455,45600,35.152,128.483,315.637,310.885,nan
2,1002,460,46100,35.152,122.199,314.173,307.829,nan
2,1002,465,46600,35.152,75.2162,304.498,292.365,nan
2,1002,470,47100,35.152,126.727,304.621,298.815,nan
2,1002,475,47600,35.152,105.027,292.534,298.772,nan
2,1002,480,48100,35.152,139.972,293.583,295.75,nan
2,1002,485,48600,30.5485,100.695,300.648,297.068,nan
2,1002,490,49100,30.5485,120.937,308.007,307.955,nan
2,1002,495,49600,30.5485,140.866,308.823,315.266,nan
2,1002,499,50000,30.5485,113.32,295.468,292.431,nan
3,1003,0,100,113.617,113.617,308.072,301.35,nan
3,1003,5,600,66.5721,152.684,326.38,324.386,nan
3,1003,10,1100,66.5721,122.602,297.16,301.484,nan
3,1003,15,1600,66.5721,75.8083,280.658,279.858,nan
3,1003,20,2100,66.5721,111.439,298.229,296.898,nan
3,1003,25,2600,66.5721,96.2706,300.782,301.954,nan
3,1003,30,3100,66.5721,145.897,301.303,293.795,nan
3,1003,35,3600,65.1683,126.404,321.388,321.516,nan
3,1003,40,4100,65.1683,104.265,306.862,308.751,nan
3,1003,45,4600,65.1683,94.0585,298.883,304.72,nan
3,1003,50,5100,65.1683,133.534,313.855,302.078,nan
3,1003,55,5600,56.6765,65.513,297.791,302.806,nan
3,1003,60,6100,56.6765,103.286,306.488,304.118,nan
3,1003,65,6600,56.6765,104.675,308.58,305.109,nan
3,1003,70,7100,56.6765,103.151,302.269,305.787,nan
3,1003,75,7600,56.6765,143.829,308.267,295.385,nan
3,1003,80,8100,56.6765,122.424,295.265,300.984,nan
3,1003,85,8600,56.6765,151.674,302.914,296.654,nan
3,1003,90,9100,56.6765,90.1045,296.646,290.656,nan
3,1003,95,9600,56.6765,90.0973,306.9,302.676,nan
3,1003,100,10100,56.6765,138.141,295.355,290.824,nan
3,1003,105,10600,56.6765,75.0459,287.483,292.906,nan
3,1003,110,11100,56.6765,91.0531,280.142,262.341,nan
3,1003,115,11600,56.6765,70.8594,306.578,301.65,nan
3,1003,120,12100,56.6765,89.2521,305.702,306.838,nan
3,1003,125,12600,56.6765,119.362,319.006,314.175,nan
3,1003,130,13100,56.6765,88.6185,300.098,287.852,nan
3,1003,135,13600,56.6765,98.7643,298.765,290.102,nan
3,1003,140,14100,56.6765,104.175,285.603,279.208,nan
3,1003,145,14600,56.6765,85.5034,305.974,300.145,nan
3,1003,150,15100,56.6765,108.504,298.941,295.117,nan
3,1003,155,15600,56.6765,76.2368,293.463,298.485,nan
3,1003,160,16100,56.6765,128.864,295.709,292.264,nan
3,1003,165,16600,56.6765,131.519,309.837,299.434,nan
3,1003,170,17100,56.6765,71.7004,298.293,285.7,nan
3,1003,175,17600,56.6765,121.491,310.134,319.277,nan
3,1003,180,18100,56.6765,123.549,306.028,308.736,nan
3,1003,185,18600,56.6765,89.2621,299.355,284.392,nan
3,1003,190,19100,56.6765,108.983,298.159,293.74,nan
3,1003,195,19600,56.6765,99.5065,301.009,304.693,nan
3,1003,200,20100,56.6765,136.544,303.891,301.764,nan
3,1003,205,20600,56.6765,75.0467,303.86,304.329,nan
3,1003,210,21100,56.6765,138.152,301.52,293.758,nan
3,1003,215,21600,56.6765,83.9357,302.809,296.08,nan
3,1003,220,22100,56.6765,109.404,302.095,297.17,nan
3,1003,225,22600,56.6765,132.657,297.571,294.882,nan
3,1003,230,23100,56.6765,116.203,293.325,285.869,nan
3,1003,235,23600,47.6086,96.8734,296.503,297.139,nan
3,1003,240,24100,47.6086,92.1486,282.999,288.124,nan
3,1003,245,24600,43.7821,94.574,298.473,292.575,nan
3,1003,250,25100,43.7821,103.738,299.542,300.656,nan
3,1003,255,25600,43.7821,109.696,307.177,326.507,nan
3,1003,260,26100,43.7821,171.821,318.082,306.463,nan
3,1003,265,26600,43.7821,149.314,312.604,309.546,nan
3,1003,270,27100,43.7821,119.877,302.144,294.496,nan
3,1003,275,27600,43.7821,130.212,301.411,299.179,nan
3,1003,280,28100,43.7821,125.271,304.482,296.412,nan
3,1003,285,28600,43.7821,49.2329,300.798,295.414,nan
3,1003,290,29100,43.7821,80.1307,287.862,283.817,nan
3,1003,295,29600,43.7821,75.9311,294.154,289.298,nan
3,1003,300,30100,43.7821,140.241,299.11,292.398,nan
3,1003,305,30600,43.7821,104.886,304.717,298.818,nan
3,1003,310,31100,43.7821,75.8544,293.518,286.575,nan
3,1003,315,31600,43.7821,121.391,313.01,315.815,nan
3,1003,320,32100,43.7821,130.511,309.463,303.76,nan
3,1003,325,32600,43.7821,47.7868,285.844,282.219,nan
3,1003,330,33100,43.7821,136.697,293.922,293.099,nan
3,1003,335,33600,39.123,73.7116,289.402,292.429,nan
3,1003,340,34100,39.123,120.957,307.3,306.088,nan
3,1003,345,34600,39.123,130.163,294.152,290.404,nan
3,1003,350,35100,39.123,99.5162,306.252,303.563,nan
3,1003,355,35600,39.123,77.7307,295.128,296.698,nan
3,1003,360,36100,39.123,113.721,290.875,299.236,nan
3,1003,365,36600,39.123,99.3422,307.359,307.332,nan
3,1003,370,37100,39.123,130.34,318.233,320.003,nan
3,1003,375,37600,39.123,129.462,305.286,303.62,nan
3,1003,380,38100,39.123,127.618,296.785,291.028,nan
3,1003,385,38600,39.123,86.1355,294.736,286.347,nan
3,1003,390,39100,39.123,98.2324,292.11,286.309,nan
3,1003,395,39600,39.123,101.22,299.779,298.26,nan
3,1003,400,40100,39.123,141.932,312.635,304.52,nan
3,1003,405,40600,39.123,86.7925,307.262,306.548,nan
3,1003,410,41100,39.123,87.7887,290.77,293.695,nan
3,1003,415,41600,39.123,117.929,289.722,289.014,nan
3,1003,420,42100,39.123,68.2693,296.818,288.926,nan
3,1003,425,42600,39.123,125.342,301.434,299.013,nan
3,1003,430,43100,39.123,46.4092,302.856,292.817,nan
3,1003,435,43600,39.123,69.0798,286.328,284.569,nan
3,1003,440,44100,39.123,130.62,305.002,302.715,nan
3,1003,445,44600,39.123,69.1187,305.148,306.11,nan
3,1003,450,45100,39.123,98.4385,319.184,310.41,nan
3,1003,455,45600,32.3866,32.3866,306.492,301.585,nan
3,1003,460,46100,32.3866,80.5927,281.259,283.562,nan
3,1003,465,46600,32.3866,139.966,300.058,293.267,nan
3,1003,470,47100,32.3866,90.3782,296.953,287.162,nan
3,1003,475,47600,32.3866,120.21,293.699,291.006,nan
3,1003,480,48100,32.3866,85.7379,309.274,303.782,nan
3,1003,485,48600,32.3866,136.687,296.524,288.664,nan
3,1003,490,49100,32.3866,162.299,317.765,312.149,nan
3,1003,495,49600,32.3866,49.0711,311.724,318.684,nan
3,1003,499,50000,32.3866,117.718,303.918,305.758,nan
4,1004,0,100,87.1399,87.1399,304.782,309.677,nan
4,1004,5,600,85.9769,107.463,308.139,300.927,nan
4,1004,10,1100,59.907,99.1491,284.466,281.135,nan
4,1004,15,1600,59.907,112.461,300.053,290.979,nan
4,1004,20,2100,47.5297,132.455,284.1,280.471,nan
4,1004,25,2600,47.5297,109.28,296.596,293.727,nan
4,1004,30,3100,47.5297,119.769,295.168,299.287,nan
4,1004,35,3600,47.5297,123.494,298.45,294.021,nan
4,1004,40,4100,47.5297,105.982,302.664,306.022,nan
4,1004,45,4600,47.5297,104.917,289.733,289.258,nan
4,1004,50,5100,47.5297,100.685,304.531,300.151,nan
4,1004,55,5600,47.5297,139.518,302.301,301.33,nan
4,1004,60,6100,47.5297,136.955,291.973,273.319,nan
4,1004,65,6600,47.5297,84.4575,294.476,283.327,nan
4,1004,70,7100,47.5297,57.8371,301.843,300.532,nan
4,1004,75,7600,47.5297,112.833,298.113,303.129,nan
4,1004,80,8100,47.5297,137.945,306.997,301.058,nan
4,1004,85,8600,47.5297,106.036,302.381,297.863,nan
4,1004,90,9100,47.5297,105.007,296.096,290.506,nan
4,1004,95,9600,47.5297,118.768,297.388,311.079,nan
4,1004,100,10100,47.5297,71.6995,310.888,310.958,nan
4,1004,105,10600,47.5297,115.018,289.992,277.768,nan
4,1004,110,11100,47.5297,120.912,295.466,295.82,nan
4,1004,115,11600,47.5297,117.532,286.079,278.541,nan
4,1004,120,12100,47.5297,94.8273,299.986,285.938,nan
4,1004,125,12600,47.5297,103.563,297.812,298.676,nan
4,1004,130,13100,47.5297,133.748,294.579,291.812,nan
4,1004,135,13600,47.5297,117.938,282.453,279.142,nan
4,1004,140,14100,47.5297,131.869,292.429,285.417,nan
4,1004,145,14600,47.5297,88.2693,327.057,327.788,nan
4,1004,150,15100,47.5297,161.981,301.174,290.05,nan
4,1004,155,15600,47.5297,64.1298,302.531,303.106,nan
4,1004,160,16100,47.5297,115.021,312.548,310.535,nan
4,1004,165,16600,47.5297,122.555,297.896,297.134,nan
4,1004,170,17100,44.5219,116.984,297.917,302.323,nan
4,1004,175,17600,44.5219,108.991,301.302,293.803,nan
4,1004,180,18100,44.5219,134.273,315.145,312.516,nan
4,1004,185,18600,44.5219,95.0106,306.065,309.121,nan
4,1004,190,19100,44.5219,88.3878,312.202,318.212,nan
4,1004,195,19600,44.5219,111.228,317.108,324.102,nan
4,1004,200,20100,43.5985,72.0385,296.374,295.769,nan
4,1004,205,20600,43.5985,120.143,313.148,325.259,nan
4,1004,210,21100,43.5985,117.36,300.227,302.774,nan
4,1004,215,21600,43.5985,145.359,312.316,310.951,nan
4,1004,220,22100,43.5985,100.225,306.739,308.068,nan
4,1004,225,22600,43.5985,108.09,297.314,293.179,nan
4,1004,230,23100,43.5985,98.5378,301.394,289.978,nan
4,1004,235,23600,43.5985,111.796,310.045,295.949,nan
4,1004,240,24100,43.5985,125.78,302.308,304.467,nan
4,1004,245,24600,43.5985,58.8461,293.789,304.407,nan
4,1004,250,25100,43.5985,97.8478,299.634,292.566,nan
4,1004,255,25600,43.5985,131.059,287.67,291.356,nan
4,1004,260,26100,43.5985,129.983,291.106,288.665,nan
4,1004,265,26600,43.5985,65.6197,314.871,316.674,nan
4,1004,270,27100,43.5985,135.363,315.673,312.373,nan
4,1004,275,27600,35.5147,35.5147,289.573,302.327,nan
4,1004,280,28100,35.5147,128.986,291.786,284.598,nan
4,1004,285,28600,35.5147,68.698,293.174,301.724,nan
4,1004,290,29100,35.5147,96.0181,291.479,299.082,nan
4,1004,295,29600,35.5147,42.3707,299.468,288.772,nan
4,1004,300,30100,35.5147,116.562,311.798,302.188,nan
4,1004,305,30600,35.5147,115.942,299.973,305.731,nan
4,1004,310,31100,35.5147,130.482,318.858,325.136,nan
4,1004,315,31600,32.5204,121.847,303.588,293.314,nan
4,1004,320,32100,32.5204,112.4,303.199,309.427,nan
4,1004,325,32600,32.5204,88.6875,299.044,310.864,nan
4,1004,330,33100,32.5204,109.65,297.81,301.131,nan
4,1004,335,33600,32.5204,114.237,307.184,301.517,nan
4,1004,340,34100,32.5204,105.528,303.042,298.217,nan
4,1004,345,34600,32.5204,97.3575,281.099,274.805,nan
4,1004,350,35100,32.5204,84.869,307.38,300.641,nan
4,1004,355,35600,32.5204,136.248,302.205,292.36,nan
4,1004,360,36100,32.5204,101.824,297.742,294.196,nan
4,1004,365,36600,32.5204,62.4377,306.258,297.069,nan
4,1004,370,37100,32.5204,99.9682,292.623,294.369,nan
4,1004,375,37600,32.5204,129.188,289.739,271.608,nan
4,1004,380,38100,32.5204,85.0667,287.108,289.802,nan
4,1004,385,38600,32.5204,134.316,289.074,278.739,nan
4,1004,390,39100,32.5204,69.3697,290.198,286.34,nan
4,1004,395,39600,32.5204,120.224,302.75,302.138,nan
4,1004,400,40100,32.5204,93.0772,300.094,307.895,nan
4,1004,405,40600,32.5204,84.4414,296.407,298.262,nan
4,1004,410,41100,32.5204,119.047,311.545,303.105,nan
4,1004,415,41600,32.5204,98.2604,300.499,298.684,nan
4,1004,420,42100,32.5204,113.398,314.796,313.309,nan
4,1004,425,42600,32.5204,83.3775,322.625,313.32,nan
4,1004,430,43100,32.5204,106.776,297.336,292.013,nan
4,1004,435,43600,32.5204,117.533,313.97,307.367,nan
4,1004,440,44100,32.5204,128.279,309.599,308.106,nan
4,1004,445,44600,32.5204,143.586,292.22,279.837,nan
4,1004,450,45100,32.5204,150.921,294.074,285.037,nan
4,1004,455,45600,32.5204,43.2821,290.053,275.629,nan
4,1004,460,46100,32.5204,119.401,304.189,309.344,nan
4,1004,465,46600,32.5204,114.366,303.399,299.163,nan
4,1004,470,47100,32.5204,106.396,299.835,297.115,nan
4,1004,475,47600,32.5204,40.2724,304.281,304.723,nan
4,1004,480,48100,32.5204,62.9151,293.758,288.685,nan
4,1004,485,48600,32.5204,127.184,286.466,276.519,nan
4,1004,490,49100,32.5204,103.334,297.571,292.071,nan
4,1004,495,49600,32.5204,82.7394,299.581,301.406,nan
4,1004,499,50000,32.5204,107.756,306.159,297.462,nan
5,1005,0,100,145.688,145.688,300.842,297.848,nan
5,1005,5,600,66.1941,154.555,308.949,306.511,nan
5,1005,10,1100,66.1941,96.7177,303.331,304.022,nan
5,1005,15,1600,66.1941,150.672,311.722,305.245,nan
5,1005,20,2100,66.1941,112.099,299.059,306.139,nan
5,1005,25,2600,64.7585,140.942,308.716,306.944,nan
5,1005,30,3100,64.7585,105.21,304.188,312.336,nan
5,1005,35,3600,63.2663,135.895,306.222,302.585,nan
5,1005,40,4100,63.2663,131.02,311.246,314.548,nan
5,1005,45,4600,60.0037,138.916,292.933,295.132,nan
5,1005,50,5100,60.0037,120.941,307.146,312.404,nan
5,1005,55,5600,60.0037,99.9,303.33,302.305,nan
5,1005,60,6100,60.0037,105.893,306.711,309.108,nan
5,1005,65,6600,60.0037,76.3562,305.696,295.461,nan
5,1005,70,7100,60.0037,122.858,296.524,292.171,nan
5,1005,75,7600,60.0037,103.277,296.657,295.335,nan
5,1005,80,8100,60.0037,107.853,295.119,298.207,nan
5,1005,85,8600,60.0037,119.211,299.446,301.13,nan
5,1005,90,9100,60.0037,128.169,305.602,308.648,nan
5,1005,95,9600,60.0037,126.968,295.553,288.325,nan
5,1005,100,10100,56.0655,71.0028,295.833,286.169,nan
5,1005,105,10600,56.0655,105.173,293.623,283.869,nan
5,1005,110,11100,56.0655,115.851,293.786,285.405,nan
5,1005,115,11600,56.0655,91.6064,284.654,280.724,nan
5,1005,120,12100,56.0655,86.2248,292.656,289.882,nan
5,1005,125,12600,56.0655,136.139,304.308,303.493,nan
5,1005,130,13100,55.9493,84.3048,294.049,286.414,nan
5,1005,135,13600,55.9493,118.849,301.519,294.735,nan
5,1005,140,14100,55.9493,111.043,299.514,292.654,nan
5,1005,145,14600,55.9493,88.1014,309.895,303.522,nan
5,1005,150,15100,55.9493,64.3271,295.551,295.701,nan
5,1005,155,15600,55.9493,71.655,292.231,282.496,nan
5,1005,160,16100,55.9493,117.409,302.761,299.867,nan
5,1005,165,16600,55.9493,133.881,293.008,288.175,nan
5,1005,170,17100,55.9493,102.901,287.686,284.163,nan
5,1005,175,17600,55.9493,86.315,295.796,290.001,nan
5,1005,180,18100,55.9493,118.208,301.434,295.78,nan
5,1005,185,18600,55.9493,129.757,289.391,280.511,nan
5,1005,190,19100,55.9493,122.715,290.806,300.32,nan
5,1005,195,19600,55.9493,138.148,304.094,291.394,nan
5,1005,200,20100,55.9493,108.598,295.749,295.163,nan
5,1005,205,20600,44.6449,103.668,303.555,300.265,nan
5,1005,210,21100,44.6449,116.189,300.805,306.939,nan
5,1005,215,21600,44.6449,77.9963,296.278,295.861,nan
5,1005,220,22100,40.112,86.4926,310.2,302.29,nan
5,1005,225,22600,40.112,130.228,285.148,285.274,nan
5,1005,230,23100,40.112,158.057,294.328,281.905,nan
5,1005,235,23600,40.112,74.2316,290.949,280.753,nan
5,1005,240,24100,40.112,102.027,306.381,310.226,nan
5,1005,245,24600,37.4745,114.728,291.491,285.294,nan
5,1005,250,25100,37.4745,127.54,308.126,300.271,nan
5,1005,255,25600,37.4745,118.221,308.927,298.477,nan
5,1005,260,26100,37.4745,133.924,297.035,303.606,nan
5,1005,265,26600,37.4745,101.545,293.738,294.637,nan
5,1005,270,27100,37.4745,111.189,308.249,302.686,nan
5,1005,275,27600,37.4745,141.495,318.286,316.815,nan
5,1005,280,28100,37.4745,137.656,306.64,302.893,nan
5,1005,285,28600,37.4745,131.654,308.969,320.347,nan
5,1005,290,29100,37.4745,99.9032,305.785,303.831,nan
5,1005,295,29600,37.4745,96.2732,306.588,294.451,nan
5,1005,300,30100,37.4745,87.0773,301.897,300.57,nan
5,1005,305,30600,37.4745,96.1019,298.443,301.367,nan
5,1005,310,31100,37.4745,151.834,316.305,305.393,nan
5,1005,315,31600,37.4745,112.405,286.484,284.471,nan
5,1005,320,32100,37.4745,92.318,300.123,293.323,nan
5,1005,325,32600,37.4745,106.434,283.436,298.18,nan
5,1005,330,33100,37.4745,128.103,292.646,284.286,nan
5,1005,335,33600,37.4745,148.909,308.86,310.829,nan
5,1005,340,34100,37.4745,146.192,324.811,329.711,nan
5,1005,345,34600,37.4745,114.003,296.105,289.216,nan
5,1005,350,35100,37.4745,89.4597,298.964,286.788,nan
5,1005,355,35600,37.4745,122.21,297.003,297.556,nan
5,1005,360,36100,37.4745,126.394,289.603,270.449,nan
5,1005,365,36600,37.4745,110.839,303.831,298.12,nan
5,1005,370,37100,37.4745,119.205,298.937,306.243,nan
5,1005,375,37600,37.4745,121.499,314.663,303.578,nan
5,1005,380,38100,37.4745,101.691,299.737,293.852,nan
5,1005,385,38600,37.4745,84.2579,295.387,293.435,nan
5,1005,390,39100,37.4745,61.4649,290.018,282.976,nan
5,1005,395,39600,37.4745,90.816,297.224,294.212,nan
5,1005,400,40100,37.4745,122.092,297.195,282.101,nan
5,1005,405,40600,37.4745,135.132,294.579,295.007,nan
5,1005,410,41100,37.4745,103.92,286.285,279.875,nan
5,1005,415,41600,37.4745,97.0132,308.545,318.643,nan
5,1005,420,42100,37.4745,111.851,292.74,294.629,nan
5,1005,425,42600,37.4745,117.506,297.346,283.362,nan
5,1005,430,43100,37.4745,124.32,312.391,316.136,nan
5,1005,435,43600,37.4745,109.809,295.531,290.38,nan
5,1005,440,44100,37.4745,115.665,291.815,294.672,nan
5,1005,445,44600,37.4745,82.3572,305.698,301.913,nan
5,1005,450,45100,37.4745,116.834,296.526,289.236,nan
5,1005,455,45600,37.4745,135.092,298.033,301.247,nan
5,1005,460,46100,37.4745,125.079,303.029,290.206,nan
5,1005,465,46600,37.4745,108.219,300.139,300.782,nan
5,1005,470,47100,37.4745,132.049,305.26,309.702,nan
5,1005,475,47600,37.4745,106.65,301.762,312.862,nan
5,1005,480,48100,37.4745,110.757,303.04,301.235,nan
5,1005,485,48600,37.4745,98.9598,311.617,316.595,nan
5,1005,490,49100,37.4745,100.943,315.733,327.813,nan
5,1005,495,49600,37.4745,107.981,306.406,302.737,nan
5,1005,499,50000,37.4745,75.3638,300.373,300.843,nan
6,1006,0,100,113.529,113.529,299.95,290.41,nan
6,1006,5,600,60.3328,108.152,290.854,282.646,nan
6,1006,10,1100,60.3328,127.486,285.815,276.633,nan
6,1006,15,1600,42.5242,125.902,298.931,279.408,nan
6,1006,20,2100,42.5242,87.781,299.105,297.613,nan
6,1006,25,2600,42.5242,118.815,300.928,307.55,nan
6,1006,30,3100,42.5242,105.345,314.506,304.139,nan
6,1006,35,3600,42.5242,101.911,309.758,311.114,nan
6,1006,40,4100,42.5242,108.663,299.465,301.704,nan
6,1006,45,4600,42.5242,85.8433,298.965,297.648,nan
6,1006,50,5100,42.5242,110.527,303.917,312.606,nan
6,1006,55,5600,42.5242,140.305,304.953,303.657,nan
6,1006,60,6100,42.5242,80.6396,295.785,291.354,nan
6,1006,65,6600,42.5242,87.786,299.751,303.063,nan
6,1006,70,7100,42.5242,120.85,323.119,327.068,nan
6,1006,75,7600,42.5242,125.66,295.334,291.266,nan
6,1006,80,8100,42.5242,84.9226,311.629,303.381,nan
6,1006,85,8600,42.5242,140.866,304.762,298.915,nan
6,1006,90,9100,42.5242,123.351,295.716,289.753,nan
6,1006,95,9600,42.5242,153.958,315.727,312.586,nan
6,1006,100,10100,42.5242,108.632,302.468,303.692,nan
6,1006,105,10600,42.5242,125.85,289.323,292.007,nan
6,1006,110,11100,42.5242,106.057,302.423,304.663,nan
6,1006,115,11600,42.5242,103.023,309.127,305.901,nan
6,1006,120,12100,42.5242,125.354,283.124,286.089,nan
6,1006,125,12600,42.5242,74.1149,305.303,295.603,nan
6,1006,130,13100,42.5242,111.449,304.531,285.922,nan
6,1006,135,13600,42.5242,102.263,293.528,288.216,nan
6,1006,140,14100,42.5242,68.0041,309.119,309.916,nan
6,1006,145,14600,42.5242,144.74,295.871,287.851,nan
6,1006,150,15100,42.5242,124.38,294.801,293.397,nan
6,1006,155,15600,42.5242,54.9735,283.805,278.838,nan
6,1006,160,16100,42.5242,140.367,306.297,301.922,nan
6,1006,165,16600,42.5242,107.081,295.047,293.846,nan
6,1006,170,17100,42.5242,128.821,306.169,293.457,nan
6,1006,175,17600,42.5242,122.523,288.51,287.103,nan
6,1006,180,18100,42.5242,92.7333,310.348,313.397,nan
6,1006,185,18600,42.5242,122.543,310.251,310.507,nan
6,1006,190,19100,42.5242,127.356,304.821,291.14,nan
6,1006,195,19600,42.5242,105.836,305.761,300.79,nan
6,1006,200,20100,42.5242,138.282,307.413,308.533,nan
6,1006,205,20600,42.5242,128.014,310.548,307.567,nan
6,1006,210,21100,42.5242,147.173,300.551,303.613,nan
6,1006,215,21600,42.5242,126.703,304.645,299.171,nan
6,1006,220,22100,42.2445,42.2445,296.674,298.256,nan
6,1006,225,22600,42.2445,120.603,296.028,291.967,nan
6,1006,230,23100,42.2445,143.514,315.841,315.561,nan
6,1006,235,23600,42.2445,138.889,305.267,299.077,nan
6,1006,240,24100,42.2445,57.271,286.489,283.885,nan
6,1006,245,24600,42.2445,114.764,295.879,290.417,nan
6,1006,250,25100,42.2445,124.765,308.491,313.002,nan
6,1006,255,25600,42.2445,115.141,321.166,312.216,nan
6,1006,260,26100,42.2445,54.0834,301.128,300.159,nan
6,1006,265,26600,42.2445,49.2443,307.186,312.182,nan
6,1006,270,27100,42.2445,76.1022,301.547,297.638,nan
6,1006,275,27600,42.2445,112.39,305.467,300.008,nan
6,1006,280,28100,42.2445,59.9872,291.516,308.185,nan
6,1006,285,28600,42.2445,119.927,296.479,285.298,nan
6,1006,290,29100,42.2445,78.5895,303.104,304.619,nan
6,1006,295,29600,42.2445,137.955,301.688,301.707,nan
6,1006,300,30100,42.2445,137.12,299.75,303.577,nan
6,1006,305,30600,42.2445,75.033,302.121,298.605,nan
6,1006,310,31100,42.2445,107.707,297.9,298.128,nan
6,1006,315,31600,42.2445,151.742,314.004,320.525,nan
6,1006,320,32100,42.2445,112.205,315.688,318.65,nan
6,1006,325,32600,42.2445,75.4422,298.197,301.091,nan
6,1006,330,33100,42.2445,104.793,293.455,291.593,nan
6,1006,335,33600,42.2445,78.541,296.157,290.526,nan
6,1006,340,34100,42.2445,80.9484,310.332,318.953,nan
6,1006,345,34600,42.2445,138.502,321.679,313.157,nan
6,1006,350,35100,42.2445,85.7948,304.764,309.534,nan
6,1006,355,35600,42.2445,73.766,290.142,276.157,nan
6,1006,360,36100,42.2445,122.105,286.096,280.616,nan
6,1006,365,36600,42.2445,135.172,307.813,312.467,nan
6,1006,370,37100,42.2445,135.979,305.856,307.074,nan
6,1006,375,37600,42.2445,94.6385,299.992,303.595,nan
6,1006,380,38100,42.2445,90.0604,291.886,297.114,nan
6,1006,385,38600,42.2445,152.796,312.914,299.101,nan
6,1006,390,39100,42.2445,120.066,301.373,299.701,nan
6,1006,395,39600,39.6932,39.6932,287.12,293.439,nan
6,1006,400,40100,39.6932,99.564,315.625,308.777,nan
6,1006,405,40600,39.6932,147.002,307.192,292.7,nan
6,1006,410,41100,39.6932,161.475,297.272,299.798,nan
6,1006,415,41600,39.6932,121.452,291.549,276.204,nan
6,1006,420,42100,39.6932,85.7391,307.014,309.249,nan
6,1006,425,42600,39.6932,60.3299,295.316,289.831,nan
6,1006,430,43100,39.6932,56.4773,307.059,314.007,nan
6,1006,435,43600,39.6932,90.6835,288.297,280.482,nan
6,1006,440,44100,39.6932,95.3394,288.668,274.504,nan
6,1006,445,44600,39.6932,131.685,306.829,298.106,nan
6,1006,450,45100,39.6932,143.336,309.64,312.794,nan
6,1006,455,45600,39.6932,151.258,309.766,309.345,nan
6,1006,460,46100,39.6932,128.935,310.472,299.833,nan
6,1006,465,46600,39.6932,84.4281,305.417,315.804,nan
6,1006,470,47100,39.6932,133.838,296.457,296.768,nan
6,1006,475,47600,39.6932,130.352,298.271,294.162,nan
6,1006,480,48100,39.6932,112.373,304.543,290.524,nan
6,1006,485,48600,39.6932,97.0223,283.25,284.648,nan
6,1006,490,49100,39.6932,100.374,307.032,299.843,nan
6,1006,495,49600,39.6932,144.786,292.847,289.539,nan
6,1006,499,50000,39.6932,68.2252,292.611,283.698,nan
7,1007,0,100,124.327,124.327,294.892,287.17,nan
7,1007,5,600,44.9699,125.773,306.318,299.924,nan
7,1007,10,1100,44.9699,124.242,292.126,287.214,nan
7,1007,15,1600,44.9699,121.545,309.053,306.267,nan
7,1007,20,2100,44.9699,86.1486,297.824,294.263,nan
7,1007,25,2600,44.9699,115.283,298.834,292.8,nan
7,1007,30,3100,44.9699,149.549,305.12,297.163,nan
7,1007,35,3600,44.9699,139.951,285.995,283.26,nan
7,1007,40,4100,44.9699,130.588,316.858,323.398,nan
7,1007,45,4600,44.9699,120.788,310.127,303.551,nan
7,1007,50,5100,44.9699,86.7755,300.06,293.294,nan
7,1007,55,5600,44.9699,159.092,306.121,307.554,nan
7,1007,60,6100,44.9699,77.7221,290.281,266.218,nan
7,1007,65,6600,44.9699,117.047,313.602,315.41,nan
7,1007,70,7100,44.9699,117.302,290.777,288.57,nan
7,1007,75,7600,44.9699,56.6092,294.905,301.446,nan
7,1007,80,8100,44.9699,170.288,317.184,321.146,nan
7,1007,85,8600,44.9699,115.946,311.047,320.063,nan
7,1007,90,9100,44.9699,125.443,291.496,290.018,nan
7,1007,95,9600,44.9699,134.918,297.49,292.778,nan
7,1007,100,10100,44.9699,116.839,302.852,297.482,nan
7,1007,105,10600,44.9699,102.868,305.187,298.037,nan
7,1007,110,11100,44.9699,63.7731,296.06,301.318,nan
7,1007,115,11600,44.9699,170.357,313.551,314.813,nan
7,1007,120,12100,44.9699,102.096,276.674,263.273,nan
7,1007,125,12600,44.9699,93.5492,290.672,284.446,nan
7,1007,130,13100,44.9699,153.316,299.177,289.769,nan
7,1007,135,13600,44.9699,74.6929,303.708,306.687,nan
7,1007,140,14100,44.9699,118.787,306.124,314.078,nan
7,1007,145,14600,44.1919,67.1538,304.681,307.627,nan
7,1007,150,15100,44.1919,134.551,294.658,286.963,nan
7,1007,155,15600,44.1919,94.7202,296.821,296.238,nan
7,1007,160,16100,44.1919,142.581,306.418,310.044,nan
7,1007,165,16600,44.1919,128.101,311.41,309.869,nan
7,1007,170,17100,44.1919,61.3017,303.04,310.243,nan
7,1007,175,17600,44.1919,115.83,306.833,299.611,nan
7,1007,180,18100,44.1919,173.116,310.257,301.97,nan
7,1007,185,18600,44.1919,133.743,303.386,305.809,nan
7,1007,190,19100,44.1919,70.7523,291.282,295.518,nan
7,1007,195,19600,44.1919,101.835,299.992,290.841,nan
7,1007,200,20100,44.1919,112.226,293.356,286.289,nan
7,1007,205,20600,44.1919,88.9473,296.429,302.161,nan
7,1007,210,21100,44.1919,119.188,293.172,296.379,nan
7,1007,215,21600,44.1919,119.097,280.809,276.343,nan
7,1007,220,22100,44.1919,138.08,308.631,306.412,nan
7,1007,225,22600,44.1919,70.6973,308.689,305.335,nan
7,1007,230,23100,44.1919,120.056,302.374,299.219,nan
7,1007,235,23600,44.1919,86.2557,286.762,278.724,nan
7,1007,240,24100,44.1919,134.728,295.581,282.503,nan
7,1007,245,24600,44.1919,120.263,306.12,285.503,nan
7,1007,250,25100,44.1919,58.4242,307.057,316.137,nan
7,1007,255,25600,44.1919,90.4507,291.235,284.141,nan
7,1007,260,26100,44.1919,158.922,296.945,293.988,nan
7,1007,265,26600,44.1919,85.3302,307.025,295.552,nan
7,1007,270,27100,44.1919,73.8742,300.516,287.439,nan
7,1007,275,27600,44.1919,110.377,300.477,299.53,nan
7,1007,280,28100,44.1919,98.3634,300.778,296.069,nan
7,1007,285,28600,44.1919,105.9,284.801,276.932,nan
7,1007,290,29100,44.1919,79.8897,309.911,304.323,nan
7,1007,295,29600,44.1919,99.1051,300.645,286.057,nan
7,1007,300,30100,44.1919,51.7452,289.834,285.463,nan
7,1007,305,30600,44.1919,67.1459,294.164,293.673,nan
7,1007,310,31100,44.1919,105.046,300.239,296.076,nan
7,1007,315,31600,44.1919,89.8087,290.776,280.809,nan
7,1007,320,32100,44.1919,98.4949,298.761,292.112,nan
7,1007,325,32600,44.1919,87.6541,281.603,296.199,nan
7,1007,330,33100,44.1919,78.8518,316.452,311.781,nan
7,1007,335,33600,44.1919,112.56,301.377,301.547,nan
7,1007,340,34100,44.1919,104.534,300.39,284.946,nan
7,1007,345,34600,44.1919,130.115,311.353,309.686,nan
7,1007,350,35100,44.1919,117.422,297.457,300.802,nan
7,1007,355,35600,44.1919,97.5926,305.831,302.763,nan
7,1007,360,36100,44.1919,87.9936,282.529,282.778,nan
7,1007,365,36600,44.1919,118.927,306.216,311.116,nan
7,1007,370,37100,44.1919,102.14,318.776,317.044,nan
7,1007,375,37600,44.1919,119.5,312.959,309.763,nan
7,1007,380,38100,44.1919,128.908,306.571,305.859,nan
7,1007,385,38600,44.1919,135.081,300.341,300.268,nan
7,1007,390,39100,43.439,84.3324,291.943,293.02,nan
7,1007,395,39600,43.439,118.052,288.069,287.333,nan
7,1007,400,40100,43.439,74.1958,285.812,283.725,nan
7,1007,405,40600,43.439,91.8386,312.286,297.896,nan
7,1007,410,41100,43.439,67.3559,275.265,267.836,nan
7,1007,415,41600,43.439,116.279,311.91,314.759,nan
7,1007,420,42100,43.439,97.0464,301.875,308.035,nan
7,1007,425,42600,43.439,118.198,300.342,290.019,nan
7,1007,430,43100,43.439,122.185,297.707,286.069,nan
7,1007,435,43600,43.439,120.117,298.098,302.498,nan
7,1007,440,44100,43.439,86.5207,303.351,301.649,nan
7,1007,445,44600,43.439,112.281,299.151,293.207,nan
7,1007,450,45100,43.439,118,313.067,326.545,nan
7,1007,455,45600,43.439,160.307,307.929,304.366,nan
7,1007,460,46100,43.439,121.247,300.143,290.302,nan
7,1007,465,46600,43.439,179.886,319.17,321.565,nan
7,1007,470,47100,43.439,115.832,295.102,288.328,nan
7,1007,475,47600,43.439,109.973,317.489,314.989,nan
7,1007,480,48100,43.439,69.8778,293.943,300.08,nan
7,1007,485,48600,43.439,66.0654,299.179,296.907,nan
7,1007,490,49100,43.439,58.9174,307.584,297.543,nan
7,1007,495,49600,43.439,63.2193,284.139,267.444,nan
7,1007,499,50000,43.439,107.151,308.385,313.409,nan
8,1008,0,100,76.6344,76.6344,289.998,277.601,nan
8,1008,5,600,61.7411,96.0795,308.788,309.253,nan
8,1008,10,1100,61.7411,95.2654,302.577,296.994,nan
8,1008,15,1600,61.7411,121.937,291.348,286.316,nan
8,1008,20,2100,61.7411,113.587,287.223,283.062,nan
8,1008,25,2600,61.7411,140.821,307.526,303.207,nan
8,1008,30,3100,61.7411,83.2962,294.669,292.727,nan
8,1008,35,3600,47.8134,121.436,306.264,306.472,nan
8,1008,40,4100,47.8134,135.938,295.564,299.348,nan
8,1008,45,4600,47.8134,58.4868,313.22,319.899,nan
8,1008,50,5100,47.8134,131.949,311.114,300.395,nan
8,1008,55,5600,47.8134,98.206,316.602,309.635,nan
8,1008,60,6100,47.8134,96.0077,299.968,298.807,nan
8,1008,65,6600,47.8134,77.1767,300.241,304.614,nan
8,1008,70,7100,47.8134,127.599,308.648,302.831,nan
8,1008,75,7600,47.8134,121.372,298.896,288.759,nan
8,1008,80,8100,47.8134,97.1989,304.319,302.297,nan
8,1008,85,8600,47.8134,100.693,300.481,296.944,nan
8,1008,90,9100,47.8134,71.6536,301.843,302.156,nan
8,1008,95,9600,45.5901,65.9554,312.982,316.179,nan
8,1008,100,10100,39.5861,157.338,307.34,306.921,nan
8,1008,105,10600,39.5861,106.216,278.102,263.688,nan
8,1008,110,11100,39.5861,127.571,307.264,304.645,nan
8,1008,115,11600,39.5861,60.1666,305.7,302.356,nan
8,1008,120,12100,39.5861,113.627,295.41,289.288,nan
8,1008,125,12600,39.5861,116.261,303.443,298.361,nan
8,1008,130,13100,39.5861,77.4958,307.537,297.025,nan
8,1008,135,13600,39.5861,106.794,292.775,287.034,nan
8,1008,140,14100,39.5861,96.8111,312.376,320.321,nan
8,1008,145,14600,39.5861,116.708,298.817,300.988,nan
8,1008,150,15100,39.5861,111.114,307.778,314.32,nan
8,1008,155,15600,39.5861,99.8994,301.936,291.992,nan
8,1008,160,16100,39.5861,136.329,309.381,310.719,nan
8,1008,165,16600,39.5861,83.6647,297.279,297.844,nan
8,1008,170,17100,39.5861,113.806,311.823,313.249,nan
8,1008,175,17600,39.5861,117.897,310.507,316.297,nan
8,1008,180,18100,39.5861,73.4479,291.945,287.336,nan
8,1008,185,18600,39.5861,103.496,292.352,299.846,nan
8,1008,190,19100,39.5861,154.789,324.456,320.74,nan
8,1008,195,19600,39.5861,77.2919,308.164,302.068,nan
8,1008,200,20100,39.5861,116.222,296.367,290.241,nan
8,1008,205,20600,39.5861,134.078,299.299,291.988,nan
8,1008,210,21100,39.5861,139.618,310.692,310.92,nan
8,1008,215,21600,39.5861,95.0152,299.796,302.511,nan
8,1008,220,22100,39.5861,78.5522,301.905,298.673,nan
8,1008,225,22600,39.5861,102.483,291.549,286.392,nan
8,1008,230,23100,37.956,37.956,301.655,296.414,nan
8,1008,235,23600,37.956,72.6996,328.391,320.993,nan
8,1008,240,24100,37.956,117.318,306.34,312.588,nan
8,1008,245,24600,37.956,110.36,292.014,280.457,nan
8,1008,250,25100,37.956,152.038,304.033,299.211,nan
8,1008,255,25600,37.956,105.994,300.783,314.049,nan
8,1008,260,26100,36.58,54.5148,289.003,286.502,nan
8,1008,265,26600,36.58,107.806,291.38,293.066,nan
8,1008,270,27100,36.58,155.214,302.933,295.659,nan
8,1008,275,27600,36.58,99.8954,302.386,289.771,nan
8,1008,280,28100,36.58,113.566,305.497,319.511,nan
8,1008,285,28600,36.58,85.7706,300.762,288.421,nan
8,1008,290,29100,36.58,68.8784,299.856,286.099,nan
8,1008,295,29600,36.58,85.6263,309.224,318.279,nan
8,1008,300,30100,36.58,68.6699,289.808,298.19,nan
8,1008,305,30600,36.58,114.601,296.845,294.732,nan
8,1008,310,31100,36.58,117.2,291.385,280.702,nan
8,1008,315,31600,36.58,130.731,305.702,314.072,nan
8,1008,320,32100,36.58,136.676,295.523,281.086,nan
8,1008,325,32600,36.58,114.656,293.603,293.562,nan
8,1008,330,33100,36.58,93.0159,296.6,296.022,nan
8,1008,335,33600,36.58,130.048,298.55,298.706,nan
8,1008,340,34100,36.58,131.747,303.747,297.332,nan
8,1008,345,34600,36.58,95.8979,307.99,319.904,nan
8,1008,350,35100,36.58,136.508,311.44,297.471,nan
8,1008,355,35600,36.58,138.295,300.035,297.248,nan
8,1008,360,36100,36.58,115.827,306.482,310.083,nan
8,1008,365,36600,36.58,136.509,306.201,296.281,nan
8,1008,370,37100,36.58,100.154,302.398,291.754,nan
8,1008,375,37600,36.58,125.27,314.995,310.415,nan
8,1008,380,38100,36.58,98.8088,291.927,291.956,nan
8,1008,385,38600,36.58,135.973,301.968,287.282,nan
8,1008,390,39100,36.58,116.674,302.821,296.61,nan
8,1008,395,39600,36.58,117.038,303.826,302.724,nan
8,1008,400,40100,36.58,97.3643,298.269,288.848,nan
8,1008,405,40600,36.58,137.823,301.985,295.725,nan
8,1008,410,41100,36.58,124.445,307.563,300.417,nan
8,1008,415,41600,36.58,112.684,295.945,295.726,nan
8,1008,420,42100,36.58,133.897,295.049,289.715,nan
8,1008,425,42600,36.58,100.14,297.023,299.375,nan
8,1008,430,43100,36.58,148.048,308.97,307.145,nan
8,1008,435,43600,36.58,97.3104,294.558,297.787,nan
8,1008,440,44100,36.58,92.948,299.454,301.611,nan
8,1008,445,44600,36.58,86.2101,286.654,276.613,nan
8,1008,450,45100,36.58,106.601,307.616,297.886,nan
8,1008,455,45600,36.58,113.623,297.048,290.444,nan
8,1008,460,46100,36.58,128.686,290.67,289.661,nan
8,1008,465,46600,36.58,99.0725,304.624,308.949,nan
8,1008,470,47100,36.58,138.026,304.997,292.799,nan
8,1008,475,47600,36.58,100.203,296.64,292.307,nan
8,1008,480,48100,36.58,116.773,289.656,287.234,nan
8,1008,485,48600,36.58,100.281,286.637,288.376,nan
8,1008,490,49100,36.58,84.4414,295.397,287.705,nan
8,1008,495,49600,36.58,87.4124,302.978,300.43,nan
8,1008,499,50000,36.58,105.978,301.844,299.49,nan
9,1009,0,100,121.784,121.784,301.293,292.281,nan
9,1009,5,600,81.7453,123.224,311.262,306.925,nan
9,1009,10,1100,81.7453,122.243,299.904,297.435,nan
9,1009,15,1600,81.7453,88.4897,282.395,287.121,nan
9,1009,20,2100,81.7453,128.109,301.382,293.037,nan
9,1009,25,2600,81.7453,115.351,303.651,292.509,nan
9,1009,30,3100,81.7453,124.833,302.333,297.82,nan
9,1009,35,3600,61.9061,61.9061,318.18,312.462,nan
9,1009,40,4100,61.9061,115.303,311.076,306.411,nan
9,1009,45,4600,61.9061,128.056,298.103,302.582,nan
9,1009,50,5100,61.9061,127.854,306.533,297.39,nan
9,1009,55,5600,61.9061,82.0638,304.815,292.184,nan
9,1009,60,6100,61.9061,100.633,302.512,305.985,nan
9,1009,65,6600,61.9061,115.625,298.772,286.536,nan
9,1009,70,7100,61.9061,122.623,291.099,291.453,nan
9,1009,75,7600,61.9061,95.8149,296.345,303.725,nan
9,1009,80,8100,61.9061,108.601,321.744,317.968,nan
9,1009,85,8600,61.9061,104.508,301.034,289.87,nan
9,1009,90,9100,61.9061,132.197,299.723,303.472,nan
9,1009,95,9600,43.501,43.501,302.543,296.163,nan
9,1009,100,10100,43.501,77.3806,300.554,286.846,nan
9,1009,105,10600,41.8997,41.8997,291.86,290.005,nan
9,1009,110,11100,41.8997,109.41,295.671,298.316,nan
9,1009,115,11600,41.8997,146.643,307.221,302.347,nan
9,1009,120,12100,41.8997,122.894,291.729,279.975,nan
9,1009,125,12600,41.8997,105.42,304.953,308.507,nan
9,1009,130,13100,41.8997,105.159,297.557,291.262,nan
9,1009,135,13600,41.8997,105.793,296.528,298.806,nan
9,1009,140,14100,41.8997,131.101,291.793,298.679,nan
9,1009,145,14600,41.8997,126.423,298.993,303.146,nan
9,1009,150,15100,41.8997,116.317,295.828,296.802,nan
9,1009,155,15600,41.8997,83.3425,290.223,292.437,nan
9,1009,160,16100,41.8997,98.8245,310.524,319.34,nan
9,1009,165,16600,41.8997,118.857,305.91,304.398,nan
9,1009,170,17100,41.8997,85.8484,297.91,303.034,nan
9,1009,175,17600,41.8997,128.873,316.635,320.541,nan
9,1009,180,18100,41.8997,79.0157,299.19,304.45,nan
9,1009,185,18600,41.8997,89.6083,291.357,286.265,nan
9,1009,190,19100,41.8997,116.339,293.313,293.311,nan
9,1009,195,19600,41.8997,116.978,303.8,302.153,nan
9,1009,200,20100,41.8997,95.7119,312.95,315.748,nan
9,1009,205,20600,41.8997,103.478,304.101,294.482,nan
9,1009,210,21100,41.8997,135.629,309.585,310.338,nan
9,1009,215,21600,41.8997,125.092,290.914,295.756,nan
9,1009,220,22100,41.8997,101.875,303.854,303.792,nan
9,1009,225,22600,41.8997,147.082,305.309,305.675,nan
9,1009,230,23100,41.8997,93.7675,302.443,299.18,nan
9,1009,235,23600,41.8997,87.7799,291.796,300.503,nan
9,1009,240,24100,41.8997,102.094,296.253,297.653,nan
9,1009,245,24600,41.8997,155.133,303.801,289.147,nan
9,1009,250,25100,41.8997,105.701,309.552,298.65,nan
9,1009,255,25600,41.8997,85.4033,293.114,296.185,nan
9,1009,260,26100,41.8997,67.9194,304.306,300.92,nan
9,1009,265,26600,41.8997,150.037,290.962,282.038,nan
9,1009,270,27100,41.8997,84.7735,300.036,287.667,nan
9,1009,275,27600,41.8997,101.653,306.64,310.867,nan
9,1009,280,28100,41.8997,50.3824,284.876,275.95,nan
9,1009,285,28600,41.8997,71.3722,301.623,302.571,nan
9,1009,290,29100,41.8997,132.242,309.382,295.641,nan
9,1009,295,29600,41.8997,116.786,295.573,292.753,nan
9,1009,300,30100,41.8997,149.44,318.187,314.06,nan
9,1009,305,30600,41.8997,103.981,297.374,283.51,nan
9,1009,310,31100,41.8997,93.5766,293.357,302.735,nan
9,1009,315,31600,41.8997,115.175,290.01,274.857,nan
9,1009,320,32100,41.8997,145.913,290.385,286.712,nan
9,1009,325,32600,41.8997,123.413,309.879,312.994,nan
9,1009,330,33100,41.8997,121.834,312.684,302.312,nan
9,1009,335,33600,41.8997,138.279,303.359,300.709,nan
9,1009,340,34100,41.8997,126.887,291.517,292.495,nan
9,1009,345,34600,41.8997,125.662,299.112,293.091,nan
9,1009,350,35100,41.8997,113.274,288.889,286.771,nan
9,1009,355,35600,41.8997,119.902,296.132,288.152,nan
9,1009,360,36100,41.8997,82.3472,309.655,308.976,nan
9,1009,365,36600,41.8997,141.811,320.981,317.28,nan
9,1009,370,37100,41.8997,132.811,311.455,302.167,nan
9,1009,375,37600,41.8997,125.006,294.7,294.165,nan
9,1009,380,38100,41.8997,95.1782,296.99,301.072,nan
9,1009,385,38600,41.8997,98.5986,282.688,275.693,nan
9,1009,390,39100,41.8997,122.538,307.168,299.787,nan
9,1009,395,39600,41.8997,135.216,302.736,296.126,nan
9,1009,400,40100,41.8997,104.547,303.218,312.757,nan
9,1009,405,40600,41.8997,140.668,297.286,288.219,nan
9,1009,410,41100,41.8997,129.262,295.519,292.501,nan
9,1009,415,41600,41.8997,106.208,292.77,292.611,nan
9,1009,420,42100,41.8997,116.324,314.182,300.524,nan
9,1009,425,42600,41.8997,92.3774,303.29,305.246,nan
9,1009,430,43100,41.8997,61.0374,314.038,314.817,nan
9,1009,435,43600,41.8997,94.1199,291.221,291.967,nan
9,1009,440,44100,41.8997,107.9,302.979,307.219,nan
9,1009,445,44600,41.8997,123.597,295.794,291.654,nan
9,1009,450,45100,41.8997,89.2153,303.509,301.785,nan
9,1009,455,45600,31.6075,150.439,305.207,286.677,nan
9,1009,460,46100,31.6075,108.153,306.616,305.653,nan
9,1009,465,46600,31.6075,111.48,290.491,284.251,nan
9,1009,470,47100,31.6075,146.956,299.848,299.541,nan
9,1009,475,47600,31.6075,81.7886,296.213,292.072,nan
9,1009,480,48100,31.6075,128.943,294.043,299.513,nan
9,1009,485,48600,31.6075,70.2146,292.393,297.139,nan
9,1009,490,49100,31.6075,115.006,301.775,299.856,nan
9,1009,495,49600,31.6075,117.002,305.71,297.848,nan
9,1009,499,50000,31.6075,135.714,296.704,284.118,nan
10,1010,0,100,116.55,116.55,303.127,301.111,nan
10,1010,5,600,104.989,130.264,307.133,304.653,nan
10,1010,10,1100,104.736,125.323,307.923,304.264,nan
10,1010,15,1600,70.0983,102.666,302.298,293.947,nan
10,1010,20,2100,69.6836,145.962,293.947,284.303,nan
10,1010,25,2600,69.6836,129.577,301.481,298.823,nan
10,1010,30,3100,69.6836,87.0006,294.264,287.468,nan
10,1010,35,3600,68.1608,68.1608,298.913,295.131,nan
10,1010,40,4100,68.1608,72.1426,302.597,296.91,nan
10,1010,45,4600,68.1608,134.715,305.755,313.076,nan
10,1010,50,5100,68.1608,99.9091,289.113,287.328,nan
10,1010,55,5600,68.1608,91.4506,299.409,300.551,nan
10,1010,60,6100,68.1608,117.312,316.244,322.04,nan
10,1010,65,6600,68.1608,117.09,303.562,313.908,nan
10,1010,70,7100,68.1608,85.7939,299.198,287.936,nan
10,1010,75,7600,68.1608,139.27,292.113,286.362,nan
10,1010,80,8100,41.9705,143.959,305.652,301.675,nan
10,1010,85,8600,41.9705,129.506,302.1,301.375,nan
10,1010,90,9100,41.9705,101.55,310.262,311.397,nan
10,1010,95,9600,41.9705,91.9819,301.972,295.738,nan
10,1010,100,10100,41.9705,102.221,294.082,303.043,nan
10,1010,105,10600,41.9705,97.5306,294.986,288.936,nan
10,1010,110,11100,41.9705,64.5558,295.255,297.136,nan
10,1010,115,11600,41.9705,58.6042,299.399,297.23,nan
10,1010,120,12100,41.9705,132.689,312.086,312.783,nan
10,1010,125,12600,41.9705,96.1904,319.979,311.787,nan
10,1010,130,13100,41.9705,111.736,297.879,282.154,nan
10,1010,135,13600,41.9705,97.4218,295.484,298.966,nan
10,1010,140,14100,41.9705,97.3394,314.131,320.902,nan
10,1010,145,14600,41.9705,138.752,300.742,296.161,nan
10,1010,150,15100,41.9705,100.648,307.483,305.073,nan
10,1010,155,15600,41.9705,125.255,309.046,308.454,nan
10,1010,160,16100,41.9705,132.37,294.948,298.895,nan
10,1010,165,16600,41.9705,135.252,304.384,297.797,nan
10,1010,170,17100,41.9705,69.8522,296.692,291.146,nan
10,1010,175,17600,41.9705,124.263,298.236,300.703,nan
10,1010,180,18100,41.9705,75.4266,303.827,308.624,nan
10,1010,185,18600,41.9705,168.658,295.825,288.612,nan
10,1010,190,19100,41.9705,100.486,284.359,283.666,nan
10,1010,195,19600,41.9705,120.067,296.916,290.527,nan
10,1010,200,20100,41.9705,122.117,296.106,293.262,nan
10,1010,205,20600,41.9705,161.056,310.146,302.308,nan
10,1010,210,21100,41.9705,126.947,301.813,294.742,nan
10,1010,215,21600,41.9705,89.58,297.222,300.514,nan
10,1010,220,22100,41.9705,127.33,295.262,287.542,nan
10,1010,225,22600,41.9705,115.11,293.521,288.368,nan
10,1010,230,23100,41.9705,117.549,297.843,284.122,nan
10,1010,235,23600,41.9705,116.806,298.704,297.93,nan
10,1010,240,24100,41.9705,85.6031,288.291,278.567,nan
10,1010,245,24600,41.9705,129.023,302.834,301.01,nan
10,1010,250,25100,41.9705,141.564,291.671,288.542,nan
10,1010,255,25600,41.9705,121.286,311.632,309.362,nan
10,1010,260,26100,41.9705,105.062,292.841,289.125,nan
10,1010,265,26600,25.182,103.313,298.169,294.094,nan
10,1010,270,27100,25.182,66.8748,309.059,302.109,nan
10,1010,275,27600,25.182,94.1468,292.381,291.399,nan
10,1010,280,28100,25.182,57.4704,304.696,302.327,nan
10,1010,285,28600,25.182,99.3988,310.777,317.513,nan
10,1010,290,29100,25.182,91.7272,279.472,281.432,nan
10,1010,295,29600,25.182,99.546,298.388,298.458,nan
10,1010,300,30100,25.182,88.3017,295.62,288.2,nan
10,1010,305,30600,25.182,82.6275,308.215,321.331,nan
10,1010,310,31100,25.182,125.074,302.464,294.321,nan
10,1010,315,31600,25.182,100.294,300.604,304.917,nan
10,1010,320,32100,25.182,105.478,322.67,327.337,nan
10,1010,325,32600,25.182,130.584,297.474,300.491,nan
10,1010,330,33100,25.182,136.919,311.805,310.21,nan
10,1010,335,33600,25.182,118.396,308.751,299.281,nan
10,1010,340,34100,25.182,99.5569,295.167,296.853,nan
10,1010,345,34600,25.182,110.073,289.021,283.184,nan
10,1010,350,35100,25.182,131.831,301.041,289.894,nan
10,1010,355,35600,25.182,82.9853,308.099,304.905,nan
10,1010,360,36100,25.182,126.67,314.258,305.231,nan
10,1010,365,36600,25.182,146.045,293.131,282.391,nan
10,1010,370,37100,25.182,138.159,300.122,285.716,nan
10,1010,375,37600,25.182,136.266,302.268,298.315,nan
10,1010,380,38100,25.182,74.1456,304.965,306.693,nan
10,1010,385,38600,25.182,96.7856,298.358,296.438,nan
10,1010,390,39100,25.182,98.118,291.818,293.827,nan
10,1010,395,39600,25.182,86.4748,302.564,307.127,nan
10,1010,400,40100,25.182,102.729,283.939,280.265,nan
10,1010,405,40600,25.182,150.886,328.523,322.507,nan
10,1010,410,41100,25.182,98.691,319.215,316.976,nan
10,1010,415,41600,25.182,122.213,296.033,298.992,nan
10,1010,420,42100,25.182,103.686,295.636,281.84,nan
10,1010,425,42600,25.182,124.039,305.217,301.526,nan
10,1010,430,43100,25.182,116.693,292.942,299.688,nan
10,1010,435,43600,25.182,62.3008,295.475,301.686,nan
10,1010,440,44100,25.182,124.184,289.409,281.748,nan
10,1010,445,44600,25.182,95.8766,294.53,287.386,nan
10,1010,450,45100,25.182,122.145,304.027,307.82,nan
10,1010,455,45600,25.182,141.223,311.354,308.611,nan
10,1010,460,46100,25.182,119.855,293.371,298.66,nan
10,1010,465,46600,25.182,139.276,300.033,295.105,nan
10,1010,470,47100,25.182,88.0765,300.963,296.374,nan
10,1010,475,47600,25.182,139.712,307.049,304.869,nan
10,1010,480,48100,25.182,113.837,283.355,270.043,nan
10,1010,485,48600,25.182,129.832,300.038,286.548,nan
10,1010,490,49100,25.182,119.146,308.145,304.921,nan
10,1010,495,49600,25.182,109.32,307.081,307.304,nan
10,1010,499,50000,25.182,131.016,315.525,308.376,nan
11,1011,0,100,115.384,115.384,290.399,296.728,nan
11,1011,5,600,99.7795,125.138,307.111,311.128,nan
11,1011,10,1100,87.5548,110.957,304.726,305.232,nan
11,1011,15,1600,81.6775,81.6775,307.253,306.423,nan
11,1011,20,2100,30.2757,30.2757,300.821,295.06,nan
11,1011,25,2600,30.2757,98.4764,308.219,304.782,nan
11,1011,30,3100,30.2757,136.955,302.031,292.957,nan
11,1011,35,3600,30.2757,147.71,303.727,296.315,nan
11,1011,40,4100,30.2757,109.62,301.107,290.286,nan
11,1011,45,4600,30.2757,125.66,313.229,307.838,nan
11,1011,50,5100,30.2757,94.2864,303.722,294.966,nan
11,1011,55,5600,30.2757,118.664,303.272,295.574,nan
11,1011,60,6100,30.2757,136.606,296.971,290.18,nan
11,1011,65,6600,30.2757,116.24,291.679,292.09,nan
11,1011,70,7100,30.2757,71.6874,296.633,297.125,nan
11,1011,75,7600,30.2757,114.925,296.589,297.657,nan
11,1011,80,8100,30.2757,112.775,295.512,298.562,nan
11,1011,85,8600,30.2757,128.769,296.408,295.827,nan
11,1011,90,9100,30.2757,112.717,309.525,314.318,nan
11,1011,95,9600,30.2757,149.875,309.596,305.525,nan
11,1011,100,10100,30.2757,127.895,294.708,297.647,nan
11,1011,105,10600,30.2757,153.62,309.24,289.243,nan
11,1011,110,11100,30.2757,97.3295,306.004,305.953,nan
11,1011,115,11600,30.2757,117.282,308.895,300.559,nan
11,1011,120,12100,30.2757,122.767,300.16,297.713,nan
11,1011,125,12600,30.2757,143.145,298.156,294.976,nan
11,1011,130,13100,30.2757,93.1377,302.519,309.876,nan
11,1011,135,13600,30.2757,118.331,307.988,302.235,nan
11,1011,140,14100,30.2757,139.087,305.46,291.589,nan
11,1011,145,14600,30.2757,90.9447,304.01,312.567,nan
11,1011,150,15100,30.2757,78.7222,318.675,318.598,nan
11,1011,155,15600,30.2757,154.616,322.002,314.039,nan
11,1011,160,16100,30.2757,98.8484,311.013,303.239,nan
11,1011,165,16600,30.2757,53.6593,299.531,299.931,nan
11,1011,170,17100,30.2757,103.715,292.346,283.127,nan
11,1011,175,17600,30.2757,91.2574,298.594,303.479,nan
11,1011,180,18100,30.2757,113.441,294.775,302.624,nan
11,1011,185,18600,30.2757,107.184,286.445,290.706,nan
11,1011,190,19100,30.2757,72.7488,287.937,288.677,nan
11,1011,195,19600,30.2757,89.7691,300.612,303.459,nan
11,1011,200,20100,30.2757,93.6205,304.334,307.893,nan
11,1011,205,20600,30.2757,113.913,305.587,303.173,nan
11,1011,210,21100,30.2757,120.956,291.113,289.916,nan
11,1011,215,21600,30.2757,130.341,304.125,300.622,nan
11,1011,220,22100,30.2757,121.586,296.851,297.653,nan
11,1011,225,22600,30.2757,95.3727,283.618,279.743,nan
11,1011,230,23100,30.2757,112.808,300.075,300.478,nan
11,1011,235,23600,30.2757,119.827,292.603,281.139,nan
11,1011,240,24100,30.2757,124.536,304.51,292.981,nan
11,1011,245,24600,30.2757,114.457,306.84,309.649,nan
11,1011,250,25100,30.2757,101.089,306.662,302.89,nan
11,1011,255,25600,30.2757,127.87,305.388,299.874,nan
11,1011,260,26100,30.2757,115.919,307.663,301.824,nan
11,1011,265,26600,30.2757,129.864,303.855,307.967,nan
11,1011,270,27100,30.2757,119.297,302.033,298.685,nan
11,1011,275,27600,30.2757,140.577,296.555,291.209,nan
11,1011,280,28100,30.2757,160.044,320.573,318.585,nan
11,1011,285,28600,30.2757,137.84,298.709,304.61,nan
11,1011,290,29100,30.2757,92.8378,308.207,301.051,nan
11,1011,295,29600,30.2757,98.2852,300.143,304.889,nan
11,1011,300,30100,30.2757,91.857,290.842,290.343,nan
11,1011,305,30600,30.2757,141.677,307.933,306.152,nan
11,1011,310,31100,30.2757,85.3263,311.724,308.847,nan
11,1011,315,31600,30.2757,86.5491,297.518,300.149,nan
11,1011,320,32100,30.2757,106.051,304.571,297.07,nan
11,1011,325,32600,30.2757,112.283,311.155,307.629,nan
11,1011,330,33100,30.2757,103.066,298.058,305.535,nan
11,1011,335,33600,30.2757,105.414,303.566,310.888,nan
11,1011,340,34100,30.2757,89.8909,292.165,289.028,nan
11,1011,345,34600,30.2757,121.738,287.18,282.329,nan
11,1011,350,35100,30.2757,157.174,297.577,282.962,nan
11,1011,355,35600,30.2757,101.391,315.808,318.499,nan
11,1011,360,36100,30.2757,105.987,301.566,303.543,nan
11,1011,365,36600,30.2757,94.0101,298.186,288.736,nan
11,1011,370,37100,30.2757,105.053,319.545,322.896,nan
11,1011,375,37600,30.2757,35.1663,293.363,304.617,nan
11,1011,380,38100,30.2757,139.929,288.832,281.226,nan
11,1011,385,38600,30.2757,163.959,296.3,292.828,nan
11,1011,390,39100,30.2757,160.432,301.188,289.804,nan
11,1011,395,39600,30.2757,107.739,295.622,303.578,nan
11,1011,400,40100,30.2757,116.143,298.752,289.734,nan
11,1011,405,40600,30.2757,138.831,296.482,297.275,nan
11,1011,410,41100,30.2757,98.3291,307.232,303.775,nan
11,1011,415,41600,30.2757,148.195,305.137,297.946,nan
11,1011,420,42100,30.2757,97.8494,302.878,300.31,nan
11,1011,425,42600,30.2757,131.891,299.257,295.459,nan
11,1011,430,43100,30.2757,97.7005,298.982,307.768,nan
11,1011,435,43600,30.2757,108.461,304.961,303.186,nan
11,1011,440,44100,30.2757,93.8081,287.691,273.719,nan
11,1011,445,44600,30.2757,133.718,298.095,288.904,nan
11,1011,450,45100,30.2757,149.755,302.018,299.068,nan
11,1011,455,45600,30.2757,82.3911,294.974,296.343,nan
11,1011,460,46100,30.2757,109.245,290.539,297.174,nan
11,1011,465,46600,30.2757,113.214,295.666,294.378,nan
11,1011,470,47100,30.2757,65.919,306.206,315.335,nan
11,1011,475,47600,30.2757,94.1049,290.895,293.22,nan
11,1011,480,48100,30.2757,87.6459,308.357,313.962,nan
11,1011,485,48600,30.2757,93.4699,303.156,304.434,nan
11,1011,490,49100,30.2757,131.128,305.89,304.242,nan
11,1011,495,49600,30.2757,110.821,309.33,306.81,nan
11,1011,499,50000,30.2757,101.246,295.381,290.13,nan
12,1012,0,100,156.439,156.439,301.49,293.989,nan
12,1012,5,600,81.0514,114.667,299.232,308.887,nan
12,1012,10,1100,81.0514,90.8046,290.383,290.852,nan
12,1012,15,1600,81.0514,121.721,300.991,294.286,nan
12,1012,20,2100,45.1812,45.1812,304.865,302.939,nan
12,1012,25,2600,31.9243,31.9243,278.347,280.396,nan
12,1012,30,3100,31.9243,95.6324,298.799,298.895,nan
12,1012,35,3600,31.9243,58.6277,304.79,301.806,nan
12,1012,40,4100,31.9243,105.051,302.682,296.149,nan
12,1012,45,4600,31.9243,132.985,311.841,297.086,nan
12,1012,50,5100,31.9243,74.7152,310.168,316.982,nan
12,1012,55,5600,31.9243,137.114,302.208,296.897,nan
12,1012,60,6100,31.9243,77.8353,289.676,285.49,nan
12,1012,65,6600,31.9243,104.622,310.106,323.92,nan
12,1012,70,7100,31.9243,130.942,300.207,300.345,nan
12,1012,75,7600,31.9243,140.813,307.716,294.694,nan
12,1012,80,8100,31.9243,105.049,287.027,291.671,nan
12,1012,85,8600,31.9243,93.0082,314.615,308.007,nan
12,1012,90,9100,31.9243,33.5563,302.731,305.9,nan
12,1012,95,9600,31.9243,120.012,296.636,298.816,nan
12,1012,100,10100,31.9243,106.312,296.747,290.084,nan
12,1012,105,10600,31.9243,98.6125,296.309,294.677,nan
12,1012,110,11100,31.9243,89.5257,308.409,303.613,nan
12,1012,115,11600,31.9243,105.021,303.346,299.862,nan
12,1012,120,12100,31.9243,145.95,296.359,293.66,nan
12,1012,125,12600,31.9243,133.193,299.925,300.57,nan
12,1012,130,13100,31.9243,97.9636,289.278,281.488,nan
12,1012,135,13600,31.9243,84.2047,296.9,313.023,nan
12,1012,140,14100,31.9243,137.297,308.02,294.753,nan
12,1012,145,14600,31.9243,138.032,308.303,300.823,nan
12,1012,150,15100,31.9243,82.4281,301.784,298.651,nan
12,1012,155,15600,31.9243,97.7967,300.501,297.775,nan
12,1012,160,16100,31.9243,131.126,298.478,295.672,nan
12,1012,165,16600,31.9243,112.014,292.947,292.261,nan
12,1012,170,17100,31.9243,103.237,303.315,289.338,nan
12,1012,175,17600,31.9243,65.2378,299.683,307.289,nan
12,1012,180,18100,31.9243,136.106,318.944,320.699,nan
12,1012,185,18600,31.9243,46.9002,281.687,288.765,nan
12,1012,190,19100,31.9243,48.0113,316.268,312.593,nan
12,1012,195,19600,31.9243,60.0263,308.698,313.933,nan
12,1012,200,20100,31.9243,75.2158,303.718,316.258,nan
12,1012,205,20600,31.9243,94.115,304.309,310.442,nan
12,1012,210,21100,31.9243,100.989,300.435,288.64,nan
12,1012,215,21600,31.9243,147.258,303.566,302.616,nan
12,1012,220,22100,31.9243,80.6864,292.589,287.928,nan
12,1012,225,22600,31.9243,115.041,297.325,298.464,nan
12,1012,230,23100,31.9243,81.48,300.825,298.693,nan
12,1012,235,23600,31.9243,80.9257,293.203,296.7,nan
12,1012,240,24100,31.9243,99.2884,302.49,289.728,nan
12,1012,245,24600,31.9243,104.042,300.607,306.366,nan
12,1012,250,25100,31.9243,120.17,310.626,313.568,nan
12,1012,255,25600,31.9243,97.2674,293.149,283.689,nan
12,1012,260,26100,31.9243,127.318,316.721,309.849,nan
12,1012,265,26600,31.9243,44.3777,295.3,294.148,nan
12,1012,270,27100,31.9243,112.429,293.897,300.607,nan
12,1012,275,27600,31.9243,132.617,307.836,304.358,nan
12,1012,280,28100,31.9243,76.2384,293.321,296.973,nan
12,1012,285,28600,31.9243,146.366,296.497,298.733,nan
12,1012,290,29100,31.9243,119.985,299.165,302.042,nan
12,1012,295,29600,31.9243,70.262,294.478,285.663,nan
12,1012,300,30100,31.9243,128.348,306.951,307.08,nan
12,1012,305,30600,31.9243,118.172,292.085,284.665,nan
12,1012,310,31100,31.9243,116.761,291.342,286.586,nan
12,1012,315,31600,31.9243,118.588,305.898,302.655,nan
12,1012,320,32100,31.9243,92.0158,308.151,307.988,nan
12,1012,325,32600,31.9243,129.443,308.578,302.312,nan
12,1012,330,33100,31.9243,115.459,313.538,302.631,nan
12,1012,335,33600,31.9243,158.755,313.73,307.146,nan
12,1012,340,34100,31.9243,99.1926,300.836,307.61,nan
12,1012,345,34600,31.9243,96.3387,309.461,304.405,nan
12,1012,350,35100,31.9243,124.458,312.462,307.43,nan
12,1012,355,35600,31.9243,153.48,312.389,310.525,nan
12,1012,360,36100,31.9243,146.915,310.716,313.752,nan
12,1012,365,36600,31.9243,141.965,298.867,301.727,nan
12,1012,370,37100,31.9243,50.483,282.694,285.526,nan
12,1012,375,37600,31.9243,155.296,295.655,291.618,nan
12,1012,380,38100,31.9243,136.719,295.59,295.532,nan
12,1012,385,38600,31.9243,122.099,311.176,310.459,nan
12,1012,390,39100,31.9243,88.5349,312.324,306.587,nan
12,1012,395,39600,31.9243,82.3614,289.077,282.946,nan
12,1012,400,40100,31.9243,112,290.694,298.285,nan
12,1012,405,40600,31.9243,95.2558,284.746,275.725,nan
12,1012,410,41100,31.9243,97.8592,301.007,297.062,nan
12,1012,415,41600,31.9243,46.1676,293.966,302.176,nan
12,1012,420,42100,31.9243,116.103,296.302,296.922,nan
12,1012,425,42600,31.9243,114.758,290.067,285.629,nan
12,1012,430,43100,31.9243,76.0251,299.871,303.921,nan
12,1012,435,43600,31.9243,113.189,291.943,285.297,nan
12,1012,440,44100,31.9243,132.997,305.075,305.371,nan
12,1012,445,44600,31.9243,106.967,291.696,281.921,nan
12,1012,450,45100,31.9243,123.276,295.035,304.713,nan
12,1012,455,45600,31.9243,124.511,301.589,297.648,nan
12,1012,460,46100,31.9243,146.624,309.556,300.906,nan
12,1012,465,46600,31.9243,128.527,296.293,296.996,nan
12,1012,470,47100,31.9243,35.1083,316.819,317.41,nan
12,1012,475,47600,31.9243,117.969,321.285,313.229,nan
12,1012,480,48100,31.9243,110.796,297.049,294.534,nan
12,1012,485,48600,31.9243,120.278,283.229,271.567,nan
12,1012,490,49100,31.9243,86.5903,287.79,291.85,nan
12,1012,495,49600,31.9243,117.232,307.8,306.687,nan
12,1012,499,50000,31.9243,99.838,306.025,302.202,nan
13,1013,0,100,134.402,134.402,306.098,308.206,nan
13,1013,5,600,96.3541,151.269,298.235,289.041,nan
13,1013,10,1100,96.3541,115.011,302.434,296.571,nan
13,1013,15,1600,81.6188,85.3159,288.521,273.083,nan
13,1013,20,2100,60.3676,138.09,310.62,312.352,nan
13,1013,25,2600,60.3676,96.9903,299.968,292.02,nan
13,1013,30,3100,60.3676,116.959,301.118,291.564,nan
13,1013,35,3600,60.3676,97.1221,300.499,300.665,nan
13,1013,40,4100,60.3676,158.389,304.973,296.286,nan
13,1013,45,4600,60.3676,119.046,308.091,310.56,nan
13,1013,50,5100,60.3676,125.866,299.15,293.128,nan
13,1013,55,5600,44.2158,152.29,302.092,298.295,nan
13,1013,60,6100,44.2158,96.3564,325.196,318.783,nan
13,1013,65,6600,44.2158,132.477,310.692,303.237,nan
13,1013,70,7100,44.2158,81.7112,294.12,290.644,nan
13,1013,75,7600,44.2158,106.726,303.319,309.139,nan
13,1013,80,8100,44.2158,126.474,303.889,304.171,nan
13,1013,85,8600,44.2158,107.253,297.727,296.62,nan
13,1013,90,9100,44.2158,100.863,298.911,290.447,nan
13,1013,95,9600,44.2158,81.1058,309.672,304.144,nan
13,1013,100,10100,44.2158,85.3677,296.028,288.752,nan
13,1013,105,10600,44.2158,107.107,287.514,279.405,nan
13,1013,110,11100,44.2158,102.234,305.27,305.121,nan
13,1013,115,11600,44.2158,110.096,293.034,285.402,nan
13,1013,120,12100,44.2158,117.127,301.849,299.22,nan
13,1013,125,12600,44.2158,109.315,311.931,305.903,nan
13,1013,130,13100,44.2158,105.019,300.657,296.871,nan
13,1013,135,13600,44.2158,62.1105,292.137,284.526,nan
13,1013,140,14100,44.2158,100.428,302.92,300.925,nan
13,1013,145,14600,44.2158,132.594,304.707,296.357,nan
13,1013,150,15100,44.2158,128.216,281.673,281.461,nan
13,1013,155,15600,44.2158,81.4265,298.267,293.557,nan
13,1013,160,16100,44.2158,144.197,300.813,299.47,nan
13,1013,165,16600,44.2158,114.995,302.914,303.795,nan
13,1013,170,17100,44.2158,127.511,299.43,296.072,nan
13,1013,175,17600,44.2158,127.853,317.504,314.132,nan
13,1013,180,18100,44.2158,99.5763,305.218,298.974,nan
13,1013,185,18600,44.2158,96.6825,287.869,291.101,nan
13,1013,190,19100,44.2158,73.5402,287.446,276.828,nan
13,1013,195,19600,44.2158,108.575,303.978,300.325,nan
13,1013,200,20100,44.2158,127.046,290.939,275.356,nan
13,1013,205,20600,44.2158,114.857,312.527,313.362,nan
13,1013,210,21100,44.2158,91.6567,309.957,309.642,nan
13,1013,215,21600,44.2158,110.953,307.141,310.239,nan
13,1013,220,22100,44.2158,128.698,297.058,286.269,nan
13,1013,225,22600,44.2158,74.7223,285.632,275.433,nan
13,1013,230,23100,44.2158,132.138,294.918,289.936,nan
13,1013,235,23600,44.2158,117.934,306.621,310.468,nan
13,1013,240,24100,44.2158,130.491,313.845,308.042,nan
13,1013,245,24600,44.2158,162.276,308.683,290.604,nan
13,1013,250,25100,32.9309,59.5885,289.884,289.28,nan
13,1013,255,25600,32.9309,151.028,297.836,295.608,nan
13,1013,260,26100,32.9309,98.6169,303.657,298.866,nan
13,1013,265,26600,32.9309,93.1752,303.95,291.462,nan
13,1013,270,27100,32.9309,99.3161,293.396,282.042,nan
13,1013,275,27600,32.9309,111.268,293.491,291.458,nan
13,1013,280,28100,32.9309,90.8126,305.097,289.695,nan
13,1013,285,28600,32.9309,106.136,296.872,299.129,nan
13,1013,290,29100,32.9309,104.63,298.178,295.458,nan
13,1013,295,29600,32.9309,75.1692,298.759,285.088,nan
13,1013,300,30100,32.9309,96.7534,299.231,293.653,nan
13,1013,305,30600,32.9309,149.646,289.637,276.754,nan
13,1013,310,31100,32.9309,122.93,296.941,285.366,nan
13,1013,315,31600,32.9309,142.597,286.965,274.343,nan
13,1013,320,32100,32.9309,114.019,292.423,286.008,nan
13,1013,325,32600,32.9309,109.827,312.483,323.249,nan
13,1013,330,33100,32.9309,98.5401,298.381,296.08,nan
13,1013,335,33600,32.9309,84.4173,299.866,303.466,nan
13,1013,340,34100,32.9309,87.8113,298.245,299.924,nan
13,1013,345,34600,32.9309,97.4449,302.011,295.007,nan
13,1013,350,35100,32.9309,141.813,292.854,291.427,nan
13,1013,355,35600,32.9309,89.7225,288.897,285.847,nan
13,1013,360,36100,32.9309,100.693,280.975,281.889,nan
13,1013,365,36600,32.9309,99.603,306.558,299.703,nan
13,1013,370,37100,32.9309,116.393,296.42,295.492,nan
13,1013,375,37600,32.9309,134.836,309.83,301.444,nan
13,1013,380,38100,32.9309,136.451,297.172,295.936,nan
13,1013,385,38600,32.9309,71.7846,305.447,307.946,nan
13,1013,390,39100,32.9309,105.14,304.364,298.824,nan
13,1013,395,39600,32.9309,95.5103,304.431,297.007,nan
13,1013,400,40100,32.9309,109.026,297.024,293.249,nan
13,1013,405,40600,32.9309,81.3385,306.654,311.199,nan
13,1013,410,41100,32.9309,133.538,293.226,292.738,nan
13,1013,415,41600,32.9309,95.9839,292.526,283.248,nan
13,1013,420,42100,32.9309,146.659,322.371,319.886,nan
13,1013,425,42600,32.9309,78.1696,313.617,301.455,nan
13,1013,430,43100,32.9309,105.234,288.959,282.64,nan
13,1013,435,43600,32.9309,135.82,309.052,298.941,nan
13,1013,440,44100,32.9309,84.828,299.758,292.038,nan
13,1013,445,44600,32.9309,139.793,309.49,296.88,nan
13,1013,450,45100,32.9309,107.037,305.877,305.65,nan
13,1013,455,45600,32.9309,138.884,287.021,279.245,nan
13,1013,460,46100,32.9309,135.835,298.054,288.008,nan
13,1013,465,46600,32.9309,159.338,315.864,308.966,nan
13,1013,470,47100,32.9309,144.614,306.205,296.453,nan
13,1013,475,47600,32.9309,138.125,304.419,300.146,nan
13,1013,480,48100,32.9309,67.2221,308.999,310.345,nan
13,1013,485,48600,32.9309,108.043,299.864,293.002,nan
13,1013,490,49100,32.9309,105.537,289.435,286.345,nan
13,1013,495,49600,32.9309,142.544,306.976,313.761,nan
13,1013,499,50000,32.9309,112.879,307.062,307.263,nan
14,1014,0,100,73.2356,73.2356,295.156,295.8,nan
14,1014,5,600,73.2356,107.952,296.406,301.327,nan
14,1014,10,1100,73.2356,134.886,305.131,302.838,nan
14,1014,15,1600,73.2356,75.0738,309.275,312.919,nan
14,1014,20,2100,73.2356,141.545,313.994,310.322,nan
14,1014,25,2600,73.2356,111.551,310.649,304.242,nan
14,1014,30,3100,47.6519,62.8761,304.968,303.705,nan
14,1014,35,3600,47.6519,81.6303,294.395,297.384,nan
14,1014,40,4100,47.6519,122.045,307.379,313.011,nan
14,1014,45,4600,47.6519,69.1515,287.916,280.94,nan
14,1014,50,5100,47.6519,109.415,292.452,286.488,nan
14,1014,55,5600,47.6519,117.519,297.919,300.471,nan
14,1014,60,6100,47.6519,122.14,289.794,282.959,nan
14,1014,65,6600,47.6519,79.3473,301.406,303.272,nan
14,1014,70,7100,47.6519,103.219,308.111,308.738,nan
14,1014,75,7600,47.6519,130.896,320.433,319.814,nan
14,1014,80,8100,47.6519,129.14,301.273,295.52,nan
14,1014,85,8600,47.6519,78.952,293.808,286.218,nan
14,1014,90,9100,47.6519,88.9746,307.234,302.956,nan
14,1014,95,9600,47.6519,107.42,303.683,306.667,nan
14,1014,100,10100,47.6519,96.0258,299.004,302.089,nan
14,1014,105,10600,47.6519,109.189,315.032,310.048,nan
14,1014,110,11100,47.6519,119.272,303.841,307.106,nan
14,1014,115,11600,47.6519,58.9393,303.397,301.76,nan
14,1014,120,12100,47.6519,99.0749,307.261,300.874,nan
14,1014,125,12600,47.6519,118.902,294.355,289.003,nan
14,1014,130,13100,47.6519,109.694,311.879,307.134,nan
14,1014,135,13600,47.6519,90.0144,291.521,286.325,nan
14,1014,140,14100,47.6519,101.977,310.846,310.3,nan
14,1014,145,14600,47.6519,98.06,288.925,303.158,nan
14,1014,150,15100,47.6519,113.215,316.625,308.209,nan
14,1014,155,15600,47.6519,130.279,296.089,277.412,nan
14,1014,160,16100,47.6519,120.77,300.63,290.57,nan
14,1014,165,16600,47.3075,124.198,303.932,286.803,nan
14,1014,170,17100,47.3075,114.327,296.838,304.103,nan
14,1014,175,17600,47.3075,99.6022,292.629,289.113,nan
14,1014,180,18100,47.3075,104.353,306.811,305.251,nan
14,1014,185,18600,47.3075,134.982,295.905,287.88,nan
14,1014,190,19100,47.3075,118.514,292.741,289.711,nan
14,1014,195,19600,47.3075,149.93,293.165,284.771,nan
14,1014,200,20100,47.3075,125.554,298.903,296.653,nan
14,1014,205,20600,47.3075,121.299,298.683,298.027,nan
14,1014,210,21100,47.3075,124.161,306.058,304.158,nan
14,1014,215,21600,47.3075,141.872,294.751,280.205,nan
14,1014,220,22100,47.3075,75.4777,299.893,291.929,nan
14,1014,225,22600,47.3075,106.786,299.1,295.333,nan
14,1014,230,23100,47.3075,107.476,305.639,303.168,nan
14,1014,235,23600,47.3075,122.448,306.53,303.416,nan
14,1014,240,24100,47.3075,156.076,312.092,306.174,nan
14,1014,245,24600,47.3075,88.4201,294.725,294.916,nan
14,1014,250,25100,47.3075,64.3816,307.686,303.656,nan
14,1014,255,25600,47.3075,138.442,303.882,302.853,nan
14,1014,260,26100,47.3075,132.375,315.32,305.189,nan
14,1014,265,26600,47.3075,125.432,292.822,296.625,nan
14,1014,270,27100,47.3075,81.151,300.712,296.673,nan
14,1014,275,27600,47.3075,108.283,304.504,309.594,nan
14,1014,280,28100,47.3075,155.876,297.384,300.463,nan
14,1014,285,28600,47.3075,114.879,309.849,304.963,nan
14,1014,290,29100,47.3075,126.609,296.704,296.85,nan
14,1014,295,29600,47.3075,144.503,303.714,308.048,nan
14,1014,300,30100,47.3075,114.048,303.894,300.951,nan
14,1014,305,30600,47.3075,151.068,295.579,301.335,nan
14,1014,310,31100,47.3075,88.0042,297.206,283.811,nan
14,1014,315,31600,47.3075,133.898,304.359,299.301,nan
14,1014,320,32100,47.3075,134.675,303.724,303.301,nan
14,1014,325,32600,47.3075,105.66,296.923,298.108,nan
14,1014,330,33100,47.3075,125.751,296.431,293.105,nan
14,1014,335,33600,47.3075,119.059,289.56,289.787,nan
14,1014,340,34100,47.3075,77.6549,303.094,305.561,nan
14,1014,345,34600,47.3075,104.924,313.227,304.146,nan
14,1014,350,35100,47.3075,92.3371,306.263,303.129,nan
14,1014,355,35600,47.3075,125.436,299.934,292.147,nan
14,1014,360,36100,47.3075,135.299,307.342,305.737,nan
14,1014,365,36600,38.2949,101.732,308.425,296.623,nan
14,1014,370,37100,38.2949,145.616,314.78,312.634,nan
14,1014,375,37600,38.2949,115.37,302.952,311.828,nan
14,1014,380,38100,38.2949,155.434,313.208,309.137,nan
14,1014,385,38600,38.2949,133.06,307.119,306.824,nan
14,1014,390,39100,38.2949,142.387,289.443,282.48,nan
14,1014,395,39600,38.2949,50.972,292.205,298.594,nan
14,1014,400,40100,38.2949,115.163,292.577,287.973,nan
14,1014,405,40600,38.2949,117.48,303.478,305.544,nan
14,1014,410,41100,38.2949,98.2662,313.081,299.125,nan
14,1014,415,41600,38.2949,134.801,314.674,305.603,nan
14,1014,420,42100,38.2949,150.946,316.974,326.355,nan
14,1014,425,42600,38.2949,107.169,317.591,324.465,nan
14,1014,430,43100,38.2949,110.838,298.58,292.7,nan
14,1014,435,43600,38.2949,100.671,291.653,301.647,nan
14,1014,440,44100,38.2949,105.514,307.931,302.524,nan
14,1014,445,44600,38.2949,123.466,316.396,319.081,nan
14,1014,450,45100,38.2949,136.227,289.479,277.421,nan
14,1014,455,45600,38.2949,67.9081,295.106,288.983,nan
14,1014,460,46100,38.2949,109.202,296.425,297.94,nan
14,1014,465,46600,38.2949,127.616,286.313,277.71,nan
14,1014,470,47100,38.2949,136.842,308.192,313.396,nan
14,1014,475,47600,38.2949,108.191,286.611,275.386,nan
14,1014,480,48100,38.2949,125.331,312.991,315.266,nan
14,1014,485,48600,38.2949,69.2022,303.756,300.283,nan
14,1014,490,49100,38.2949,84.2048,309.281,313.128,nan
14,1014,495,49600,38.2949,118.346,307.778,312.686,nan
14,1014,499,50000,38.2949,100.199,306.481,306.67,nan
15,1015,0,100,78.6302,78.6302,293.593,285.354,nan
15,1015,5,600,78.2048,135.334,298.036,295.615,nan
15,1015,10,1100,78.2048,107.794,303.841,305.302,nan
15,1015,15,1600,75.413,137.846,302.738,290.833,nan
15,1015,20,2100,75.413,106.441,302.707,308.868,nan
15,1015,25,2600,73.7455,132.144,299.815,294.134,nan
15,1015,30,3100,50.913,91.1899,290.808,287.514,nan
15,1015,35,3600,50.913,126.964,289.478,280.756,nan
15,1015,40,4100,50.913,120.007,304.205,303.919,nan
15,1015,45,4600,50.913,138.427,301.675,305.229,nan
15,1015,50,5100,50.913,139.588,315.208,316.216,nan
15,1015,55,5600,50.913,129.783,304.764,300.386,nan
15,1015,60,6100,34.9375,92.175,302.684,290.724,nan
15,1015,65,6600,34.9375,124.45,310.862,316.003,nan
15,1015,70,7100,34.9375,115.806,312.715,301.148,nan
15,1015,75,7600,34.9375,93.8787,297.417,289.055,nan
15,1015,80,8100,34.9375,118.412,299.387,305.949,nan
15,1015,85,8600,34.9375,86.5218,304.708,303.121,nan
15,1015,90,9100,34.9375,119.034,294.451,285.982,nan
15,1015,95,9600,34.9375,67.0952,298.863,304.877,nan
15,1015,100,10100,34.9375,70.529,297.102,288.862,nan
15,1015,105,10600,34.9375,60.4501,306.873,300.427,nan
15,1015,110,11100,34.9375,98.4573,293.463,289.844,nan
15,1015,115,11600,34.9375,125.163,305.594,319.249,nan
15,1015,120,12100,34.9375,82.6621,286.219,279.465,nan
15,1015,125,12600,34.9375,89.3049,293.039,289.62,nan
15,1015,130,13100,34.9375,106.494,307.086,302.902,nan
15,1015,135,13600,34.9375,94.6225,293.981,296.059,nan
15,1015,140,14100,34.9375,126.205,298.461,301.036,nan
15,1015,145,14600,34.9375,81.8273,301.711,300.546,nan
15,1015,150,15100,34.9375,87.4882,284.889,295.965,nan
15,1015,155,15600,34.9375,68.9038,293.488,294.636,nan
15,1015,160,16100,34.9375,122.14,311.052,300.975,nan
15,1015,165,16600,34.9375,111.555,284.886,284.551,nan
15,1015,170,17100,34.9375,77.8845,312.761,314.141,nan
15,1015,175,17600,34.9375,94.5534,289.944,284.947,nan
15,1015,180,18100,34.9375,127.436,312.245,320.549,nan
15,1015,185,18600,34.9375,144.701,313.087,307.746,nan
15,1015,190,19100,34.9375,135.417,303.426,294.275,nan
15,1015,195,19600,34.9375,111.642,300.379,297.782,nan
15,1015,200,20100,34.9375,82.7245,300.153,304.303,nan
15,1015,205,20600,34.9375,114.412,293.855,287.922,nan
15,1015,210,21100,34.9375,139.891,306.076,311.858,nan
15,1015,215,21600,34.9375,135.066,300.608,303.546,nan
15,1015,220,22100,34.9375,87.2247,304.209,295.571,nan
15,1015,225,22600,34.9375,113.558,311.307,301.122,nan
15,1015,230,23100,34.9375,104.831,287.144,278.592,nan
15,1015,235,23600,34.9375,116.218,308.244,312.255,nan
15,1015,240,24100,34.9375,98.1191,304.632,299.285,nan
15,1015,245,24600,34.9375,109.345,300.378,301.936,nan
15,1015,250,25100,34.9375,100.875,303.922,308.006,nan
15,1015,255,25600,34.9375,125.229,304.6,314.203,nan
15,1015,260,26100,34.9375,145.036,300.721,291.81,nan
15,1015,265,26600,34.9375,62.5647,320.154,317.283,nan
15,1015,270,27100,34.9375,131.073,307.725,314.086,nan
15,1015,275,27600,34.9375,112.849,309.106,305.313,nan
15,1015,280,28100,34.9375,112.147,304.498,291.42,nan
15,1015,285,28600,34.9375,126.586,296.252,295.234,nan
15,1015,290,29100,34.9375,131.769,291.695,281.077,nan
15,1015,295,29600,34.9375,126.755,289.973,273.075,nan
15,1015,300,30100,34.9375,140.626,302.655,300.199,nan
15,1015,305,30600,34.9375,146.653,306.777,317.642,nan
15,1015,310,31100,34.9375,176.741,307.479,300.114,nan
15,1015,315,31600,34.9375,73.5846,293.921,287.474,nan
15,1015,320,32100,34.9375,90.6304,297.717,295.706,nan
15,1015,325,32600,34.9375,105.711,314.754,318.553,nan
15,1015,330,33100,34.9375,106.706,312.731,314.039,nan
15,1015,335,33600,34.9375,74.1375,300.908,307.529,nan
15,1015,340,34100,34.9375,112.264,307.438,309.143,nan
15,1015,345,34600,34.9375,140.455,317.244,316.233,nan
15,1015,350,35100,34.9375,116.841,301.187,296.487,nan
15,1015,355,35600,34.9375,103.258,285.4,282.641,nan
15,1015,360,36100,34.9375,91.2928,304.224,297.888,nan
15,1015,365,36600,34.9375,127.599,292.506,280.582,nan
15,1015,370,37100,34.9375,102.165,296.642,296.824,nan
15,1015,375,37600,34.9375,126.32,308.137,299.574,nan
15,1015,380,38100,34.9375,70.2429,289.566,281.101,nan
15,1015,385,38600,34.9375,115.225,305.831,303.739,nan
15,1015,390,39100,34.9375,98.6806,304.071,310.561,nan
15,1015,395,39600,34.9375,92.4495,295.55,285.847,nan
15,1015,400,40100,34.9375,91.8008,304.436,304.981,nan
15,1015,405,40600,34.9375,94.6753,292.32,295.199,nan
15,1015,410,41100,34.9375,119.511,303.086,301.998,nan
15,1015,415,41600,34.9375,103.871,296.429,301.49,nan
15,1015,420,42100,34.9375,100.099,292.931,285.276,nan
15,1015,425,42600,34.9375,121.903,309.717,297.586,nan
15,1015,430,43100,34.9375,79.7672,301.378,290.512,nan
15,1015,435,43600,34.9375,110.498,303.258,290.367,nan
15,1015,440,44100,34.9375,147.26,301.873,296.14,nan
15,1015,445,44600,34.9375,56.8607,302.122,294.934,nan
15,1015,450,45100,34.9375,126.099,313.729,310.859,nan
15,1015,455,45600,34.9375,107.991,289.236,290.79,nan
15,1015,460,46100,34.9375,75.5373,305.19,297.937,nan
15,1015,465,46600,34.9375,137.999,310.474,306.9,nan
15,1015,470,47100,34.9375,109.039,282.541,283.079,nan
15,1015,475,47600,34.9375,129.939,291.092,282.406,nan
15,1015,480,48100,34.9375,101.92,297.656,291.768,nan
15,1015,485,48600,34.9375,92.1842,298.153,295.581,nan
15,1015,490,49100,34.9375,71.1643,309.67,306.498,nan
15,1015,495,49600,34.9375,39.6758,307.01,301.618,nan
15,1015,499,50000,34.9375,72.1345,294.629,281.997,nan
16,1016,0,100,98.7541,98.7541,307.785,299.745,nan
16,1016,5,600,98.159,117.07,302.739,302.79,nan
16,1016,10,1100,68.9974,137.99,311.896,313.04,nan
16,1016,15,1600,68.9974,79.1729,303.404,296.72,nan
16,1016,20,2100,68.9974,130.795,305.321,300.861,nan
16,1016,25,2600,68.9974,107.681,302.222,295.455,nan
16,1016,30,3100,68.9974,137.26,312.195,309.579,nan
16,1016,35,3600,50.3185,94.4119,296.518,290.763,nan
16,1016,40,4100,50.3185,98.3054,296.721,297.78,nan
16,1016,45,4600,50.3185,126.502,298.276,299.113,nan
16,1016,50,5100,50.3185,121.713,313.812,306.192,nan
16,1016,55,5600,50.3185,71.6631,297.486,299.116,nan
16,1016,60,6100,50.3185,147.237,311.095,318.503,nan
16,1016,65,6600,50.3185,71.1212,295.139,280.697,nan
16,1016,70,7100,50.3185,86.0729,304.777,305.319,nan
16,1016,75,7600,50.3185,106.43,290.53,288.408,nan
16,1016,80,8100,50.3185,123.132,298.919,296.798,nan
16,1016,85,8600,50.3185,109.376,312.857,322.202,nan
16,1016,90,9100,50.3185,122.078,301.477,290.356,nan
16,1016,95,9600,50.3185,106.833,303.975,301.366,nan
16,1016,100,10100,50.3185,91.1493,306.048,298.498,nan
16,1016,105,10600,50.3185,57.7874,293.646,294.597,nan
16,1016,110,11100,50.3185,133.363,299.673,288.758,nan
16,1016,115,11600,50.3185,138.45,295.378,299.024,nan
16,1016,120,12100,50.3185,107.97,303.077,291.373,nan
16,1016,125,12600,50.3185,104.397,300.669,297.596,nan
16,1016,130,13100,50.3185,72.0771,294.35,295.906,nan
16,1016,135,13600,50.3185,85.3438,305.71,299.068,nan
16,1016,140,14100,50.3185,71.631,304.095,305.834,nan
16,1016,145,14600,50.3185,90.5822,305.225,308.401,nan
16,1016,150,15100,50.3185,152.42,299.966,281.334,nan
16,1016,155,15600,50.3185,82.917,299.745,304.861,nan
16,1016,160,16100,50.3185,130.321,296.372,288.033,nan
16,1016,165,16600,50.3185,102.424,296.986,279.2,nan
16,1016,170,17100,50.3185,54.3052,292.153,307.646,nan
16,1016,175,17600,50.3185,94.1371,298.341,292.252,nan
16,1016,180,18100,50.3185,99.289,300.934,296.08,nan
16,1016,185,18600,50.3185,92.3991,298.522,280.709,nan
16,1016,190,19100,50.3185,128.499,310.976,317.488,nan
16,1016,195,19600,50.3185,91.7689,308.722,312.236,nan
16,1016,200,20100,50.3185,128.163,300.239,294.693,nan
16,1016,205,20600,50.3185,136.124,294.771,286.062,nan
16,1016,210,21100,50.3185,105.209,316.047,309.886,nan
16,1016,215,21600,50.3185,90.4107,283.609,281.928,nan
16,1016,220,22100,50.3185,129.578,300.433,294.551,nan
16,1016,225,22600,50.3185,70.3773,292.959,295.516,nan
16,1016,230,23100,50.3185,116.274,316.823,315.022,nan
16,1016,235,23600,50.3185,120.365,308.017,308.957,nan
16,1016,240,24100,50.3185,118.101,301.277,297.551,nan
16,1016,245,24600,50.3185,106.554,295.201,292.907,nan
16,1016,250,25100,50.3185,104.015,307.321,303.595,nan
16,1016,255,25600,50.3185,99.9433,304.294,294.918,nan
16,1016,260,26100,50.3185,105.54,305.254,292.412,nan
16,1016,265,26600,50.3185,153.635,314.355,315.698,nan
16,1016,270,27100,50.3185,132.413,315.423,315.324,nan
16,1016,275,27600,50.3185,138.34,294.837,293.197,nan
16,1016,280,28100,50.3185,116.574,300.647,306.882,nan
16,1016,285,28600,50.3185,112.174,293.209,300.912,nan
16,1016,290,29100,50.3185,90.9492,306.994,306.184,nan
16,1016,295,29600,44.1522,44.1522,293.493,294.728,nan
16,1016,300,30100,44.1522,127.641,299.98,306.906,nan
16,1016,305,30600,44.1522,123.552,295.285,298.524,nan
16,1016,310,31100,44.1522,101.121,297.598,301.103,nan
16,1016,315,31600,44.1522,88.3489,289.51,286.774,nan
16,1016,320,32100,44.1522,149.432,296.88,294.963,nan
16,1016,325,32600,44.1522,110.939,301.158,296.395,nan
16,1016,330,33100,44.1522,119.233,310.052,307.524,nan
16,1016,335,33600,44.1522,136.204,297.786,290.475,nan
16,1016,340,34100,44.1522,77.2228,298.518,289.947,nan
16,1016,345,34600,44.1522,160.589,315.46,306.987,nan
16,1016,350,35100,44.1522,103.465,300.447,290.611,nan
16,1016,355,35600,44.1522,113.196,286.142,275.566,nan
16,1016,360,36100,44.1522,80.0861,302.344,297.008,nan
16,1016,365,36600,44.1522,74.4859,311.457,321.902,nan
16,1016,370,37100,44.1522,92.7215,293.768,282.245,nan
16,1016,375,37600,44.1522,85.2411,300.84,296.088,nan
16,1016,380,38100,44.1522,132.523,309.341,306.767,nan
16,1016,385,38600,44.1522,65.7817,305.207,288.878,nan
16,1016,390,39100,44.1522,75.8146,299.753,301.718,nan
16,1016,395,39600,44.1522,90.8962,298.373,299,nan
16,1016,400,40100,44.1522,93.5322,289.831,287.532,nan
16,1016,405,40600,44.1522,106.842,316.817,315.917,nan
16,1016,410,41100,44.1522,55.2992,295.752,298.376,nan
16,1016,415,41600,44.1522,150.11,309.348,305.141,nan
16,1016,420,42100,44.1522,113.356,294.039,287.449,nan
16,1016,425,42600,44.1522,127.353,303.052,288.025,nan
16,1016,430,43100,44.1522,122.673,300.083,300.082,nan
16,1016,435,43600,44.1522,94.539,299.805,301.718,nan
16,1016,440,44100,44.1522,140.469,311.303,320.376,nan
16,1016,445,44600,44.1522,119.625,303.425,308.496,nan
16,1016,450,45100,44.1522,139.684,300.434,301.665,nan
16,1016,455,45600,44.1522,88.1944,312.978,312.074,nan
16,1016,460,46100,44.1522,118.943,308.383,302.196,nan
16,1016,465,46600,44.1522,85.9895,308.533,304.756,nan
16,1016,470,47100,44.1522,122.874,298.721,286.822,nan
16,1016,475,47600,44.1522,95.1879,284.798,282.055,nan
16,1016,480,48100,44.1522,88.4186,312.917,318.326,nan
16,1016,485,48600,44.1522,143.954,297.005,285.947,nan
16,1016,490,49100,44.1522,81.0676,286.586,276.089,nan
16,1016,495,49600,44.1522,88.6139,289.612,296.585,nan
16,1016,499,50000,44.1522,100.766,297.62,287.516,nan
17,1017,0,100,122.571,122.571,309.872,317.146,nan
17,1017,5,600,67.763,141.655,309.458,302.66,nan
17,1017,10,1100,67.763,106.375,302.777,299.233,nan
17,1017,15,1600,60.9088,98.8148,300.427,302.543,nan
17,1017,20,2100,60.9088,108.304,295.683,291.418,nan
17,1017,25,2600,60.9088,110.999,304.806,302.607,nan
17,1017,30,3100,60.9088,96.0756,303.829,309.264,nan
17,1017,35,3600,60.9088,94.6558,308.475,314.685,nan
17,1017,40,4100,60.9088,91.6136,299.475,296.23,nan
17,1017,45,4600,60.9088,129.568,301.297,296.526,nan
17,1017,50,5100,60.9088,132.358,313.657,314.994,nan
17,1017,55,5600,60.9088,95.575,294.862,293.795,nan
17,1017,60,6100,60.9088,111.42,309.962,295.582,nan
17,1017,65,6600,60.9088,73.2433,309.226,309.879,nan
17,1017,70,7100,60.9088,117.629,296.29,288.778,nan
17,1017,75,7600,60.9088,120.409,292.677,292.04,nan
17,1017,80,8100,60.9088,140.3,303.645,299.468,nan
17,1017,85,8600,60.9088,119.281,305.368,302.162,nan
17,1017,90,9100,60.9088,99.1669,288.741,281.938,nan
17,1017,95,9600,60.9088,81.7143,306.103,302.346,nan
17,1017,100,10100,60.9088,140.822,310.315,321.508,nan
17,1017,105,10600,60.9088,143.272,298.168,297.131,nan
17,1017,110,11100,60.9088,127.075,316.957,311.066,nan
17,1017,115,11600,60.9088,131.587,305.685,303.653,nan
17,1017,120,12100,60.9088,124.273,297.944,288.936,nan
17,1017,125,12600,60.9088,70.9973,301.82,305.877,nan
17,1017,130,13100,32.8116,87.7482,313.99,312.668,nan
17,1017,135,13600,32.8116,133.464,309.322,306.484,nan
17,1017,140,14100,32.8116,80.3648,290.192,286.474,nan
17,1017,145,14600,32.8116,128.931,314.01,309.77,nan
17,1017,150,15100,32.8116,160.991,311.575,299.559,nan
17,1017,155,15600,32.8116,78.5139,294.576,293.391,nan
17,1017,160,16100,32.8116,57.3368,305.786,304.824,nan
17,1017,165,16600,32.8116,119.155,298.504,300.031,nan
17,1017,170,17100,32.8116,55.3307,299.204,305.894,nan
17,1017,175,17600,32.8116,134.737,303.936,294.739,nan
17,1017,180,18100,32.8116,105.445,308.888,291.012,nan
17,1017,185,18600,32.8116,115.721,296.178,288.206,nan
17,1017,190,19100,32.8116,75.587,294.25,288.148,nan
17,1017,195,19600,32.8116,122.743,300.816,302.077,nan
17,1017,200,20100,32.8116,125.845,308.446,308.464,nan
17,1017,205,20600,32.8116,131.434,304.455,305.845,nan
17,1017,210,21100,32.8116,130.871,302.731,302.297,nan
17,1017,215,21600,32.8116,119.357,295.071,287.248,nan
17,1017,220,22100,32.8116,100.926,301.394,290.92,nan
17,1017,225,22600,32.8116,87.5219,295.999,285.857,nan
17,1017,230,23100,32.8116,106.554,302.997,299.88,nan
17,1017,235,23600,32.8116,80.5472,288.791,285.737,nan
17,1017,240,24100,32.8116,119.668,306.193,306.004,nan
17,1017,245,24600,32.8116,122.282,300.862,302.111,nan
17,1017,250,25100,32.8116,109.807,293.678,302.327,nan
17,1017,255,25600,32.8116,127.641,301.225,300.589,nan
17,1017,260,26100,32.8116,156.769,296.236,288.954,nan
17,1017,265,26600,32.8116,116.073,307.257,294.405,nan
17,1017,270,27100,32.8116,149.309,322.003,318.974,nan
17,1017,275,27600,32.8116,118.895,300.799,299.335,nan
17,1017,280,28100,32.8116,98.8787,305.477,298.573,nan
17,1017,285,28600,32.8116,108.21,292.672,280.328,nan
17,1017,290,29100,32.8116,91.5043,309.063,303.987,nan
17,1017,295,29600,32.8116,140.555,296.775,290.337,nan
17,1017,300,30100,32.8116,109.863,317.711,328.234,nan
17,1017,305,30600,32.8116,90.6713,303.533,309.064,nan
17,1017,310,31100,32.8116,130.826,313.723,306.207,nan
17,1017,315,31600,32.8116,135.107,299.586,280.482,nan
17,1017,320,32100,32.8116,100.425,286.247,282.725,nan
17,1017,325,32600,32.8116,98.5793,296.096,297.899,nan
17,1017,330,33100,32.8116,99.7061,305.225,305.96,nan
17,1017,335,33600,32.8116,129.695,302.509,297.944,nan
17,1017,340,34100,32.8116,164.674,309.501,302.461,nan
17,1017,345,34600,32.8116,114.69,302.322,292.533,nan
17,1017,350,35100,32.8116,134.573,308.245,302.489,nan
17,1017,355,35600,32.8116,69.8427,301.075,301.169,nan
17,1017,360,36100,32.8116,127.402,294.831,306.671,nan
17,1017,365,36600,32.8116,129.82,305.141,294.654,nan
17,1017,370,37100,32.8116,85.9943,306.838,292.175,nan
17,1017,375,37600,32.8116,128.714,298.396,298.81,nan
17,1017,380,38100,32.8116,87.3263,297.979,298.73,nan
17,1017,385,38600,32.8116,105.448,298.137,299.832,nan
17,1017,390,39100,32.8116,78.6085,293.236,285.182,nan
17,1017,395,39600,32.8116,89.2164,305.285,297.837,nan
17,1017,400,40100,32.8116,116.35,294.015,278.404,nan
17,1017,405,40600,32.8116,128.257,310.43,305.059,nan
17,1017,410,41100,32.8116,138.275,315.235,312.055,nan
17,1017,415,41600,32.8116,118.071,305.278,288.429,nan
17,1017,420,42100,32.8116,123.201,301.318,288.791,nan
17,1017,425,42600,32.8116,82.4871,300.619,303.058,nan
17,1017,430,43100,32.8116,167.156,313.791,309.855,nan
17,1017,435,43600,32.8116,100.494,291.656,290.092,nan
17,1017,440,44100,32.8116,114.544,315.777,319.106,nan
17,1017,445,44600,32.8116,91.1778,317.245,312.585,nan
17,1017,450,45100,32.8116,94.5467,308.22,311.948,nan
17,1017,455,45600,32.8116,132.108,301.118,294.203,nan
17,1017,460,46100,32.8116,111.47,313.38,310.172,nan
17,1017,465,46600,32.8116,93.5162,296.729,290.625,nan
17,1017,470,47100,32.8116,94.3686,309.677,307.992,nan
17,1017,475,47600,32.8116,105.732,288.873,287.443,nan
17,1017,480,48100,32.8116,107.671,303.011,288.681,nan
17,1017,485,48600,32.8116,90.4651,297.013,301.594,nan
17,1017,490,49100,32.8116,74.6751,290.004,281.616,nan
17,1017,495,49600,32.8116,86.6292,301.547,286.832,nan
17,1017,499,50000,32.8116,81.8698,298.375,295.157,nan
18,1018,0,100,103.949,103.949,297.863,292.377,nan
18,1018,5,600,59.7833,106.827,311.55,311.47,nan
18,1018,10,1100,59.7833,98.8066,314.52,308.83,nan
18,1018,15,1600,59.7833,136.233,307.34,291.753,nan
18,1018,20,2100,59.7833,114.536,301.188,307.398,nan
18,1018,25,2600,59.7833,104.847,292.771,296.447,nan
18,1018,30,3100,42.3999,119.201,299.512,288.166,nan
18,1018,35,3600,42.3999,119.387,300.662,291.885,nan
18,1018,40,4100,42.3999,124.909,296.437,296.16,nan
18,1018,45,4600,42.3999,118.005,303.203,309.47,nan
18,1018,50,5100,42.3999,119.911,307.081,304.804,nan
18,1018,55,5600,42.3999,101.027,299.188,295.986,nan
18,1018,60,6100,42.3999,98.2919,297.488,287.348,nan
18,1018,65,6600,42.3999,84.7116,288.191,293.383,nan
18,1018,70,7100,42.3999,107.883,307.807,307.851,nan
18,1018,75,7600,42.3999,103.511,295.189,299.519,nan
18,1018,80,8100,42.3999,142.046,303.404,305.381,nan
18,1018,85,8600,42.3999,95.0053,302.804,314.506,nan
18,1018,90,9100,42.3999,97.0944,282.721,280.144,nan
18,1018,95,9600,42.3999,67.0142,282.331,279.739,nan
18,1018,100,10100,42.3999,73.8671,298.487,301.726,nan
18,1018,105,10600,42.3999,100.5,307.068,309.694,nan
18,1018,110,11100,42.3999,57.1885,292.21,281.944,nan
18,1018,115,11600,42.3999,117.146,298.972,307.864,nan
18,1018,120,12100,42.3999,109.445,295.553,284.687,nan
18,1018,125,12600,42.3999,130.147,310.435,309.232,nan
18,1018,130,13100,42.3999,101.625,296.218,290.713,nan
18,1018,135,13600,42.3999,86.1517,297.245,301.429,nan
18,1018,140,14100,42.3999,125.752,303.008,293.877,nan
18,1018,145,14600,42.3999,117.46,295.011,281.059,nan
18,1018,150,15100,42.3999,107.212,292.906,300.771,nan
18,1018,155,15600,42.3999,109.801,315.263,312.871,nan
18,1018,160,16100,42.3999,118.192,305.174,305.348,nan
18,1018,165,16600,42.3999,152.361,304.985,306.335,nan
18,1018,170,17100,42.3999,144.614,317.143,322.666,nan
18,1018,175,17600,42.3999,108.262,302.941,311.248,nan
18,1018,180,18100,42.3999,104.517,301.385,294.56,nan
18,1018,185,18600,42.3999,133.529,306.271,300.46,nan
18,1018,190,19100,36.3585,100.13,292.573,283.042,nan
18,1018,195,19600,36.3585,150.586,305.192,306.606,nan
18,1018,200,20100,36.3585,140.847,306.78,309.14,nan
18,1018,205,20600,36.3585,78.3359,283.09,283.619,nan
18,1018,210,21100,36.3585,166.575,310.131,306.123,nan
18,1018,215,21600,36.3585,88.5937,298.746,299.29,nan
18,1018,220,22100,36.3585,122.871,294.42,283.837,nan
18,1018,225,22600,36.3585,134.984,303.062,299.667,nan
18,1018,230,23100,36.3585,98.1176,315.633,319.098,nan
18,1018,235,23600,36.3585,112.268,312.02,309.617,nan
18,1018,240,24100,33.4933,63.9558,300.948,292.974,nan
18,1018,245,24600,33.4933,104.11,295.748,280.633,nan
18,1018,250,25100,33.4933,60.7212,297.725,299.214,nan
18,1018,255,25600,33.4933,114.17,299.445,290.125,nan
18,1018,260,26100,33.4933,118.755,303.719,300.943,nan
18,1018,265,26600,33.4933,120.696,299.62,290.158,nan
18,1018,270,27100,33.4933,88.9079,301.756,301.416,nan
18,1018,275,27600,33.4933,123.355,297.876,291.141,nan
18,1018,280,28100,33.4933,112.321,302.217,292.737,nan
18,1018,285,28600,33.4933,122.917,306.697,307.779,nan
18,1018,290,29100,33.4933,148.845,302.611,304.315,nan
18,1018,295,29600,33.4933,113.708,289.507,291.118,nan
18,1018,300,30100,33.4933,116.187,308.629,303.717,nan
18,1018,305,30600,33.4933,94.1135,296.905,293.908,nan
18,1018,310,31100,33.4933,59.2686,284.705,276.596,nan
18,1018,315,31600,33.4933,108.955,289.766,296.176,nan
18,1018,320,32100,33.4933,105.477,300.584,297.368,nan
18,1018,325,32600,33.4933,73.2631,284.095,278.203,nan
18,1018,330,33100,33.4933,71.051,299.894,301.889,nan
18,1018,335,33600,33.4933,90.7948,315.147,315.88,nan
18,1018,340,34100,33.4933,140.493,305.544,295.936,nan
18,1018,345,34600,33.4933,148.907,306.258,300.886,nan
18,1018,350,35100,33.4933,123.742,307.942,301.964,nan
18,1018,355,35600,33.4933,114.096,295.782,299.732,nan
18,1018,360,36100,33.4933,113.51,316.475,318.554,nan
18,1018,365,36600,33.4933,91.5441,296.234,295.105,nan
18,1018,370,37100,33.4933,67.2727,321.969,314.391,nan
18,1018,375,37600,33.4933,72.9048,305.674,316.702,nan
18,1018,380,38100,33.4933,123.943,300.772,298.074,nan
18,1018,385,38600,33.4933,105.422,308.811,312.95,nan
18,1018,390,39100,33.4933,107.631,289,288.247,nan
18,1018,395,39600,33.4933,72.2832,290.291,291.448,nan
18,1018,400,40100,33.4933,92.8914,304.539,309.27,nan
18,1018,405,40600,33.4933,110.689,293.264,290.759,nan
18,1018,410,41100,33.4933,123.802,308.433,313.319,nan
18,1018,415,41600,33.4933,148.285,299.853,296.949,nan
18,1018,420,42100,33.4933,75.7653,295.447,292.868,nan
18,1018,425,42600,33.4933,97.6413,294.877,288.061,nan
18,1018,430,43100,33.4933,141.881,316.004,312.255,nan
18,1018,435,43600,33.4933,117.779,284.887,282.833,nan
18,1018,440,44100,33.4933,137.95,303.245,303.645,nan
18,1018,445,44600,33.4933,111.909,295.505,300.145,nan
18,1018,450,45100,33.4933,118.979,279.5,268.777,nan
18,1018,455,45600,33.4933,72.7684,297.207,309.173,nan
18,1018,460,46100,33.4933,117.155,292.938,283.328,nan
18,1018,465,46600,33.4933,130.744,297.43,296.844,nan
18,1018,470,47100,33.4933,69.4498,298.077,286.876,nan
18,1018,475,47600,33.4933,117.646,292.38,285.894,nan
18,1018,480,48100,33.4933,137.859,305.27,308.79,nan
18,1018,485,48600,33.4933,129.082,304.493,292.604,nan
18,1018,490,49100,33.4933,117.003,307.776,296.395,nan
18,1018,495,49600,33.4933,86.0547,308.747,315.363,nan
18,1018,499,50000,33.4933,93.003,298.305,293.128,nan
19,1019,0,100,58.6172,58.6172,301.73,297.31,nan
19,1019,5,600,58.6172,70.6958,297.457,297.372,nan
19,1019,10,1100,58.6172,67.5892,294.909,306.246,nan
19,1019,15,1600,58.6172,113.589,307.321,304.396,nan
19,1019,20,2100,58.6172,76.1202,289.259,286.162,nan
19,1019,25,2600,58.6172,75.915,291.021,286.166,nan
19,1019,30,3100,58.6172,90.9862,312.068,295.933,nan
19,1019,35,3600,58.6172,139.55,309.614,312.906,nan
19,1019,40,4100,58.6172,132.554,304.696,302.826,nan
19,1019,45,4600,58.6172,63.2398,297.722,292.641,nan
19,1019,50,5100,58.6172,115.913,302.148,292.799,nan
19,1019,55,5600,58.6172,138.099,299.473,293.912,nan
19,1019,60,6100,58.6172,117.614,298.2,285.102,nan
19,1019,65,6600,58.6172,94.2358,288.67,292.768,nan
19,1019,70,7100,58.6172,94.7745,292.262,291.124,nan
19,1019,75,7600,58.6172,119.306,310.449,303.895,nan
19,1019,80,8100,58.6172,130.157,302.233,302.498,nan
19,1019,85,8600,58.6172,73.212,295.998,283.033,nan
19,1019,90,9100,58.6172,90.4458,304.656,303.443,nan
19,1019,95,9600,58.6172,139.247,302.33,313.361,nan
19,1019,100,10100,58.6172,69.1021,319.35,316.106,nan
19,1019,105,10600,58.6172,141.207,297.951,296.805,nan
19,1019,110,11100,57.7397,57.7397,293.466,289.073,nan
19,1019,115,11600,39.2819,80.6569,299.733,281.931,nan
19,1019,120,12100,39.2819,80.8356,300.515,289.722,nan
19,1019,125,12600,39.2819,122.007,300.464,292.481,nan
19,1019,130,13100,39.2819,84.8653,306.309,310.581,nan
19,1019,135,13600,39.2819,103.689,300.714,300.335,nan
19,1019,140,14100,39.2819,73.6913,291.19,287.827,nan
19,1019,145,14600,39.2819,69.5689,301.942,303.751,nan
19,1019,150,15100,39.2819,99.0612,297.072,294.388,nan
19,1019,155,15600,39.2819,73.4882,301.591,303.694,nan
19,1019,160,16100,39.2819,127.47,296.12,303.606,nan
19,1019,165,16600,39.2819,101.533,284.784,282.379,nan
19,1019,170,17100,39.2819,186.718,322.066,326.739,nan
19,1019,175,17600,39.2819,101.477,302.877,292.275,nan
19,1019,180,18100,39.2819,138.555,302.294,293.584,nan
19,1019,185,18600,39.2819,127.535,294.23,292.427,nan
19,1019,190,19100,39.2819,118.489,300.284,290.263,nan
19,1019,195,19600,39.2819,110.254,309.383,296.216,nan
19,1019,200,20100,39.2819,89.8128,290.9,280.519,nan
19,1019,205,20600,39.2819,106.512,293.599,285.727,nan
19,1019,210,21100,39.2819,109.263,288.979,290.677,nan
19,1019,215,21600,39.2819,95.0929,307.445,313.517,nan
19,1019,220,22100,39.2819,88.2257,291.379,279.86,nan
19,1019,225,22600,39.2819,113.134,311.787,309.818,nan
19,1019,230,23100,39.2819,102.719,291.47,289.215,nan
19,1019,235,23600,39.2819,113.116,307.298,305.536,nan
19,1019,240,24100,39.2819,157.971,319.298,311.508,nan
19,1019,245,24600,39.2819,57.9466,309.421,297.374,nan
19,1019,250,25100,39.2819,77.6237,291.971,294.144,nan
19,1019,255,25600,39.2819,107.517,306.975,301.012,nan
19,1019,260,26100,39.2819,106.695,289.61,281.72,nan
19,1019,265,26600,39.2819,48.9227,287.66,279.075,nan
19,1019,270,27100,39.2819,101.224,295.628,288.219,nan
19,1019,275,27600,39.2819,142.414,311.032,301.146,nan
19,1019,280,28100,39.2819,121.351,298.452,308.527,nan
19,1019,285,28600,39.2819,92.9234,303.421,296.821,nan
19,1019,290,29100,39.2819,114.619,298.087,308.164,nan
19,1019,295,29600,39.2819,114.445,312.776,309.728,nan
19,1019,300,30100,39.2819,128.618,282.755,277.593,nan
19,1019,305,30600,39.2819,91.9326,297.079,294.568,nan
19,1019,310,31100,39.2819,79.049,290.858,298.953,nan
19,1019,315,31600,39.2819,131.37,298.652,298.066,nan
19,1019,320,32100,39.2819,143.317,295.759,287.434,nan
19,1019,325,32600,39.2819,82.1472,295.161,286.782,nan
19,1019,330,33100,39.2819,99.9654,306.708,312.089,nan
19,1019,335,33600,39.2819,73.0558,283.523,282.966,nan
19,1019,340,34100,39.2819,114.484,292.951,285.24,nan
19,1019,345,34600,39.2819,131.718,295.669,299.368,nan
19,1019,350,35100,39.2819,131.465,293.38,281.397,nan
19,1019,355,35600,39.2819,93.9042,298.022,303.441,nan
19,1019,360,36100,39.2819,135.024,302.348,298.873,nan
19,1019,365,36600,39.2819,163.333,300.99,290.66,nan
19,1019,370,37100,39.2819,139.299,309.724,311.384,nan
19,1019,375,37600,39.2819,113.83,315.995,304.607,nan
19,1019,380,38100,39.2819,104.188,289.487,280.553,nan
19,1019,385,38600,39.2819,122.927,303.61,299.234,nan
19,1019,390,39100,39.2819,133.076,323.661,326.737,nan
19,1019,395,39600,39.2819,88.041,303.737,303.212,nan
19,1019,400,40100,39.2819,66.5581,281.649,281.757,nan
19,1019,405,40600,39.2819,123.484,297.539,300.364,nan
19,1019,410,41100,39.2819,99.6384,320.909,318.055,nan
19,1019,415,41600,39.2819,99.0216,308.423,312.201,nan
19,1019,420,42100,39.2819,50.3145,303.662,310.546,nan
19,1019,425,42600,39.2819,126.591,303.472,308.12,nan
19,1019,430,43100,39.2819,160.622,304.394,287.066,nan
19,1019,435,43600,39.2819,106.042,303.181,305.203,nan
19,1019,440,44100,39.2819,93.879,284.61,275.307,nan
19,1019,445,44600,39.2819,106.214,294.662,304.81,nan
19,1019,450,45100,39.2819,117.846,282.994,278.083,nan
19,1019,455,45600,39.2819,124.245,304.507,301.939,nan
19,1019,460,46100,39.2819,125.732,292.474,283.397,nan
19,1019,465,46600,39.2819,79.9199,294.428,292.66,nan
19,1019,470,47100,39.2819,150.403,313.553,315.471,nan
19,1019,475,47600,39.2819,77.1674,304.816,299.689,nan
19,1019,480,48100,39.2819,110.899,299.696,301.346,nan
19,1019,485,48600,39.2819,67.6458,299.502,296.286,nan
19,1019,490,49100,39.2819,130.598,300.648,297.747,nan
19,1019,495,49600,39.2819,94.2652,297.084,296.421,nan
19,1019,499,50000,39.2819,113.976,304.407,293.507,nan
